[2025-08-23 18:19:31] local.ERROR: SQLSTATE[HY000]: General error: 1 no such table: sessions (Connection: sqlite, SQL: select * from "sessions" where "id" = YjwFEpY3IVmH8cgIqBRt9SO1xVGAunzfNxx2f4NV limit 1) {"exception":"[object] (Illuminate\\Database\\QueryException(code: HY000): SQLSTATE[HY000]: General error: 1 no such table: sessions (Connection: sqlite, SQL: select * from \"sessions\" where \"id\" = YjwFEpY3IVmH8cgIqBRt9SO1xVGAunzfNxx2f4NV limit 1) at C:\\Users\\Stefan\\Desktop\\Iteh\\EbibliotekaV2\\vendor\\laravel\\framework\\src\\Illuminate\\Database\\Connection.php:824)
[stacktrace]
#0 C:\\Users\\Stefan\\Desktop\\Iteh\\EbibliotekaV2\\vendor\\laravel\\framework\\src\\Illuminate\\Database\\Connection.php(778): Illuminate\\Database\\Connection->runQueryCallback('select * from \"...', Array, Object(Closure))
#1 C:\\Users\\Stefan\\Desktop\\Iteh\\EbibliotekaV2\\vendor\\laravel\\framework\\src\\Illuminate\\Database\\Connection.php(397): Illuminate\\Database\\Connection->run('select * from \"...', Array, Object(Closure))
#2 C:\\Users\\Stefan\\Desktop\\Iteh\\EbibliotekaV2\\vendor\\laravel\\framework\\src\\Illuminate\\Database\\Query\\Builder.php(3188): Illuminate\\Database\\Connection->select('select * from \"...', Array, false)
#3 C:\\Users\\Stefan\\Desktop\\Iteh\\EbibliotekaV2\\vendor\\laravel\\framework\\src\\Illuminate\\Database\\Query\\Builder.php(3173): Illuminate\\Database\\Query\\Builder->runSelect()
#4 C:\\Users\\Stefan\\Desktop\\Iteh\\EbibliotekaV2\\vendor\\laravel\\framework\\src\\Illuminate\\Database\\Query\\Builder.php(3763): Illuminate\\Database\\Query\\Builder->Illuminate\\Database\\Query\\{closure}()
#5 C:\\Users\\Stefan\\Desktop\\Iteh\\EbibliotekaV2\\vendor\\laravel\\framework\\src\\Illuminate\\Database\\Query\\Builder.php(3172): Illuminate\\Database\\Query\\Builder->onceWithColumns(Array, Object(Closure))
#6 C:\\Users\\Stefan\\Desktop\\Iteh\\EbibliotekaV2\\vendor\\laravel\\framework\\src\\Illuminate\\Database\\Concerns\\BuildsQueries.php(366): Illuminate\\Database\\Query\\Builder->get(Array)
#7 C:\\Users\\Stefan\\Desktop\\Iteh\\EbibliotekaV2\\vendor\\laravel\\framework\\src\\Illuminate\\Database\\Query\\Builder.php(3095): Illuminate\\Database\\Query\\Builder->first(Array)
#8 C:\\Users\\Stefan\\Desktop\\Iteh\\EbibliotekaV2\\vendor\\laravel\\framework\\src\\Illuminate\\Session\\DatabaseSessionHandler.php(96): Illuminate\\Database\\Query\\Builder->find('YjwFEpY3IVmH8cg...')
#9 C:\\Users\\Stefan\\Desktop\\Iteh\\EbibliotekaV2\\vendor\\laravel\\framework\\src\\Illuminate\\Session\\Store.php(116): Illuminate\\Session\\DatabaseSessionHandler->read('YjwFEpY3IVmH8cg...')
#10 C:\\Users\\Stefan\\Desktop\\Iteh\\EbibliotekaV2\\vendor\\laravel\\framework\\src\\Illuminate\\Session\\Store.php(104): Illuminate\\Session\\Store->readFromHandler()
#11 C:\\Users\\Stefan\\Desktop\\Iteh\\EbibliotekaV2\\vendor\\laravel\\framework\\src\\Illuminate\\Session\\Store.php(88): Illuminate\\Session\\Store->loadSession()
#12 C:\\Users\\Stefan\\Desktop\\Iteh\\EbibliotekaV2\\vendor\\laravel\\framework\\src\\Illuminate\\Session\\Middleware\\StartSession.php(146): Illuminate\\Session\\Store->start()
#13 C:\\Users\\Stefan\\Desktop\\Iteh\\EbibliotekaV2\\vendor\\laravel\\framework\\src\\Illuminate\\Support\\helpers.php(399): Illuminate\\Session\\Middleware\\StartSession->Illuminate\\Session\\Middleware\\{closure}(Object(Illuminate\\Session\\Store))
#14 C:\\Users\\Stefan\\Desktop\\Iteh\\EbibliotekaV2\\vendor\\laravel\\framework\\src\\Illuminate\\Session\\Middleware\\StartSession.php(143): tap(Object(Illuminate\\Session\\Store), Object(Closure))
#15 C:\\Users\\Stefan\\Desktop\\Iteh\\EbibliotekaV2\\vendor\\laravel\\framework\\src\\Illuminate\\Session\\Middleware\\StartSession.php(115): Illuminate\\Session\\Middleware\\StartSession->startSession(Object(Illuminate\\Http\\Request), Object(Illuminate\\Session\\Store))
#16 C:\\Users\\Stefan\\Desktop\\Iteh\\EbibliotekaV2\\vendor\\laravel\\framework\\src\\Illuminate\\Session\\Middleware\\StartSession.php(63): Illuminate\\Session\\Middleware\\StartSession->handleStatefulRequest(Object(Illuminate\\Http\\Request), Object(Illuminate\\Session\\Store), Object(Closure))
#17 C:\\Users\\Stefan\\Desktop\\Iteh\\EbibliotekaV2\\vendor\\laravel\\framework\\src\\Illuminate\\Pipeline\\Pipeline.php(219): Illuminate\\Session\\Middleware\\StartSession->handle(Object(Illuminate\\Http\\Request), Object(Closure))
#18 C:\\Users\\Stefan\\Desktop\\Iteh\\EbibliotekaV2\\vendor\\laravel\\framework\\src\\Illuminate\\Cookie\\Middleware\\AddQueuedCookiesToResponse.php(36): Illuminate\\Pipeline\\Pipeline->Illuminate\\Pipeline\\{closure}(Object(Illuminate\\Http\\Request))
#19 C:\\Users\\Stefan\\Desktop\\Iteh\\EbibliotekaV2\\vendor\\laravel\\framework\\src\\Illuminate\\Pipeline\\Pipeline.php(219): Illuminate\\Cookie\\Middleware\\AddQueuedCookiesToResponse->handle(Object(Illuminate\\Http\\Request), Object(Closure))
#20 C:\\Users\\Stefan\\Desktop\\Iteh\\EbibliotekaV2\\vendor\\laravel\\framework\\src\\Illuminate\\Cookie\\Middleware\\EncryptCookies.php(74): Illuminate\\Pipeline\\Pipeline->Illuminate\\Pipeline\\{closure}(Object(Illuminate\\Http\\Request))
#21 C:\\Users\\Stefan\\Desktop\\Iteh\\EbibliotekaV2\\vendor\\laravel\\framework\\src\\Illuminate\\Pipeline\\Pipeline.php(219): Illuminate\\Cookie\\Middleware\\EncryptCookies->handle(Object(Illuminate\\Http\\Request), Object(Closure))
#22 C:\\Users\\Stefan\\Desktop\\Iteh\\EbibliotekaV2\\vendor\\laravel\\framework\\src\\Illuminate\\Pipeline\\Pipeline.php(137): Illuminate\\Pipeline\\Pipeline->Illuminate\\Pipeline\\{closure}(Object(Illuminate\\Http\\Request))
#23 C:\\Users\\Stefan\\Desktop\\Iteh\\EbibliotekaV2\\vendor\\laravel\\framework\\src\\Illuminate\\Routing\\Router.php(821): Illuminate\\Pipeline\\Pipeline->then(Object(Closure))
#24 C:\\Users\\Stefan\\Desktop\\Iteh\\EbibliotekaV2\\vendor\\laravel\\framework\\src\\Illuminate\\Routing\\Router.php(800): Illuminate\\Routing\\Router->runRouteWithinStack(Object(Illuminate\\Routing\\Route), Object(Illuminate\\Http\\Request))
#25 C:\\Users\\Stefan\\Desktop\\Iteh\\EbibliotekaV2\\vendor\\laravel\\framework\\src\\Illuminate\\Routing\\Router.php(764): Illuminate\\Routing\\Router->runRoute(Object(Illuminate\\Http\\Request), Object(Illuminate\\Routing\\Route))
#26 C:\\Users\\Stefan\\Desktop\\Iteh\\EbibliotekaV2\\vendor\\laravel\\framework\\src\\Illuminate\\Routing\\Router.php(753): Illuminate\\Routing\\Router->dispatchToRoute(Object(Illuminate\\Http\\Request))
#27 C:\\Users\\Stefan\\Desktop\\Iteh\\EbibliotekaV2\\vendor\\laravel\\framework\\src\\Illuminate\\Foundation\\Http\\Kernel.php(200): Illuminate\\Routing\\Router->dispatch(Object(Illuminate\\Http\\Request))
#28 C:\\Users\\Stefan\\Desktop\\Iteh\\EbibliotekaV2\\vendor\\laravel\\framework\\src\\Illuminate\\Pipeline\\Pipeline.php(180): Illuminate\\Foundation\\Http\\Kernel->Illuminate\\Foundation\\Http\\{closure}(Object(Illuminate\\Http\\Request))
#29 C:\\Users\\Stefan\\Desktop\\Iteh\\EbibliotekaV2\\vendor\\laravel\\framework\\src\\Illuminate\\Foundation\\Http\\Middleware\\TransformsRequest.php(21): Illuminate\\Pipeline\\Pipeline->Illuminate\\Pipeline\\{closure}(Object(Illuminate\\Http\\Request))
#30 C:\\Users\\Stefan\\Desktop\\Iteh\\EbibliotekaV2\\vendor\\laravel\\framework\\src\\Illuminate\\Foundation\\Http\\Middleware\\ConvertEmptyStringsToNull.php(31): Illuminate\\Foundation\\Http\\Middleware\\TransformsRequest->handle(Object(Illuminate\\Http\\Request), Object(Closure))
#31 C:\\Users\\Stefan\\Desktop\\Iteh\\EbibliotekaV2\\vendor\\laravel\\framework\\src\\Illuminate\\Pipeline\\Pipeline.php(219): Illuminate\\Foundation\\Http\\Middleware\\ConvertEmptyStringsToNull->handle(Object(Illuminate\\Http\\Request), Object(Closure))
#32 C:\\Users\\Stefan\\Desktop\\Iteh\\EbibliotekaV2\\vendor\\laravel\\framework\\src\\Illuminate\\Foundation\\Http\\Middleware\\TransformsRequest.php(21): Illuminate\\Pipeline\\Pipeline->Illuminate\\Pipeline\\{closure}(Object(Illuminate\\Http\\Request))
#33 C:\\Users\\Stefan\\Desktop\\Iteh\\EbibliotekaV2\\vendor\\laravel\\framework\\src\\Illuminate\\Foundation\\Http\\Middleware\\TrimStrings.php(51): Illuminate\\Foundation\\Http\\Middleware\\TransformsRequest->handle(Object(Illuminate\\Http\\Request), Object(Closure))
#34 C:\\Users\\Stefan\\Desktop\\Iteh\\EbibliotekaV2\\vendor\\laravel\\framework\\src\\Illuminate\\Pipeline\\Pipeline.php(219): Illuminate\\Foundation\\Http\\Middleware\\TrimStrings->handle(Object(Illuminate\\Http\\Request), Object(Closure))
#35 C:\\Users\\Stefan\\Desktop\\Iteh\\EbibliotekaV2\\vendor\\laravel\\framework\\src\\Illuminate\\Http\\Middleware\\ValidatePostSize.php(27): Illuminate\\Pipeline\\Pipeline->Illuminate\\Pipeline\\{closure}(Object(Illuminate\\Http\\Request))
#36 C:\\Users\\Stefan\\Desktop\\Iteh\\EbibliotekaV2\\vendor\\laravel\\framework\\src\\Illuminate\\Pipeline\\Pipeline.php(219): Illuminate\\Http\\Middleware\\ValidatePostSize->handle(Object(Illuminate\\Http\\Request), Object(Closure))
#37 C:\\Users\\Stefan\\Desktop\\Iteh\\EbibliotekaV2\\vendor\\laravel\\framework\\src\\Illuminate\\Foundation\\Http\\Middleware\\PreventRequestsDuringMaintenance.php(109): Illuminate\\Pipeline\\Pipeline->Illuminate\\Pipeline\\{closure}(Object(Illuminate\\Http\\Request))
#38 C:\\Users\\Stefan\\Desktop\\Iteh\\EbibliotekaV2\\vendor\\laravel\\framework\\src\\Illuminate\\Pipeline\\Pipeline.php(219): Illuminate\\Foundation\\Http\\Middleware\\PreventRequestsDuringMaintenance->handle(Object(Illuminate\\Http\\Request), Object(Closure))
#39 C:\\Users\\Stefan\\Desktop\\Iteh\\EbibliotekaV2\\vendor\\laravel\\framework\\src\\Illuminate\\Http\\Middleware\\HandleCors.php(48): Illuminate\\Pipeline\\Pipeline->Illuminate\\Pipeline\\{closure}(Object(Illuminate\\Http\\Request))
#40 C:\\Users\\Stefan\\Desktop\\Iteh\\EbibliotekaV2\\vendor\\laravel\\framework\\src\\Illuminate\\Pipeline\\Pipeline.php(219): Illuminate\\Http\\Middleware\\HandleCors->handle(Object(Illuminate\\Http\\Request), Object(Closure))
#41 C:\\Users\\Stefan\\Desktop\\Iteh\\EbibliotekaV2\\vendor\\laravel\\framework\\src\\Illuminate\\Http\\Middleware\\TrustProxies.php(58): Illuminate\\Pipeline\\Pipeline->Illuminate\\Pipeline\\{closure}(Object(Illuminate\\Http\\Request))
#42 C:\\Users\\Stefan\\Desktop\\Iteh\\EbibliotekaV2\\vendor\\laravel\\framework\\src\\Illuminate\\Pipeline\\Pipeline.php(219): Illuminate\\Http\\Middleware\\TrustProxies->handle(Object(Illuminate\\Http\\Request), Object(Closure))
#43 C:\\Users\\Stefan\\Desktop\\Iteh\\EbibliotekaV2\\vendor\\laravel\\framework\\src\\Illuminate\\Foundation\\Http\\Middleware\\InvokeDeferredCallbacks.php(22): Illuminate\\Pipeline\\Pipeline->Illuminate\\Pipeline\\{closure}(Object(Illuminate\\Http\\Request))
#44 C:\\Users\\Stefan\\Desktop\\Iteh\\EbibliotekaV2\\vendor\\laravel\\framework\\src\\Illuminate\\Pipeline\\Pipeline.php(219): Illuminate\\Foundation\\Http\\Middleware\\InvokeDeferredCallbacks->handle(Object(Illuminate\\Http\\Request), Object(Closure))
#45 C:\\Users\\Stefan\\Desktop\\Iteh\\EbibliotekaV2\\vendor\\laravel\\framework\\src\\Illuminate\\Http\\Middleware\\ValidatePathEncoding.php(26): Illuminate\\Pipeline\\Pipeline->Illuminate\\Pipeline\\{closure}(Object(Illuminate\\Http\\Request))
#46 C:\\Users\\Stefan\\Desktop\\Iteh\\EbibliotekaV2\\vendor\\laravel\\framework\\src\\Illuminate\\Pipeline\\Pipeline.php(219): Illuminate\\Http\\Middleware\\ValidatePathEncoding->handle(Object(Illuminate\\Http\\Request), Object(Closure))
#47 C:\\Users\\Stefan\\Desktop\\Iteh\\EbibliotekaV2\\vendor\\laravel\\framework\\src\\Illuminate\\Pipeline\\Pipeline.php(137): Illuminate\\Pipeline\\Pipeline->Illuminate\\Pipeline\\{closure}(Object(Illuminate\\Http\\Request))
#48 C:\\Users\\Stefan\\Desktop\\Iteh\\EbibliotekaV2\\vendor\\laravel\\framework\\src\\Illuminate\\Foundation\\Http\\Kernel.php(175): Illuminate\\Pipeline\\Pipeline->then(Object(Closure))
#49 C:\\Users\\Stefan\\Desktop\\Iteh\\EbibliotekaV2\\vendor\\laravel\\framework\\src\\Illuminate\\Foundation\\Http\\Kernel.php(144): Illuminate\\Foundation\\Http\\Kernel->sendRequestThroughRouter(Object(Illuminate\\Http\\Request))
#50 C:\\Users\\Stefan\\Desktop\\Iteh\\EbibliotekaV2\\vendor\\laravel\\framework\\src\\Illuminate\\Foundation\\Application.php(1219): Illuminate\\Foundation\\Http\\Kernel->handle(Object(Illuminate\\Http\\Request))
#51 C:\\Users\\Stefan\\Desktop\\Iteh\\EbibliotekaV2\\public\\index.php(20): Illuminate\\Foundation\\Application->handleRequest(Object(Illuminate\\Http\\Request))
#52 C:\\Users\\Stefan\\Desktop\\Iteh\\EbibliotekaV2\\vendor\\laravel\\framework\\src\\Illuminate\\Foundation\\resources\\server.php(23): require_once('C:\\\\Users\\\\Stefan...')
#53 {main}

[previous exception] [object] (PDOException(code: HY000): SQLSTATE[HY000]: General error: 1 no such table: sessions at C:\\Users\\Stefan\\Desktop\\Iteh\\EbibliotekaV2\\vendor\\laravel\\framework\\src\\Illuminate\\Database\\Connection.php:406)
[stacktrace]
#0 C:\\Users\\Stefan\\Desktop\\Iteh\\EbibliotekaV2\\vendor\\laravel\\framework\\src\\Illuminate\\Database\\Connection.php(406): PDO->prepare('select * from \"...')
#1 C:\\Users\\Stefan\\Desktop\\Iteh\\EbibliotekaV2\\vendor\\laravel\\framework\\src\\Illuminate\\Database\\Connection.php(811): Illuminate\\Database\\Connection->Illuminate\\Database\\{closure}('select * from \"...', Array)
#2 C:\\Users\\Stefan\\Desktop\\Iteh\\EbibliotekaV2\\vendor\\laravel\\framework\\src\\Illuminate\\Database\\Connection.php(778): Illuminate\\Database\\Connection->runQueryCallback('select * from \"...', Array, Object(Closure))
#3 C:\\Users\\Stefan\\Desktop\\Iteh\\EbibliotekaV2\\vendor\\laravel\\framework\\src\\Illuminate\\Database\\Connection.php(397): Illuminate\\Database\\Connection->run('select * from \"...', Array, Object(Closure))
#4 C:\\Users\\Stefan\\Desktop\\Iteh\\EbibliotekaV2\\vendor\\laravel\\framework\\src\\Illuminate\\Database\\Query\\Builder.php(3188): Illuminate\\Database\\Connection->select('select * from \"...', Array, false)
#5 C:\\Users\\Stefan\\Desktop\\Iteh\\EbibliotekaV2\\vendor\\laravel\\framework\\src\\Illuminate\\Database\\Query\\Builder.php(3173): Illuminate\\Database\\Query\\Builder->runSelect()
#6 C:\\Users\\Stefan\\Desktop\\Iteh\\EbibliotekaV2\\vendor\\laravel\\framework\\src\\Illuminate\\Database\\Query\\Builder.php(3763): Illuminate\\Database\\Query\\Builder->Illuminate\\Database\\Query\\{closure}()
#7 C:\\Users\\Stefan\\Desktop\\Iteh\\EbibliotekaV2\\vendor\\laravel\\framework\\src\\Illuminate\\Database\\Query\\Builder.php(3172): Illuminate\\Database\\Query\\Builder->onceWithColumns(Array, Object(Closure))
#8 C:\\Users\\Stefan\\Desktop\\Iteh\\EbibliotekaV2\\vendor\\laravel\\framework\\src\\Illuminate\\Database\\Concerns\\BuildsQueries.php(366): Illuminate\\Database\\Query\\Builder->get(Array)
#9 C:\\Users\\Stefan\\Desktop\\Iteh\\EbibliotekaV2\\vendor\\laravel\\framework\\src\\Illuminate\\Database\\Query\\Builder.php(3095): Illuminate\\Database\\Query\\Builder->first(Array)
#10 C:\\Users\\Stefan\\Desktop\\Iteh\\EbibliotekaV2\\vendor\\laravel\\framework\\src\\Illuminate\\Session\\DatabaseSessionHandler.php(96): Illuminate\\Database\\Query\\Builder->find('YjwFEpY3IVmH8cg...')
#11 C:\\Users\\Stefan\\Desktop\\Iteh\\EbibliotekaV2\\vendor\\laravel\\framework\\src\\Illuminate\\Session\\Store.php(116): Illuminate\\Session\\DatabaseSessionHandler->read('YjwFEpY3IVmH8cg...')
#12 C:\\Users\\Stefan\\Desktop\\Iteh\\EbibliotekaV2\\vendor\\laravel\\framework\\src\\Illuminate\\Session\\Store.php(104): Illuminate\\Session\\Store->readFromHandler()
#13 C:\\Users\\Stefan\\Desktop\\Iteh\\EbibliotekaV2\\vendor\\laravel\\framework\\src\\Illuminate\\Session\\Store.php(88): Illuminate\\Session\\Store->loadSession()
#14 C:\\Users\\Stefan\\Desktop\\Iteh\\EbibliotekaV2\\vendor\\laravel\\framework\\src\\Illuminate\\Session\\Middleware\\StartSession.php(146): Illuminate\\Session\\Store->start()
#15 C:\\Users\\Stefan\\Desktop\\Iteh\\EbibliotekaV2\\vendor\\laravel\\framework\\src\\Illuminate\\Support\\helpers.php(399): Illuminate\\Session\\Middleware\\StartSession->Illuminate\\Session\\Middleware\\{closure}(Object(Illuminate\\Session\\Store))
#16 C:\\Users\\Stefan\\Desktop\\Iteh\\EbibliotekaV2\\vendor\\laravel\\framework\\src\\Illuminate\\Session\\Middleware\\StartSession.php(143): tap(Object(Illuminate\\Session\\Store), Object(Closure))
#17 C:\\Users\\Stefan\\Desktop\\Iteh\\EbibliotekaV2\\vendor\\laravel\\framework\\src\\Illuminate\\Session\\Middleware\\StartSession.php(115): Illuminate\\Session\\Middleware\\StartSession->startSession(Object(Illuminate\\Http\\Request), Object(Illuminate\\Session\\Store))
#18 C:\\Users\\Stefan\\Desktop\\Iteh\\EbibliotekaV2\\vendor\\laravel\\framework\\src\\Illuminate\\Session\\Middleware\\StartSession.php(63): Illuminate\\Session\\Middleware\\StartSession->handleStatefulRequest(Object(Illuminate\\Http\\Request), Object(Illuminate\\Session\\Store), Object(Closure))
#19 C:\\Users\\Stefan\\Desktop\\Iteh\\EbibliotekaV2\\vendor\\laravel\\framework\\src\\Illuminate\\Pipeline\\Pipeline.php(219): Illuminate\\Session\\Middleware\\StartSession->handle(Object(Illuminate\\Http\\Request), Object(Closure))
#20 C:\\Users\\Stefan\\Desktop\\Iteh\\EbibliotekaV2\\vendor\\laravel\\framework\\src\\Illuminate\\Cookie\\Middleware\\AddQueuedCookiesToResponse.php(36): Illuminate\\Pipeline\\Pipeline->Illuminate\\Pipeline\\{closure}(Object(Illuminate\\Http\\Request))
#21 C:\\Users\\Stefan\\Desktop\\Iteh\\EbibliotekaV2\\vendor\\laravel\\framework\\src\\Illuminate\\Pipeline\\Pipeline.php(219): Illuminate\\Cookie\\Middleware\\AddQueuedCookiesToResponse->handle(Object(Illuminate\\Http\\Request), Object(Closure))
#22 C:\\Users\\Stefan\\Desktop\\Iteh\\EbibliotekaV2\\vendor\\laravel\\framework\\src\\Illuminate\\Cookie\\Middleware\\EncryptCookies.php(74): Illuminate\\Pipeline\\Pipeline->Illuminate\\Pipeline\\{closure}(Object(Illuminate\\Http\\Request))
#23 C:\\Users\\Stefan\\Desktop\\Iteh\\EbibliotekaV2\\vendor\\laravel\\framework\\src\\Illuminate\\Pipeline\\Pipeline.php(219): Illuminate\\Cookie\\Middleware\\EncryptCookies->handle(Object(Illuminate\\Http\\Request), Object(Closure))
#24 C:\\Users\\Stefan\\Desktop\\Iteh\\EbibliotekaV2\\vendor\\laravel\\framework\\src\\Illuminate\\Pipeline\\Pipeline.php(137): Illuminate\\Pipeline\\Pipeline->Illuminate\\Pipeline\\{closure}(Object(Illuminate\\Http\\Request))
#25 C:\\Users\\Stefan\\Desktop\\Iteh\\EbibliotekaV2\\vendor\\laravel\\framework\\src\\Illuminate\\Routing\\Router.php(821): Illuminate\\Pipeline\\Pipeline->then(Object(Closure))
#26 C:\\Users\\Stefan\\Desktop\\Iteh\\EbibliotekaV2\\vendor\\laravel\\framework\\src\\Illuminate\\Routing\\Router.php(800): Illuminate\\Routing\\Router->runRouteWithinStack(Object(Illuminate\\Routing\\Route), Object(Illuminate\\Http\\Request))
#27 C:\\Users\\Stefan\\Desktop\\Iteh\\EbibliotekaV2\\vendor\\laravel\\framework\\src\\Illuminate\\Routing\\Router.php(764): Illuminate\\Routing\\Router->runRoute(Object(Illuminate\\Http\\Request), Object(Illuminate\\Routing\\Route))
#28 C:\\Users\\Stefan\\Desktop\\Iteh\\EbibliotekaV2\\vendor\\laravel\\framework\\src\\Illuminate\\Routing\\Router.php(753): Illuminate\\Routing\\Router->dispatchToRoute(Object(Illuminate\\Http\\Request))
#29 C:\\Users\\Stefan\\Desktop\\Iteh\\EbibliotekaV2\\vendor\\laravel\\framework\\src\\Illuminate\\Foundation\\Http\\Kernel.php(200): Illuminate\\Routing\\Router->dispatch(Object(Illuminate\\Http\\Request))
#30 C:\\Users\\Stefan\\Desktop\\Iteh\\EbibliotekaV2\\vendor\\laravel\\framework\\src\\Illuminate\\Pipeline\\Pipeline.php(180): Illuminate\\Foundation\\Http\\Kernel->Illuminate\\Foundation\\Http\\{closure}(Object(Illuminate\\Http\\Request))
#31 C:\\Users\\Stefan\\Desktop\\Iteh\\EbibliotekaV2\\vendor\\laravel\\framework\\src\\Illuminate\\Foundation\\Http\\Middleware\\TransformsRequest.php(21): Illuminate\\Pipeline\\Pipeline->Illuminate\\Pipeline\\{closure}(Object(Illuminate\\Http\\Request))
#32 C:\\Users\\Stefan\\Desktop\\Iteh\\EbibliotekaV2\\vendor\\laravel\\framework\\src\\Illuminate\\Foundation\\Http\\Middleware\\ConvertEmptyStringsToNull.php(31): Illuminate\\Foundation\\Http\\Middleware\\TransformsRequest->handle(Object(Illuminate\\Http\\Request), Object(Closure))
#33 C:\\Users\\Stefan\\Desktop\\Iteh\\EbibliotekaV2\\vendor\\laravel\\framework\\src\\Illuminate\\Pipeline\\Pipeline.php(219): Illuminate\\Foundation\\Http\\Middleware\\ConvertEmptyStringsToNull->handle(Object(Illuminate\\Http\\Request), Object(Closure))
#34 C:\\Users\\Stefan\\Desktop\\Iteh\\EbibliotekaV2\\vendor\\laravel\\framework\\src\\Illuminate\\Foundation\\Http\\Middleware\\TransformsRequest.php(21): Illuminate\\Pipeline\\Pipeline->Illuminate\\Pipeline\\{closure}(Object(Illuminate\\Http\\Request))
#35 C:\\Users\\Stefan\\Desktop\\Iteh\\EbibliotekaV2\\vendor\\laravel\\framework\\src\\Illuminate\\Foundation\\Http\\Middleware\\TrimStrings.php(51): Illuminate\\Foundation\\Http\\Middleware\\TransformsRequest->handle(Object(Illuminate\\Http\\Request), Object(Closure))
#36 C:\\Users\\Stefan\\Desktop\\Iteh\\EbibliotekaV2\\vendor\\laravel\\framework\\src\\Illuminate\\Pipeline\\Pipeline.php(219): Illuminate\\Foundation\\Http\\Middleware\\TrimStrings->handle(Object(Illuminate\\Http\\Request), Object(Closure))
#37 C:\\Users\\Stefan\\Desktop\\Iteh\\EbibliotekaV2\\vendor\\laravel\\framework\\src\\Illuminate\\Http\\Middleware\\ValidatePostSize.php(27): Illuminate\\Pipeline\\Pipeline->Illuminate\\Pipeline\\{closure}(Object(Illuminate\\Http\\Request))
#38 C:\\Users\\Stefan\\Desktop\\Iteh\\EbibliotekaV2\\vendor\\laravel\\framework\\src\\Illuminate\\Pipeline\\Pipeline.php(219): Illuminate\\Http\\Middleware\\ValidatePostSize->handle(Object(Illuminate\\Http\\Request), Object(Closure))
#39 C:\\Users\\Stefan\\Desktop\\Iteh\\EbibliotekaV2\\vendor\\laravel\\framework\\src\\Illuminate\\Foundation\\Http\\Middleware\\PreventRequestsDuringMaintenance.php(109): Illuminate\\Pipeline\\Pipeline->Illuminate\\Pipeline\\{closure}(Object(Illuminate\\Http\\Request))
#40 C:\\Users\\Stefan\\Desktop\\Iteh\\EbibliotekaV2\\vendor\\laravel\\framework\\src\\Illuminate\\Pipeline\\Pipeline.php(219): Illuminate\\Foundation\\Http\\Middleware\\PreventRequestsDuringMaintenance->handle(Object(Illuminate\\Http\\Request), Object(Closure))
#41 C:\\Users\\Stefan\\Desktop\\Iteh\\EbibliotekaV2\\vendor\\laravel\\framework\\src\\Illuminate\\Http\\Middleware\\HandleCors.php(48): Illuminate\\Pipeline\\Pipeline->Illuminate\\Pipeline\\{closure}(Object(Illuminate\\Http\\Request))
#42 C:\\Users\\Stefan\\Desktop\\Iteh\\EbibliotekaV2\\vendor\\laravel\\framework\\src\\Illuminate\\Pipeline\\Pipeline.php(219): Illuminate\\Http\\Middleware\\HandleCors->handle(Object(Illuminate\\Http\\Request), Object(Closure))
#43 C:\\Users\\Stefan\\Desktop\\Iteh\\EbibliotekaV2\\vendor\\laravel\\framework\\src\\Illuminate\\Http\\Middleware\\TrustProxies.php(58): Illuminate\\Pipeline\\Pipeline->Illuminate\\Pipeline\\{closure}(Object(Illuminate\\Http\\Request))
#44 C:\\Users\\Stefan\\Desktop\\Iteh\\EbibliotekaV2\\vendor\\laravel\\framework\\src\\Illuminate\\Pipeline\\Pipeline.php(219): Illuminate\\Http\\Middleware\\TrustProxies->handle(Object(Illuminate\\Http\\Request), Object(Closure))
#45 C:\\Users\\Stefan\\Desktop\\Iteh\\EbibliotekaV2\\vendor\\laravel\\framework\\src\\Illuminate\\Foundation\\Http\\Middleware\\InvokeDeferredCallbacks.php(22): Illuminate\\Pipeline\\Pipeline->Illuminate\\Pipeline\\{closure}(Object(Illuminate\\Http\\Request))
#46 C:\\Users\\Stefan\\Desktop\\Iteh\\EbibliotekaV2\\vendor\\laravel\\framework\\src\\Illuminate\\Pipeline\\Pipeline.php(219): Illuminate\\Foundation\\Http\\Middleware\\InvokeDeferredCallbacks->handle(Object(Illuminate\\Http\\Request), Object(Closure))
#47 C:\\Users\\Stefan\\Desktop\\Iteh\\EbibliotekaV2\\vendor\\laravel\\framework\\src\\Illuminate\\Http\\Middleware\\ValidatePathEncoding.php(26): Illuminate\\Pipeline\\Pipeline->Illuminate\\Pipeline\\{closure}(Object(Illuminate\\Http\\Request))
#48 C:\\Users\\Stefan\\Desktop\\Iteh\\EbibliotekaV2\\vendor\\laravel\\framework\\src\\Illuminate\\Pipeline\\Pipeline.php(219): Illuminate\\Http\\Middleware\\ValidatePathEncoding->handle(Object(Illuminate\\Http\\Request), Object(Closure))
#49 C:\\Users\\Stefan\\Desktop\\Iteh\\EbibliotekaV2\\vendor\\laravel\\framework\\src\\Illuminate\\Pipeline\\Pipeline.php(137): Illuminate\\Pipeline\\Pipeline->Illuminate\\Pipeline\\{closure}(Object(Illuminate\\Http\\Request))
#50 C:\\Users\\Stefan\\Desktop\\Iteh\\EbibliotekaV2\\vendor\\laravel\\framework\\src\\Illuminate\\Foundation\\Http\\Kernel.php(175): Illuminate\\Pipeline\\Pipeline->then(Object(Closure))
#51 C:\\Users\\Stefan\\Desktop\\Iteh\\EbibliotekaV2\\vendor\\laravel\\framework\\src\\Illuminate\\Foundation\\Http\\Kernel.php(144): Illuminate\\Foundation\\Http\\Kernel->sendRequestThroughRouter(Object(Illuminate\\Http\\Request))
#52 C:\\Users\\Stefan\\Desktop\\Iteh\\EbibliotekaV2\\vendor\\laravel\\framework\\src\\Illuminate\\Foundation\\Application.php(1219): Illuminate\\Foundation\\Http\\Kernel->handle(Object(Illuminate\\Http\\Request))
#53 C:\\Users\\Stefan\\Desktop\\Iteh\\EbibliotekaV2\\public\\index.php(20): Illuminate\\Foundation\\Application->handleRequest(Object(Illuminate\\Http\\Request))
#54 C:\\Users\\Stefan\\Desktop\\Iteh\\EbibliotekaV2\\vendor\\laravel\\framework\\src\\Illuminate\\Foundation\\resources\\server.php(23): require_once('C:\\\\Users\\\\Stefan...')
#55 {main}
"} 
[2025-08-23 18:25:13] local.ERROR: SQLSTATE[42S02]: Base table or view not found: 1146 Table 'ebibliotekav2_baza.sessions' doesn't exist (Connection: mysql, SQL: select * from `sessions` where `id` = YjwFEpY3IVmH8cgIqBRt9SO1xVGAunzfNxx2f4NV limit 1) {"exception":"[object] (Illuminate\\Database\\QueryException(code: 42S02): SQLSTATE[42S02]: Base table or view not found: 1146 Table 'ebibliotekav2_baza.sessions' doesn't exist (Connection: mysql, SQL: select * from `sessions` where `id` = YjwFEpY3IVmH8cgIqBRt9SO1xVGAunzfNxx2f4NV limit 1) at C:\\Users\\Stefan\\Desktop\\Iteh\\EbibliotekaV2\\vendor\\laravel\\framework\\src\\Illuminate\\Database\\Connection.php:824)
[stacktrace]
#0 C:\\Users\\Stefan\\Desktop\\Iteh\\EbibliotekaV2\\vendor\\laravel\\framework\\src\\Illuminate\\Database\\Connection.php(778): Illuminate\\Database\\Connection->runQueryCallback('select * from `...', Array, Object(Closure))
#1 C:\\Users\\Stefan\\Desktop\\Iteh\\EbibliotekaV2\\vendor\\laravel\\framework\\src\\Illuminate\\Database\\Connection.php(397): Illuminate\\Database\\Connection->run('select * from `...', Array, Object(Closure))
#2 C:\\Users\\Stefan\\Desktop\\Iteh\\EbibliotekaV2\\vendor\\laravel\\framework\\src\\Illuminate\\Database\\Query\\Builder.php(3188): Illuminate\\Database\\Connection->select('select * from `...', Array, false)
#3 C:\\Users\\Stefan\\Desktop\\Iteh\\EbibliotekaV2\\vendor\\laravel\\framework\\src\\Illuminate\\Database\\Query\\Builder.php(3173): Illuminate\\Database\\Query\\Builder->runSelect()
#4 C:\\Users\\Stefan\\Desktop\\Iteh\\EbibliotekaV2\\vendor\\laravel\\framework\\src\\Illuminate\\Database\\Query\\Builder.php(3763): Illuminate\\Database\\Query\\Builder->Illuminate\\Database\\Query\\{closure}()
#5 C:\\Users\\Stefan\\Desktop\\Iteh\\EbibliotekaV2\\vendor\\laravel\\framework\\src\\Illuminate\\Database\\Query\\Builder.php(3172): Illuminate\\Database\\Query\\Builder->onceWithColumns(Array, Object(Closure))
#6 C:\\Users\\Stefan\\Desktop\\Iteh\\EbibliotekaV2\\vendor\\laravel\\framework\\src\\Illuminate\\Database\\Concerns\\BuildsQueries.php(366): Illuminate\\Database\\Query\\Builder->get(Array)
#7 C:\\Users\\Stefan\\Desktop\\Iteh\\EbibliotekaV2\\vendor\\laravel\\framework\\src\\Illuminate\\Database\\Query\\Builder.php(3095): Illuminate\\Database\\Query\\Builder->first(Array)
#8 C:\\Users\\Stefan\\Desktop\\Iteh\\EbibliotekaV2\\vendor\\laravel\\framework\\src\\Illuminate\\Session\\DatabaseSessionHandler.php(96): Illuminate\\Database\\Query\\Builder->find('YjwFEpY3IVmH8cg...')
#9 C:\\Users\\Stefan\\Desktop\\Iteh\\EbibliotekaV2\\vendor\\laravel\\framework\\src\\Illuminate\\Session\\Store.php(116): Illuminate\\Session\\DatabaseSessionHandler->read('YjwFEpY3IVmH8cg...')
#10 C:\\Users\\Stefan\\Desktop\\Iteh\\EbibliotekaV2\\vendor\\laravel\\framework\\src\\Illuminate\\Session\\Store.php(104): Illuminate\\Session\\Store->readFromHandler()
#11 C:\\Users\\Stefan\\Desktop\\Iteh\\EbibliotekaV2\\vendor\\laravel\\framework\\src\\Illuminate\\Session\\Store.php(88): Illuminate\\Session\\Store->loadSession()
#12 C:\\Users\\Stefan\\Desktop\\Iteh\\EbibliotekaV2\\vendor\\laravel\\framework\\src\\Illuminate\\Session\\Middleware\\StartSession.php(146): Illuminate\\Session\\Store->start()
#13 C:\\Users\\Stefan\\Desktop\\Iteh\\EbibliotekaV2\\vendor\\laravel\\framework\\src\\Illuminate\\Support\\helpers.php(399): Illuminate\\Session\\Middleware\\StartSession->Illuminate\\Session\\Middleware\\{closure}(Object(Illuminate\\Session\\Store))
#14 C:\\Users\\Stefan\\Desktop\\Iteh\\EbibliotekaV2\\vendor\\laravel\\framework\\src\\Illuminate\\Session\\Middleware\\StartSession.php(143): tap(Object(Illuminate\\Session\\Store), Object(Closure))
#15 C:\\Users\\Stefan\\Desktop\\Iteh\\EbibliotekaV2\\vendor\\laravel\\framework\\src\\Illuminate\\Session\\Middleware\\StartSession.php(115): Illuminate\\Session\\Middleware\\StartSession->startSession(Object(Illuminate\\Http\\Request), Object(Illuminate\\Session\\Store))
#16 C:\\Users\\Stefan\\Desktop\\Iteh\\EbibliotekaV2\\vendor\\laravel\\framework\\src\\Illuminate\\Session\\Middleware\\StartSession.php(63): Illuminate\\Session\\Middleware\\StartSession->handleStatefulRequest(Object(Illuminate\\Http\\Request), Object(Illuminate\\Session\\Store), Object(Closure))
#17 C:\\Users\\Stefan\\Desktop\\Iteh\\EbibliotekaV2\\vendor\\laravel\\framework\\src\\Illuminate\\Pipeline\\Pipeline.php(219): Illuminate\\Session\\Middleware\\StartSession->handle(Object(Illuminate\\Http\\Request), Object(Closure))
#18 C:\\Users\\Stefan\\Desktop\\Iteh\\EbibliotekaV2\\vendor\\laravel\\framework\\src\\Illuminate\\Cookie\\Middleware\\AddQueuedCookiesToResponse.php(36): Illuminate\\Pipeline\\Pipeline->Illuminate\\Pipeline\\{closure}(Object(Illuminate\\Http\\Request))
#19 C:\\Users\\Stefan\\Desktop\\Iteh\\EbibliotekaV2\\vendor\\laravel\\framework\\src\\Illuminate\\Pipeline\\Pipeline.php(219): Illuminate\\Cookie\\Middleware\\AddQueuedCookiesToResponse->handle(Object(Illuminate\\Http\\Request), Object(Closure))
#20 C:\\Users\\Stefan\\Desktop\\Iteh\\EbibliotekaV2\\vendor\\laravel\\framework\\src\\Illuminate\\Cookie\\Middleware\\EncryptCookies.php(74): Illuminate\\Pipeline\\Pipeline->Illuminate\\Pipeline\\{closure}(Object(Illuminate\\Http\\Request))
#21 C:\\Users\\Stefan\\Desktop\\Iteh\\EbibliotekaV2\\vendor\\laravel\\framework\\src\\Illuminate\\Pipeline\\Pipeline.php(219): Illuminate\\Cookie\\Middleware\\EncryptCookies->handle(Object(Illuminate\\Http\\Request), Object(Closure))
#22 C:\\Users\\Stefan\\Desktop\\Iteh\\EbibliotekaV2\\vendor\\laravel\\framework\\src\\Illuminate\\Pipeline\\Pipeline.php(137): Illuminate\\Pipeline\\Pipeline->Illuminate\\Pipeline\\{closure}(Object(Illuminate\\Http\\Request))
#23 C:\\Users\\Stefan\\Desktop\\Iteh\\EbibliotekaV2\\vendor\\laravel\\framework\\src\\Illuminate\\Routing\\Router.php(821): Illuminate\\Pipeline\\Pipeline->then(Object(Closure))
#24 C:\\Users\\Stefan\\Desktop\\Iteh\\EbibliotekaV2\\vendor\\laravel\\framework\\src\\Illuminate\\Routing\\Router.php(800): Illuminate\\Routing\\Router->runRouteWithinStack(Object(Illuminate\\Routing\\Route), Object(Illuminate\\Http\\Request))
#25 C:\\Users\\Stefan\\Desktop\\Iteh\\EbibliotekaV2\\vendor\\laravel\\framework\\src\\Illuminate\\Routing\\Router.php(764): Illuminate\\Routing\\Router->runRoute(Object(Illuminate\\Http\\Request), Object(Illuminate\\Routing\\Route))
#26 C:\\Users\\Stefan\\Desktop\\Iteh\\EbibliotekaV2\\vendor\\laravel\\framework\\src\\Illuminate\\Routing\\Router.php(753): Illuminate\\Routing\\Router->dispatchToRoute(Object(Illuminate\\Http\\Request))
#27 C:\\Users\\Stefan\\Desktop\\Iteh\\EbibliotekaV2\\vendor\\laravel\\framework\\src\\Illuminate\\Foundation\\Http\\Kernel.php(200): Illuminate\\Routing\\Router->dispatch(Object(Illuminate\\Http\\Request))
#28 C:\\Users\\Stefan\\Desktop\\Iteh\\EbibliotekaV2\\vendor\\laravel\\framework\\src\\Illuminate\\Pipeline\\Pipeline.php(180): Illuminate\\Foundation\\Http\\Kernel->Illuminate\\Foundation\\Http\\{closure}(Object(Illuminate\\Http\\Request))
#29 C:\\Users\\Stefan\\Desktop\\Iteh\\EbibliotekaV2\\vendor\\laravel\\framework\\src\\Illuminate\\Foundation\\Http\\Middleware\\TransformsRequest.php(21): Illuminate\\Pipeline\\Pipeline->Illuminate\\Pipeline\\{closure}(Object(Illuminate\\Http\\Request))
#30 C:\\Users\\Stefan\\Desktop\\Iteh\\EbibliotekaV2\\vendor\\laravel\\framework\\src\\Illuminate\\Foundation\\Http\\Middleware\\ConvertEmptyStringsToNull.php(31): Illuminate\\Foundation\\Http\\Middleware\\TransformsRequest->handle(Object(Illuminate\\Http\\Request), Object(Closure))
#31 C:\\Users\\Stefan\\Desktop\\Iteh\\EbibliotekaV2\\vendor\\laravel\\framework\\src\\Illuminate\\Pipeline\\Pipeline.php(219): Illuminate\\Foundation\\Http\\Middleware\\ConvertEmptyStringsToNull->handle(Object(Illuminate\\Http\\Request), Object(Closure))
#32 C:\\Users\\Stefan\\Desktop\\Iteh\\EbibliotekaV2\\vendor\\laravel\\framework\\src\\Illuminate\\Foundation\\Http\\Middleware\\TransformsRequest.php(21): Illuminate\\Pipeline\\Pipeline->Illuminate\\Pipeline\\{closure}(Object(Illuminate\\Http\\Request))
#33 C:\\Users\\Stefan\\Desktop\\Iteh\\EbibliotekaV2\\vendor\\laravel\\framework\\src\\Illuminate\\Foundation\\Http\\Middleware\\TrimStrings.php(51): Illuminate\\Foundation\\Http\\Middleware\\TransformsRequest->handle(Object(Illuminate\\Http\\Request), Object(Closure))
#34 C:\\Users\\Stefan\\Desktop\\Iteh\\EbibliotekaV2\\vendor\\laravel\\framework\\src\\Illuminate\\Pipeline\\Pipeline.php(219): Illuminate\\Foundation\\Http\\Middleware\\TrimStrings->handle(Object(Illuminate\\Http\\Request), Object(Closure))
#35 C:\\Users\\Stefan\\Desktop\\Iteh\\EbibliotekaV2\\vendor\\laravel\\framework\\src\\Illuminate\\Http\\Middleware\\ValidatePostSize.php(27): Illuminate\\Pipeline\\Pipeline->Illuminate\\Pipeline\\{closure}(Object(Illuminate\\Http\\Request))
#36 C:\\Users\\Stefan\\Desktop\\Iteh\\EbibliotekaV2\\vendor\\laravel\\framework\\src\\Illuminate\\Pipeline\\Pipeline.php(219): Illuminate\\Http\\Middleware\\ValidatePostSize->handle(Object(Illuminate\\Http\\Request), Object(Closure))
#37 C:\\Users\\Stefan\\Desktop\\Iteh\\EbibliotekaV2\\vendor\\laravel\\framework\\src\\Illuminate\\Foundation\\Http\\Middleware\\PreventRequestsDuringMaintenance.php(109): Illuminate\\Pipeline\\Pipeline->Illuminate\\Pipeline\\{closure}(Object(Illuminate\\Http\\Request))
#38 C:\\Users\\Stefan\\Desktop\\Iteh\\EbibliotekaV2\\vendor\\laravel\\framework\\src\\Illuminate\\Pipeline\\Pipeline.php(219): Illuminate\\Foundation\\Http\\Middleware\\PreventRequestsDuringMaintenance->handle(Object(Illuminate\\Http\\Request), Object(Closure))
#39 C:\\Users\\Stefan\\Desktop\\Iteh\\EbibliotekaV2\\vendor\\laravel\\framework\\src\\Illuminate\\Http\\Middleware\\HandleCors.php(48): Illuminate\\Pipeline\\Pipeline->Illuminate\\Pipeline\\{closure}(Object(Illuminate\\Http\\Request))
#40 C:\\Users\\Stefan\\Desktop\\Iteh\\EbibliotekaV2\\vendor\\laravel\\framework\\src\\Illuminate\\Pipeline\\Pipeline.php(219): Illuminate\\Http\\Middleware\\HandleCors->handle(Object(Illuminate\\Http\\Request), Object(Closure))
#41 C:\\Users\\Stefan\\Desktop\\Iteh\\EbibliotekaV2\\vendor\\laravel\\framework\\src\\Illuminate\\Http\\Middleware\\TrustProxies.php(58): Illuminate\\Pipeline\\Pipeline->Illuminate\\Pipeline\\{closure}(Object(Illuminate\\Http\\Request))
#42 C:\\Users\\Stefan\\Desktop\\Iteh\\EbibliotekaV2\\vendor\\laravel\\framework\\src\\Illuminate\\Pipeline\\Pipeline.php(219): Illuminate\\Http\\Middleware\\TrustProxies->handle(Object(Illuminate\\Http\\Request), Object(Closure))
#43 C:\\Users\\Stefan\\Desktop\\Iteh\\EbibliotekaV2\\vendor\\laravel\\framework\\src\\Illuminate\\Foundation\\Http\\Middleware\\InvokeDeferredCallbacks.php(22): Illuminate\\Pipeline\\Pipeline->Illuminate\\Pipeline\\{closure}(Object(Illuminate\\Http\\Request))
#44 C:\\Users\\Stefan\\Desktop\\Iteh\\EbibliotekaV2\\vendor\\laravel\\framework\\src\\Illuminate\\Pipeline\\Pipeline.php(219): Illuminate\\Foundation\\Http\\Middleware\\InvokeDeferredCallbacks->handle(Object(Illuminate\\Http\\Request), Object(Closure))
#45 C:\\Users\\Stefan\\Desktop\\Iteh\\EbibliotekaV2\\vendor\\laravel\\framework\\src\\Illuminate\\Http\\Middleware\\ValidatePathEncoding.php(26): Illuminate\\Pipeline\\Pipeline->Illuminate\\Pipeline\\{closure}(Object(Illuminate\\Http\\Request))
#46 C:\\Users\\Stefan\\Desktop\\Iteh\\EbibliotekaV2\\vendor\\laravel\\framework\\src\\Illuminate\\Pipeline\\Pipeline.php(219): Illuminate\\Http\\Middleware\\ValidatePathEncoding->handle(Object(Illuminate\\Http\\Request), Object(Closure))
#47 C:\\Users\\Stefan\\Desktop\\Iteh\\EbibliotekaV2\\vendor\\laravel\\framework\\src\\Illuminate\\Pipeline\\Pipeline.php(137): Illuminate\\Pipeline\\Pipeline->Illuminate\\Pipeline\\{closure}(Object(Illuminate\\Http\\Request))
#48 C:\\Users\\Stefan\\Desktop\\Iteh\\EbibliotekaV2\\vendor\\laravel\\framework\\src\\Illuminate\\Foundation\\Http\\Kernel.php(175): Illuminate\\Pipeline\\Pipeline->then(Object(Closure))
#49 C:\\Users\\Stefan\\Desktop\\Iteh\\EbibliotekaV2\\vendor\\laravel\\framework\\src\\Illuminate\\Foundation\\Http\\Kernel.php(144): Illuminate\\Foundation\\Http\\Kernel->sendRequestThroughRouter(Object(Illuminate\\Http\\Request))
#50 C:\\Users\\Stefan\\Desktop\\Iteh\\EbibliotekaV2\\vendor\\laravel\\framework\\src\\Illuminate\\Foundation\\Application.php(1219): Illuminate\\Foundation\\Http\\Kernel->handle(Object(Illuminate\\Http\\Request))
#51 C:\\Users\\Stefan\\Desktop\\Iteh\\EbibliotekaV2\\public\\index.php(20): Illuminate\\Foundation\\Application->handleRequest(Object(Illuminate\\Http\\Request))
#52 C:\\Users\\Stefan\\Desktop\\Iteh\\EbibliotekaV2\\vendor\\laravel\\framework\\src\\Illuminate\\Foundation\\resources\\server.php(23): require_once('C:\\\\Users\\\\Stefan...')
#53 {main}

[previous exception] [object] (PDOException(code: 42S02): SQLSTATE[42S02]: Base table or view not found: 1146 Table 'ebibliotekav2_baza.sessions' doesn't exist at C:\\Users\\Stefan\\Desktop\\Iteh\\EbibliotekaV2\\vendor\\laravel\\framework\\src\\Illuminate\\Database\\Connection.php:406)
[stacktrace]
#0 C:\\Users\\Stefan\\Desktop\\Iteh\\EbibliotekaV2\\vendor\\laravel\\framework\\src\\Illuminate\\Database\\Connection.php(406): PDO->prepare('select * from `...')
#1 C:\\Users\\Stefan\\Desktop\\Iteh\\EbibliotekaV2\\vendor\\laravel\\framework\\src\\Illuminate\\Database\\Connection.php(811): Illuminate\\Database\\Connection->Illuminate\\Database\\{closure}('select * from `...', Array)
#2 C:\\Users\\Stefan\\Desktop\\Iteh\\EbibliotekaV2\\vendor\\laravel\\framework\\src\\Illuminate\\Database\\Connection.php(778): Illuminate\\Database\\Connection->runQueryCallback('select * from `...', Array, Object(Closure))
#3 C:\\Users\\Stefan\\Desktop\\Iteh\\EbibliotekaV2\\vendor\\laravel\\framework\\src\\Illuminate\\Database\\Connection.php(397): Illuminate\\Database\\Connection->run('select * from `...', Array, Object(Closure))
#4 C:\\Users\\Stefan\\Desktop\\Iteh\\EbibliotekaV2\\vendor\\laravel\\framework\\src\\Illuminate\\Database\\Query\\Builder.php(3188): Illuminate\\Database\\Connection->select('select * from `...', Array, false)
#5 C:\\Users\\Stefan\\Desktop\\Iteh\\EbibliotekaV2\\vendor\\laravel\\framework\\src\\Illuminate\\Database\\Query\\Builder.php(3173): Illuminate\\Database\\Query\\Builder->runSelect()
#6 C:\\Users\\Stefan\\Desktop\\Iteh\\EbibliotekaV2\\vendor\\laravel\\framework\\src\\Illuminate\\Database\\Query\\Builder.php(3763): Illuminate\\Database\\Query\\Builder->Illuminate\\Database\\Query\\{closure}()
#7 C:\\Users\\Stefan\\Desktop\\Iteh\\EbibliotekaV2\\vendor\\laravel\\framework\\src\\Illuminate\\Database\\Query\\Builder.php(3172): Illuminate\\Database\\Query\\Builder->onceWithColumns(Array, Object(Closure))
#8 C:\\Users\\Stefan\\Desktop\\Iteh\\EbibliotekaV2\\vendor\\laravel\\framework\\src\\Illuminate\\Database\\Concerns\\BuildsQueries.php(366): Illuminate\\Database\\Query\\Builder->get(Array)
#9 C:\\Users\\Stefan\\Desktop\\Iteh\\EbibliotekaV2\\vendor\\laravel\\framework\\src\\Illuminate\\Database\\Query\\Builder.php(3095): Illuminate\\Database\\Query\\Builder->first(Array)
#10 C:\\Users\\Stefan\\Desktop\\Iteh\\EbibliotekaV2\\vendor\\laravel\\framework\\src\\Illuminate\\Session\\DatabaseSessionHandler.php(96): Illuminate\\Database\\Query\\Builder->find('YjwFEpY3IVmH8cg...')
#11 C:\\Users\\Stefan\\Desktop\\Iteh\\EbibliotekaV2\\vendor\\laravel\\framework\\src\\Illuminate\\Session\\Store.php(116): Illuminate\\Session\\DatabaseSessionHandler->read('YjwFEpY3IVmH8cg...')
#12 C:\\Users\\Stefan\\Desktop\\Iteh\\EbibliotekaV2\\vendor\\laravel\\framework\\src\\Illuminate\\Session\\Store.php(104): Illuminate\\Session\\Store->readFromHandler()
#13 C:\\Users\\Stefan\\Desktop\\Iteh\\EbibliotekaV2\\vendor\\laravel\\framework\\src\\Illuminate\\Session\\Store.php(88): Illuminate\\Session\\Store->loadSession()
#14 C:\\Users\\Stefan\\Desktop\\Iteh\\EbibliotekaV2\\vendor\\laravel\\framework\\src\\Illuminate\\Session\\Middleware\\StartSession.php(146): Illuminate\\Session\\Store->start()
#15 C:\\Users\\Stefan\\Desktop\\Iteh\\EbibliotekaV2\\vendor\\laravel\\framework\\src\\Illuminate\\Support\\helpers.php(399): Illuminate\\Session\\Middleware\\StartSession->Illuminate\\Session\\Middleware\\{closure}(Object(Illuminate\\Session\\Store))
#16 C:\\Users\\Stefan\\Desktop\\Iteh\\EbibliotekaV2\\vendor\\laravel\\framework\\src\\Illuminate\\Session\\Middleware\\StartSession.php(143): tap(Object(Illuminate\\Session\\Store), Object(Closure))
#17 C:\\Users\\Stefan\\Desktop\\Iteh\\EbibliotekaV2\\vendor\\laravel\\framework\\src\\Illuminate\\Session\\Middleware\\StartSession.php(115): Illuminate\\Session\\Middleware\\StartSession->startSession(Object(Illuminate\\Http\\Request), Object(Illuminate\\Session\\Store))
#18 C:\\Users\\Stefan\\Desktop\\Iteh\\EbibliotekaV2\\vendor\\laravel\\framework\\src\\Illuminate\\Session\\Middleware\\StartSession.php(63): Illuminate\\Session\\Middleware\\StartSession->handleStatefulRequest(Object(Illuminate\\Http\\Request), Object(Illuminate\\Session\\Store), Object(Closure))
#19 C:\\Users\\Stefan\\Desktop\\Iteh\\EbibliotekaV2\\vendor\\laravel\\framework\\src\\Illuminate\\Pipeline\\Pipeline.php(219): Illuminate\\Session\\Middleware\\StartSession->handle(Object(Illuminate\\Http\\Request), Object(Closure))
#20 C:\\Users\\Stefan\\Desktop\\Iteh\\EbibliotekaV2\\vendor\\laravel\\framework\\src\\Illuminate\\Cookie\\Middleware\\AddQueuedCookiesToResponse.php(36): Illuminate\\Pipeline\\Pipeline->Illuminate\\Pipeline\\{closure}(Object(Illuminate\\Http\\Request))
#21 C:\\Users\\Stefan\\Desktop\\Iteh\\EbibliotekaV2\\vendor\\laravel\\framework\\src\\Illuminate\\Pipeline\\Pipeline.php(219): Illuminate\\Cookie\\Middleware\\AddQueuedCookiesToResponse->handle(Object(Illuminate\\Http\\Request), Object(Closure))
#22 C:\\Users\\Stefan\\Desktop\\Iteh\\EbibliotekaV2\\vendor\\laravel\\framework\\src\\Illuminate\\Cookie\\Middleware\\EncryptCookies.php(74): Illuminate\\Pipeline\\Pipeline->Illuminate\\Pipeline\\{closure}(Object(Illuminate\\Http\\Request))
#23 C:\\Users\\Stefan\\Desktop\\Iteh\\EbibliotekaV2\\vendor\\laravel\\framework\\src\\Illuminate\\Pipeline\\Pipeline.php(219): Illuminate\\Cookie\\Middleware\\EncryptCookies->handle(Object(Illuminate\\Http\\Request), Object(Closure))
#24 C:\\Users\\Stefan\\Desktop\\Iteh\\EbibliotekaV2\\vendor\\laravel\\framework\\src\\Illuminate\\Pipeline\\Pipeline.php(137): Illuminate\\Pipeline\\Pipeline->Illuminate\\Pipeline\\{closure}(Object(Illuminate\\Http\\Request))
#25 C:\\Users\\Stefan\\Desktop\\Iteh\\EbibliotekaV2\\vendor\\laravel\\framework\\src\\Illuminate\\Routing\\Router.php(821): Illuminate\\Pipeline\\Pipeline->then(Object(Closure))
#26 C:\\Users\\Stefan\\Desktop\\Iteh\\EbibliotekaV2\\vendor\\laravel\\framework\\src\\Illuminate\\Routing\\Router.php(800): Illuminate\\Routing\\Router->runRouteWithinStack(Object(Illuminate\\Routing\\Route), Object(Illuminate\\Http\\Request))
#27 C:\\Users\\Stefan\\Desktop\\Iteh\\EbibliotekaV2\\vendor\\laravel\\framework\\src\\Illuminate\\Routing\\Router.php(764): Illuminate\\Routing\\Router->runRoute(Object(Illuminate\\Http\\Request), Object(Illuminate\\Routing\\Route))
#28 C:\\Users\\Stefan\\Desktop\\Iteh\\EbibliotekaV2\\vendor\\laravel\\framework\\src\\Illuminate\\Routing\\Router.php(753): Illuminate\\Routing\\Router->dispatchToRoute(Object(Illuminate\\Http\\Request))
#29 C:\\Users\\Stefan\\Desktop\\Iteh\\EbibliotekaV2\\vendor\\laravel\\framework\\src\\Illuminate\\Foundation\\Http\\Kernel.php(200): Illuminate\\Routing\\Router->dispatch(Object(Illuminate\\Http\\Request))
#30 C:\\Users\\Stefan\\Desktop\\Iteh\\EbibliotekaV2\\vendor\\laravel\\framework\\src\\Illuminate\\Pipeline\\Pipeline.php(180): Illuminate\\Foundation\\Http\\Kernel->Illuminate\\Foundation\\Http\\{closure}(Object(Illuminate\\Http\\Request))
#31 C:\\Users\\Stefan\\Desktop\\Iteh\\EbibliotekaV2\\vendor\\laravel\\framework\\src\\Illuminate\\Foundation\\Http\\Middleware\\TransformsRequest.php(21): Illuminate\\Pipeline\\Pipeline->Illuminate\\Pipeline\\{closure}(Object(Illuminate\\Http\\Request))
#32 C:\\Users\\Stefan\\Desktop\\Iteh\\EbibliotekaV2\\vendor\\laravel\\framework\\src\\Illuminate\\Foundation\\Http\\Middleware\\ConvertEmptyStringsToNull.php(31): Illuminate\\Foundation\\Http\\Middleware\\TransformsRequest->handle(Object(Illuminate\\Http\\Request), Object(Closure))
#33 C:\\Users\\Stefan\\Desktop\\Iteh\\EbibliotekaV2\\vendor\\laravel\\framework\\src\\Illuminate\\Pipeline\\Pipeline.php(219): Illuminate\\Foundation\\Http\\Middleware\\ConvertEmptyStringsToNull->handle(Object(Illuminate\\Http\\Request), Object(Closure))
#34 C:\\Users\\Stefan\\Desktop\\Iteh\\EbibliotekaV2\\vendor\\laravel\\framework\\src\\Illuminate\\Foundation\\Http\\Middleware\\TransformsRequest.php(21): Illuminate\\Pipeline\\Pipeline->Illuminate\\Pipeline\\{closure}(Object(Illuminate\\Http\\Request))
#35 C:\\Users\\Stefan\\Desktop\\Iteh\\EbibliotekaV2\\vendor\\laravel\\framework\\src\\Illuminate\\Foundation\\Http\\Middleware\\TrimStrings.php(51): Illuminate\\Foundation\\Http\\Middleware\\TransformsRequest->handle(Object(Illuminate\\Http\\Request), Object(Closure))
#36 C:\\Users\\Stefan\\Desktop\\Iteh\\EbibliotekaV2\\vendor\\laravel\\framework\\src\\Illuminate\\Pipeline\\Pipeline.php(219): Illuminate\\Foundation\\Http\\Middleware\\TrimStrings->handle(Object(Illuminate\\Http\\Request), Object(Closure))
#37 C:\\Users\\Stefan\\Desktop\\Iteh\\EbibliotekaV2\\vendor\\laravel\\framework\\src\\Illuminate\\Http\\Middleware\\ValidatePostSize.php(27): Illuminate\\Pipeline\\Pipeline->Illuminate\\Pipeline\\{closure}(Object(Illuminate\\Http\\Request))
#38 C:\\Users\\Stefan\\Desktop\\Iteh\\EbibliotekaV2\\vendor\\laravel\\framework\\src\\Illuminate\\Pipeline\\Pipeline.php(219): Illuminate\\Http\\Middleware\\ValidatePostSize->handle(Object(Illuminate\\Http\\Request), Object(Closure))
#39 C:\\Users\\Stefan\\Desktop\\Iteh\\EbibliotekaV2\\vendor\\laravel\\framework\\src\\Illuminate\\Foundation\\Http\\Middleware\\PreventRequestsDuringMaintenance.php(109): Illuminate\\Pipeline\\Pipeline->Illuminate\\Pipeline\\{closure}(Object(Illuminate\\Http\\Request))
#40 C:\\Users\\Stefan\\Desktop\\Iteh\\EbibliotekaV2\\vendor\\laravel\\framework\\src\\Illuminate\\Pipeline\\Pipeline.php(219): Illuminate\\Foundation\\Http\\Middleware\\PreventRequestsDuringMaintenance->handle(Object(Illuminate\\Http\\Request), Object(Closure))
#41 C:\\Users\\Stefan\\Desktop\\Iteh\\EbibliotekaV2\\vendor\\laravel\\framework\\src\\Illuminate\\Http\\Middleware\\HandleCors.php(48): Illuminate\\Pipeline\\Pipeline->Illuminate\\Pipeline\\{closure}(Object(Illuminate\\Http\\Request))
#42 C:\\Users\\Stefan\\Desktop\\Iteh\\EbibliotekaV2\\vendor\\laravel\\framework\\src\\Illuminate\\Pipeline\\Pipeline.php(219): Illuminate\\Http\\Middleware\\HandleCors->handle(Object(Illuminate\\Http\\Request), Object(Closure))
#43 C:\\Users\\Stefan\\Desktop\\Iteh\\EbibliotekaV2\\vendor\\laravel\\framework\\src\\Illuminate\\Http\\Middleware\\TrustProxies.php(58): Illuminate\\Pipeline\\Pipeline->Illuminate\\Pipeline\\{closure}(Object(Illuminate\\Http\\Request))
#44 C:\\Users\\Stefan\\Desktop\\Iteh\\EbibliotekaV2\\vendor\\laravel\\framework\\src\\Illuminate\\Pipeline\\Pipeline.php(219): Illuminate\\Http\\Middleware\\TrustProxies->handle(Object(Illuminate\\Http\\Request), Object(Closure))
#45 C:\\Users\\Stefan\\Desktop\\Iteh\\EbibliotekaV2\\vendor\\laravel\\framework\\src\\Illuminate\\Foundation\\Http\\Middleware\\InvokeDeferredCallbacks.php(22): Illuminate\\Pipeline\\Pipeline->Illuminate\\Pipeline\\{closure}(Object(Illuminate\\Http\\Request))
#46 C:\\Users\\Stefan\\Desktop\\Iteh\\EbibliotekaV2\\vendor\\laravel\\framework\\src\\Illuminate\\Pipeline\\Pipeline.php(219): Illuminate\\Foundation\\Http\\Middleware\\InvokeDeferredCallbacks->handle(Object(Illuminate\\Http\\Request), Object(Closure))
#47 C:\\Users\\Stefan\\Desktop\\Iteh\\EbibliotekaV2\\vendor\\laravel\\framework\\src\\Illuminate\\Http\\Middleware\\ValidatePathEncoding.php(26): Illuminate\\Pipeline\\Pipeline->Illuminate\\Pipeline\\{closure}(Object(Illuminate\\Http\\Request))
#48 C:\\Users\\Stefan\\Desktop\\Iteh\\EbibliotekaV2\\vendor\\laravel\\framework\\src\\Illuminate\\Pipeline\\Pipeline.php(219): Illuminate\\Http\\Middleware\\ValidatePathEncoding->handle(Object(Illuminate\\Http\\Request), Object(Closure))
#49 C:\\Users\\Stefan\\Desktop\\Iteh\\EbibliotekaV2\\vendor\\laravel\\framework\\src\\Illuminate\\Pipeline\\Pipeline.php(137): Illuminate\\Pipeline\\Pipeline->Illuminate\\Pipeline\\{closure}(Object(Illuminate\\Http\\Request))
#50 C:\\Users\\Stefan\\Desktop\\Iteh\\EbibliotekaV2\\vendor\\laravel\\framework\\src\\Illuminate\\Foundation\\Http\\Kernel.php(175): Illuminate\\Pipeline\\Pipeline->then(Object(Closure))
#51 C:\\Users\\Stefan\\Desktop\\Iteh\\EbibliotekaV2\\vendor\\laravel\\framework\\src\\Illuminate\\Foundation\\Http\\Kernel.php(144): Illuminate\\Foundation\\Http\\Kernel->sendRequestThroughRouter(Object(Illuminate\\Http\\Request))
#52 C:\\Users\\Stefan\\Desktop\\Iteh\\EbibliotekaV2\\vendor\\laravel\\framework\\src\\Illuminate\\Foundation\\Application.php(1219): Illuminate\\Foundation\\Http\\Kernel->handle(Object(Illuminate\\Http\\Request))
#53 C:\\Users\\Stefan\\Desktop\\Iteh\\EbibliotekaV2\\public\\index.php(20): Illuminate\\Foundation\\Application->handleRequest(Object(Illuminate\\Http\\Request))
#54 C:\\Users\\Stefan\\Desktop\\Iteh\\EbibliotekaV2\\vendor\\laravel\\framework\\src\\Illuminate\\Foundation\\resources\\server.php(23): require_once('C:\\\\Users\\\\Stefan...')
#55 {main}
"} 
[2025-08-23 18:25:16] local.ERROR: SQLSTATE[42S02]: Base table or view not found: 1146 Table 'ebibliotekav2_baza.sessions' doesn't exist (Connection: mysql, SQL: select * from `sessions` where `id` = YjwFEpY3IVmH8cgIqBRt9SO1xVGAunzfNxx2f4NV limit 1) {"exception":"[object] (Illuminate\\Database\\QueryException(code: 42S02): SQLSTATE[42S02]: Base table or view not found: 1146 Table 'ebibliotekav2_baza.sessions' doesn't exist (Connection: mysql, SQL: select * from `sessions` where `id` = YjwFEpY3IVmH8cgIqBRt9SO1xVGAunzfNxx2f4NV limit 1) at C:\\Users\\Stefan\\Desktop\\Iteh\\EbibliotekaV2\\vendor\\laravel\\framework\\src\\Illuminate\\Database\\Connection.php:824)
[stacktrace]
#0 C:\\Users\\Stefan\\Desktop\\Iteh\\EbibliotekaV2\\vendor\\laravel\\framework\\src\\Illuminate\\Database\\Connection.php(778): Illuminate\\Database\\Connection->runQueryCallback('select * from `...', Array, Object(Closure))
#1 C:\\Users\\Stefan\\Desktop\\Iteh\\EbibliotekaV2\\vendor\\laravel\\framework\\src\\Illuminate\\Database\\Connection.php(397): Illuminate\\Database\\Connection->run('select * from `...', Array, Object(Closure))
#2 C:\\Users\\Stefan\\Desktop\\Iteh\\EbibliotekaV2\\vendor\\laravel\\framework\\src\\Illuminate\\Database\\Query\\Builder.php(3188): Illuminate\\Database\\Connection->select('select * from `...', Array, false)
#3 C:\\Users\\Stefan\\Desktop\\Iteh\\EbibliotekaV2\\vendor\\laravel\\framework\\src\\Illuminate\\Database\\Query\\Builder.php(3173): Illuminate\\Database\\Query\\Builder->runSelect()
#4 C:\\Users\\Stefan\\Desktop\\Iteh\\EbibliotekaV2\\vendor\\laravel\\framework\\src\\Illuminate\\Database\\Query\\Builder.php(3763): Illuminate\\Database\\Query\\Builder->Illuminate\\Database\\Query\\{closure}()
#5 C:\\Users\\Stefan\\Desktop\\Iteh\\EbibliotekaV2\\vendor\\laravel\\framework\\src\\Illuminate\\Database\\Query\\Builder.php(3172): Illuminate\\Database\\Query\\Builder->onceWithColumns(Array, Object(Closure))
#6 C:\\Users\\Stefan\\Desktop\\Iteh\\EbibliotekaV2\\vendor\\laravel\\framework\\src\\Illuminate\\Database\\Concerns\\BuildsQueries.php(366): Illuminate\\Database\\Query\\Builder->get(Array)
#7 C:\\Users\\Stefan\\Desktop\\Iteh\\EbibliotekaV2\\vendor\\laravel\\framework\\src\\Illuminate\\Database\\Query\\Builder.php(3095): Illuminate\\Database\\Query\\Builder->first(Array)
#8 C:\\Users\\Stefan\\Desktop\\Iteh\\EbibliotekaV2\\vendor\\laravel\\framework\\src\\Illuminate\\Session\\DatabaseSessionHandler.php(96): Illuminate\\Database\\Query\\Builder->find('YjwFEpY3IVmH8cg...')
#9 C:\\Users\\Stefan\\Desktop\\Iteh\\EbibliotekaV2\\vendor\\laravel\\framework\\src\\Illuminate\\Session\\Store.php(116): Illuminate\\Session\\DatabaseSessionHandler->read('YjwFEpY3IVmH8cg...')
#10 C:\\Users\\Stefan\\Desktop\\Iteh\\EbibliotekaV2\\vendor\\laravel\\framework\\src\\Illuminate\\Session\\Store.php(104): Illuminate\\Session\\Store->readFromHandler()
#11 C:\\Users\\Stefan\\Desktop\\Iteh\\EbibliotekaV2\\vendor\\laravel\\framework\\src\\Illuminate\\Session\\Store.php(88): Illuminate\\Session\\Store->loadSession()
#12 C:\\Users\\Stefan\\Desktop\\Iteh\\EbibliotekaV2\\vendor\\laravel\\framework\\src\\Illuminate\\Session\\Middleware\\StartSession.php(146): Illuminate\\Session\\Store->start()
#13 C:\\Users\\Stefan\\Desktop\\Iteh\\EbibliotekaV2\\vendor\\laravel\\framework\\src\\Illuminate\\Support\\helpers.php(399): Illuminate\\Session\\Middleware\\StartSession->Illuminate\\Session\\Middleware\\{closure}(Object(Illuminate\\Session\\Store))
#14 C:\\Users\\Stefan\\Desktop\\Iteh\\EbibliotekaV2\\vendor\\laravel\\framework\\src\\Illuminate\\Session\\Middleware\\StartSession.php(143): tap(Object(Illuminate\\Session\\Store), Object(Closure))
#15 C:\\Users\\Stefan\\Desktop\\Iteh\\EbibliotekaV2\\vendor\\laravel\\framework\\src\\Illuminate\\Session\\Middleware\\StartSession.php(115): Illuminate\\Session\\Middleware\\StartSession->startSession(Object(Illuminate\\Http\\Request), Object(Illuminate\\Session\\Store))
#16 C:\\Users\\Stefan\\Desktop\\Iteh\\EbibliotekaV2\\vendor\\laravel\\framework\\src\\Illuminate\\Session\\Middleware\\StartSession.php(63): Illuminate\\Session\\Middleware\\StartSession->handleStatefulRequest(Object(Illuminate\\Http\\Request), Object(Illuminate\\Session\\Store), Object(Closure))
#17 C:\\Users\\Stefan\\Desktop\\Iteh\\EbibliotekaV2\\vendor\\laravel\\framework\\src\\Illuminate\\Pipeline\\Pipeline.php(219): Illuminate\\Session\\Middleware\\StartSession->handle(Object(Illuminate\\Http\\Request), Object(Closure))
#18 C:\\Users\\Stefan\\Desktop\\Iteh\\EbibliotekaV2\\vendor\\laravel\\framework\\src\\Illuminate\\Cookie\\Middleware\\AddQueuedCookiesToResponse.php(36): Illuminate\\Pipeline\\Pipeline->Illuminate\\Pipeline\\{closure}(Object(Illuminate\\Http\\Request))
#19 C:\\Users\\Stefan\\Desktop\\Iteh\\EbibliotekaV2\\vendor\\laravel\\framework\\src\\Illuminate\\Pipeline\\Pipeline.php(219): Illuminate\\Cookie\\Middleware\\AddQueuedCookiesToResponse->handle(Object(Illuminate\\Http\\Request), Object(Closure))
#20 C:\\Users\\Stefan\\Desktop\\Iteh\\EbibliotekaV2\\vendor\\laravel\\framework\\src\\Illuminate\\Cookie\\Middleware\\EncryptCookies.php(74): Illuminate\\Pipeline\\Pipeline->Illuminate\\Pipeline\\{closure}(Object(Illuminate\\Http\\Request))
#21 C:\\Users\\Stefan\\Desktop\\Iteh\\EbibliotekaV2\\vendor\\laravel\\framework\\src\\Illuminate\\Pipeline\\Pipeline.php(219): Illuminate\\Cookie\\Middleware\\EncryptCookies->handle(Object(Illuminate\\Http\\Request), Object(Closure))
#22 C:\\Users\\Stefan\\Desktop\\Iteh\\EbibliotekaV2\\vendor\\laravel\\framework\\src\\Illuminate\\Pipeline\\Pipeline.php(137): Illuminate\\Pipeline\\Pipeline->Illuminate\\Pipeline\\{closure}(Object(Illuminate\\Http\\Request))
#23 C:\\Users\\Stefan\\Desktop\\Iteh\\EbibliotekaV2\\vendor\\laravel\\framework\\src\\Illuminate\\Routing\\Router.php(821): Illuminate\\Pipeline\\Pipeline->then(Object(Closure))
#24 C:\\Users\\Stefan\\Desktop\\Iteh\\EbibliotekaV2\\vendor\\laravel\\framework\\src\\Illuminate\\Routing\\Router.php(800): Illuminate\\Routing\\Router->runRouteWithinStack(Object(Illuminate\\Routing\\Route), Object(Illuminate\\Http\\Request))
#25 C:\\Users\\Stefan\\Desktop\\Iteh\\EbibliotekaV2\\vendor\\laravel\\framework\\src\\Illuminate\\Routing\\Router.php(764): Illuminate\\Routing\\Router->runRoute(Object(Illuminate\\Http\\Request), Object(Illuminate\\Routing\\Route))
#26 C:\\Users\\Stefan\\Desktop\\Iteh\\EbibliotekaV2\\vendor\\laravel\\framework\\src\\Illuminate\\Routing\\Router.php(753): Illuminate\\Routing\\Router->dispatchToRoute(Object(Illuminate\\Http\\Request))
#27 C:\\Users\\Stefan\\Desktop\\Iteh\\EbibliotekaV2\\vendor\\laravel\\framework\\src\\Illuminate\\Foundation\\Http\\Kernel.php(200): Illuminate\\Routing\\Router->dispatch(Object(Illuminate\\Http\\Request))
#28 C:\\Users\\Stefan\\Desktop\\Iteh\\EbibliotekaV2\\vendor\\laravel\\framework\\src\\Illuminate\\Pipeline\\Pipeline.php(180): Illuminate\\Foundation\\Http\\Kernel->Illuminate\\Foundation\\Http\\{closure}(Object(Illuminate\\Http\\Request))
#29 C:\\Users\\Stefan\\Desktop\\Iteh\\EbibliotekaV2\\vendor\\laravel\\framework\\src\\Illuminate\\Foundation\\Http\\Middleware\\TransformsRequest.php(21): Illuminate\\Pipeline\\Pipeline->Illuminate\\Pipeline\\{closure}(Object(Illuminate\\Http\\Request))
#30 C:\\Users\\Stefan\\Desktop\\Iteh\\EbibliotekaV2\\vendor\\laravel\\framework\\src\\Illuminate\\Foundation\\Http\\Middleware\\ConvertEmptyStringsToNull.php(31): Illuminate\\Foundation\\Http\\Middleware\\TransformsRequest->handle(Object(Illuminate\\Http\\Request), Object(Closure))
#31 C:\\Users\\Stefan\\Desktop\\Iteh\\EbibliotekaV2\\vendor\\laravel\\framework\\src\\Illuminate\\Pipeline\\Pipeline.php(219): Illuminate\\Foundation\\Http\\Middleware\\ConvertEmptyStringsToNull->handle(Object(Illuminate\\Http\\Request), Object(Closure))
#32 C:\\Users\\Stefan\\Desktop\\Iteh\\EbibliotekaV2\\vendor\\laravel\\framework\\src\\Illuminate\\Foundation\\Http\\Middleware\\TransformsRequest.php(21): Illuminate\\Pipeline\\Pipeline->Illuminate\\Pipeline\\{closure}(Object(Illuminate\\Http\\Request))
#33 C:\\Users\\Stefan\\Desktop\\Iteh\\EbibliotekaV2\\vendor\\laravel\\framework\\src\\Illuminate\\Foundation\\Http\\Middleware\\TrimStrings.php(51): Illuminate\\Foundation\\Http\\Middleware\\TransformsRequest->handle(Object(Illuminate\\Http\\Request), Object(Closure))
#34 C:\\Users\\Stefan\\Desktop\\Iteh\\EbibliotekaV2\\vendor\\laravel\\framework\\src\\Illuminate\\Pipeline\\Pipeline.php(219): Illuminate\\Foundation\\Http\\Middleware\\TrimStrings->handle(Object(Illuminate\\Http\\Request), Object(Closure))
#35 C:\\Users\\Stefan\\Desktop\\Iteh\\EbibliotekaV2\\vendor\\laravel\\framework\\src\\Illuminate\\Http\\Middleware\\ValidatePostSize.php(27): Illuminate\\Pipeline\\Pipeline->Illuminate\\Pipeline\\{closure}(Object(Illuminate\\Http\\Request))
#36 C:\\Users\\Stefan\\Desktop\\Iteh\\EbibliotekaV2\\vendor\\laravel\\framework\\src\\Illuminate\\Pipeline\\Pipeline.php(219): Illuminate\\Http\\Middleware\\ValidatePostSize->handle(Object(Illuminate\\Http\\Request), Object(Closure))
#37 C:\\Users\\Stefan\\Desktop\\Iteh\\EbibliotekaV2\\vendor\\laravel\\framework\\src\\Illuminate\\Foundation\\Http\\Middleware\\PreventRequestsDuringMaintenance.php(109): Illuminate\\Pipeline\\Pipeline->Illuminate\\Pipeline\\{closure}(Object(Illuminate\\Http\\Request))
#38 C:\\Users\\Stefan\\Desktop\\Iteh\\EbibliotekaV2\\vendor\\laravel\\framework\\src\\Illuminate\\Pipeline\\Pipeline.php(219): Illuminate\\Foundation\\Http\\Middleware\\PreventRequestsDuringMaintenance->handle(Object(Illuminate\\Http\\Request), Object(Closure))
#39 C:\\Users\\Stefan\\Desktop\\Iteh\\EbibliotekaV2\\vendor\\laravel\\framework\\src\\Illuminate\\Http\\Middleware\\HandleCors.php(48): Illuminate\\Pipeline\\Pipeline->Illuminate\\Pipeline\\{closure}(Object(Illuminate\\Http\\Request))
#40 C:\\Users\\Stefan\\Desktop\\Iteh\\EbibliotekaV2\\vendor\\laravel\\framework\\src\\Illuminate\\Pipeline\\Pipeline.php(219): Illuminate\\Http\\Middleware\\HandleCors->handle(Object(Illuminate\\Http\\Request), Object(Closure))
#41 C:\\Users\\Stefan\\Desktop\\Iteh\\EbibliotekaV2\\vendor\\laravel\\framework\\src\\Illuminate\\Http\\Middleware\\TrustProxies.php(58): Illuminate\\Pipeline\\Pipeline->Illuminate\\Pipeline\\{closure}(Object(Illuminate\\Http\\Request))
#42 C:\\Users\\Stefan\\Desktop\\Iteh\\EbibliotekaV2\\vendor\\laravel\\framework\\src\\Illuminate\\Pipeline\\Pipeline.php(219): Illuminate\\Http\\Middleware\\TrustProxies->handle(Object(Illuminate\\Http\\Request), Object(Closure))
#43 C:\\Users\\Stefan\\Desktop\\Iteh\\EbibliotekaV2\\vendor\\laravel\\framework\\src\\Illuminate\\Foundation\\Http\\Middleware\\InvokeDeferredCallbacks.php(22): Illuminate\\Pipeline\\Pipeline->Illuminate\\Pipeline\\{closure}(Object(Illuminate\\Http\\Request))
#44 C:\\Users\\Stefan\\Desktop\\Iteh\\EbibliotekaV2\\vendor\\laravel\\framework\\src\\Illuminate\\Pipeline\\Pipeline.php(219): Illuminate\\Foundation\\Http\\Middleware\\InvokeDeferredCallbacks->handle(Object(Illuminate\\Http\\Request), Object(Closure))
#45 C:\\Users\\Stefan\\Desktop\\Iteh\\EbibliotekaV2\\vendor\\laravel\\framework\\src\\Illuminate\\Http\\Middleware\\ValidatePathEncoding.php(26): Illuminate\\Pipeline\\Pipeline->Illuminate\\Pipeline\\{closure}(Object(Illuminate\\Http\\Request))
#46 C:\\Users\\Stefan\\Desktop\\Iteh\\EbibliotekaV2\\vendor\\laravel\\framework\\src\\Illuminate\\Pipeline\\Pipeline.php(219): Illuminate\\Http\\Middleware\\ValidatePathEncoding->handle(Object(Illuminate\\Http\\Request), Object(Closure))
#47 C:\\Users\\Stefan\\Desktop\\Iteh\\EbibliotekaV2\\vendor\\laravel\\framework\\src\\Illuminate\\Pipeline\\Pipeline.php(137): Illuminate\\Pipeline\\Pipeline->Illuminate\\Pipeline\\{closure}(Object(Illuminate\\Http\\Request))
#48 C:\\Users\\Stefan\\Desktop\\Iteh\\EbibliotekaV2\\vendor\\laravel\\framework\\src\\Illuminate\\Foundation\\Http\\Kernel.php(175): Illuminate\\Pipeline\\Pipeline->then(Object(Closure))
#49 C:\\Users\\Stefan\\Desktop\\Iteh\\EbibliotekaV2\\vendor\\laravel\\framework\\src\\Illuminate\\Foundation\\Http\\Kernel.php(144): Illuminate\\Foundation\\Http\\Kernel->sendRequestThroughRouter(Object(Illuminate\\Http\\Request))
#50 C:\\Users\\Stefan\\Desktop\\Iteh\\EbibliotekaV2\\vendor\\laravel\\framework\\src\\Illuminate\\Foundation\\Application.php(1219): Illuminate\\Foundation\\Http\\Kernel->handle(Object(Illuminate\\Http\\Request))
#51 C:\\Users\\Stefan\\Desktop\\Iteh\\EbibliotekaV2\\public\\index.php(20): Illuminate\\Foundation\\Application->handleRequest(Object(Illuminate\\Http\\Request))
#52 C:\\Users\\Stefan\\Desktop\\Iteh\\EbibliotekaV2\\vendor\\laravel\\framework\\src\\Illuminate\\Foundation\\resources\\server.php(23): require_once('C:\\\\Users\\\\Stefan...')
#53 {main}

[previous exception] [object] (PDOException(code: 42S02): SQLSTATE[42S02]: Base table or view not found: 1146 Table 'ebibliotekav2_baza.sessions' doesn't exist at C:\\Users\\Stefan\\Desktop\\Iteh\\EbibliotekaV2\\vendor\\laravel\\framework\\src\\Illuminate\\Database\\Connection.php:406)
[stacktrace]
#0 C:\\Users\\Stefan\\Desktop\\Iteh\\EbibliotekaV2\\vendor\\laravel\\framework\\src\\Illuminate\\Database\\Connection.php(406): PDO->prepare('select * from `...')
#1 C:\\Users\\Stefan\\Desktop\\Iteh\\EbibliotekaV2\\vendor\\laravel\\framework\\src\\Illuminate\\Database\\Connection.php(811): Illuminate\\Database\\Connection->Illuminate\\Database\\{closure}('select * from `...', Array)
#2 C:\\Users\\Stefan\\Desktop\\Iteh\\EbibliotekaV2\\vendor\\laravel\\framework\\src\\Illuminate\\Database\\Connection.php(778): Illuminate\\Database\\Connection->runQueryCallback('select * from `...', Array, Object(Closure))
#3 C:\\Users\\Stefan\\Desktop\\Iteh\\EbibliotekaV2\\vendor\\laravel\\framework\\src\\Illuminate\\Database\\Connection.php(397): Illuminate\\Database\\Connection->run('select * from `...', Array, Object(Closure))
#4 C:\\Users\\Stefan\\Desktop\\Iteh\\EbibliotekaV2\\vendor\\laravel\\framework\\src\\Illuminate\\Database\\Query\\Builder.php(3188): Illuminate\\Database\\Connection->select('select * from `...', Array, false)
#5 C:\\Users\\Stefan\\Desktop\\Iteh\\EbibliotekaV2\\vendor\\laravel\\framework\\src\\Illuminate\\Database\\Query\\Builder.php(3173): Illuminate\\Database\\Query\\Builder->runSelect()
#6 C:\\Users\\Stefan\\Desktop\\Iteh\\EbibliotekaV2\\vendor\\laravel\\framework\\src\\Illuminate\\Database\\Query\\Builder.php(3763): Illuminate\\Database\\Query\\Builder->Illuminate\\Database\\Query\\{closure}()
#7 C:\\Users\\Stefan\\Desktop\\Iteh\\EbibliotekaV2\\vendor\\laravel\\framework\\src\\Illuminate\\Database\\Query\\Builder.php(3172): Illuminate\\Database\\Query\\Builder->onceWithColumns(Array, Object(Closure))
#8 C:\\Users\\Stefan\\Desktop\\Iteh\\EbibliotekaV2\\vendor\\laravel\\framework\\src\\Illuminate\\Database\\Concerns\\BuildsQueries.php(366): Illuminate\\Database\\Query\\Builder->get(Array)
#9 C:\\Users\\Stefan\\Desktop\\Iteh\\EbibliotekaV2\\vendor\\laravel\\framework\\src\\Illuminate\\Database\\Query\\Builder.php(3095): Illuminate\\Database\\Query\\Builder->first(Array)
#10 C:\\Users\\Stefan\\Desktop\\Iteh\\EbibliotekaV2\\vendor\\laravel\\framework\\src\\Illuminate\\Session\\DatabaseSessionHandler.php(96): Illuminate\\Database\\Query\\Builder->find('YjwFEpY3IVmH8cg...')
#11 C:\\Users\\Stefan\\Desktop\\Iteh\\EbibliotekaV2\\vendor\\laravel\\framework\\src\\Illuminate\\Session\\Store.php(116): Illuminate\\Session\\DatabaseSessionHandler->read('YjwFEpY3IVmH8cg...')
#12 C:\\Users\\Stefan\\Desktop\\Iteh\\EbibliotekaV2\\vendor\\laravel\\framework\\src\\Illuminate\\Session\\Store.php(104): Illuminate\\Session\\Store->readFromHandler()
#13 C:\\Users\\Stefan\\Desktop\\Iteh\\EbibliotekaV2\\vendor\\laravel\\framework\\src\\Illuminate\\Session\\Store.php(88): Illuminate\\Session\\Store->loadSession()
#14 C:\\Users\\Stefan\\Desktop\\Iteh\\EbibliotekaV2\\vendor\\laravel\\framework\\src\\Illuminate\\Session\\Middleware\\StartSession.php(146): Illuminate\\Session\\Store->start()
#15 C:\\Users\\Stefan\\Desktop\\Iteh\\EbibliotekaV2\\vendor\\laravel\\framework\\src\\Illuminate\\Support\\helpers.php(399): Illuminate\\Session\\Middleware\\StartSession->Illuminate\\Session\\Middleware\\{closure}(Object(Illuminate\\Session\\Store))
#16 C:\\Users\\Stefan\\Desktop\\Iteh\\EbibliotekaV2\\vendor\\laravel\\framework\\src\\Illuminate\\Session\\Middleware\\StartSession.php(143): tap(Object(Illuminate\\Session\\Store), Object(Closure))
#17 C:\\Users\\Stefan\\Desktop\\Iteh\\EbibliotekaV2\\vendor\\laravel\\framework\\src\\Illuminate\\Session\\Middleware\\StartSession.php(115): Illuminate\\Session\\Middleware\\StartSession->startSession(Object(Illuminate\\Http\\Request), Object(Illuminate\\Session\\Store))
#18 C:\\Users\\Stefan\\Desktop\\Iteh\\EbibliotekaV2\\vendor\\laravel\\framework\\src\\Illuminate\\Session\\Middleware\\StartSession.php(63): Illuminate\\Session\\Middleware\\StartSession->handleStatefulRequest(Object(Illuminate\\Http\\Request), Object(Illuminate\\Session\\Store), Object(Closure))
#19 C:\\Users\\Stefan\\Desktop\\Iteh\\EbibliotekaV2\\vendor\\laravel\\framework\\src\\Illuminate\\Pipeline\\Pipeline.php(219): Illuminate\\Session\\Middleware\\StartSession->handle(Object(Illuminate\\Http\\Request), Object(Closure))
#20 C:\\Users\\Stefan\\Desktop\\Iteh\\EbibliotekaV2\\vendor\\laravel\\framework\\src\\Illuminate\\Cookie\\Middleware\\AddQueuedCookiesToResponse.php(36): Illuminate\\Pipeline\\Pipeline->Illuminate\\Pipeline\\{closure}(Object(Illuminate\\Http\\Request))
#21 C:\\Users\\Stefan\\Desktop\\Iteh\\EbibliotekaV2\\vendor\\laravel\\framework\\src\\Illuminate\\Pipeline\\Pipeline.php(219): Illuminate\\Cookie\\Middleware\\AddQueuedCookiesToResponse->handle(Object(Illuminate\\Http\\Request), Object(Closure))
#22 C:\\Users\\Stefan\\Desktop\\Iteh\\EbibliotekaV2\\vendor\\laravel\\framework\\src\\Illuminate\\Cookie\\Middleware\\EncryptCookies.php(74): Illuminate\\Pipeline\\Pipeline->Illuminate\\Pipeline\\{closure}(Object(Illuminate\\Http\\Request))
#23 C:\\Users\\Stefan\\Desktop\\Iteh\\EbibliotekaV2\\vendor\\laravel\\framework\\src\\Illuminate\\Pipeline\\Pipeline.php(219): Illuminate\\Cookie\\Middleware\\EncryptCookies->handle(Object(Illuminate\\Http\\Request), Object(Closure))
#24 C:\\Users\\Stefan\\Desktop\\Iteh\\EbibliotekaV2\\vendor\\laravel\\framework\\src\\Illuminate\\Pipeline\\Pipeline.php(137): Illuminate\\Pipeline\\Pipeline->Illuminate\\Pipeline\\{closure}(Object(Illuminate\\Http\\Request))
#25 C:\\Users\\Stefan\\Desktop\\Iteh\\EbibliotekaV2\\vendor\\laravel\\framework\\src\\Illuminate\\Routing\\Router.php(821): Illuminate\\Pipeline\\Pipeline->then(Object(Closure))
#26 C:\\Users\\Stefan\\Desktop\\Iteh\\EbibliotekaV2\\vendor\\laravel\\framework\\src\\Illuminate\\Routing\\Router.php(800): Illuminate\\Routing\\Router->runRouteWithinStack(Object(Illuminate\\Routing\\Route), Object(Illuminate\\Http\\Request))
#27 C:\\Users\\Stefan\\Desktop\\Iteh\\EbibliotekaV2\\vendor\\laravel\\framework\\src\\Illuminate\\Routing\\Router.php(764): Illuminate\\Routing\\Router->runRoute(Object(Illuminate\\Http\\Request), Object(Illuminate\\Routing\\Route))
#28 C:\\Users\\Stefan\\Desktop\\Iteh\\EbibliotekaV2\\vendor\\laravel\\framework\\src\\Illuminate\\Routing\\Router.php(753): Illuminate\\Routing\\Router->dispatchToRoute(Object(Illuminate\\Http\\Request))
#29 C:\\Users\\Stefan\\Desktop\\Iteh\\EbibliotekaV2\\vendor\\laravel\\framework\\src\\Illuminate\\Foundation\\Http\\Kernel.php(200): Illuminate\\Routing\\Router->dispatch(Object(Illuminate\\Http\\Request))
#30 C:\\Users\\Stefan\\Desktop\\Iteh\\EbibliotekaV2\\vendor\\laravel\\framework\\src\\Illuminate\\Pipeline\\Pipeline.php(180): Illuminate\\Foundation\\Http\\Kernel->Illuminate\\Foundation\\Http\\{closure}(Object(Illuminate\\Http\\Request))
#31 C:\\Users\\Stefan\\Desktop\\Iteh\\EbibliotekaV2\\vendor\\laravel\\framework\\src\\Illuminate\\Foundation\\Http\\Middleware\\TransformsRequest.php(21): Illuminate\\Pipeline\\Pipeline->Illuminate\\Pipeline\\{closure}(Object(Illuminate\\Http\\Request))
#32 C:\\Users\\Stefan\\Desktop\\Iteh\\EbibliotekaV2\\vendor\\laravel\\framework\\src\\Illuminate\\Foundation\\Http\\Middleware\\ConvertEmptyStringsToNull.php(31): Illuminate\\Foundation\\Http\\Middleware\\TransformsRequest->handle(Object(Illuminate\\Http\\Request), Object(Closure))
#33 C:\\Users\\Stefan\\Desktop\\Iteh\\EbibliotekaV2\\vendor\\laravel\\framework\\src\\Illuminate\\Pipeline\\Pipeline.php(219): Illuminate\\Foundation\\Http\\Middleware\\ConvertEmptyStringsToNull->handle(Object(Illuminate\\Http\\Request), Object(Closure))
#34 C:\\Users\\Stefan\\Desktop\\Iteh\\EbibliotekaV2\\vendor\\laravel\\framework\\src\\Illuminate\\Foundation\\Http\\Middleware\\TransformsRequest.php(21): Illuminate\\Pipeline\\Pipeline->Illuminate\\Pipeline\\{closure}(Object(Illuminate\\Http\\Request))
#35 C:\\Users\\Stefan\\Desktop\\Iteh\\EbibliotekaV2\\vendor\\laravel\\framework\\src\\Illuminate\\Foundation\\Http\\Middleware\\TrimStrings.php(51): Illuminate\\Foundation\\Http\\Middleware\\TransformsRequest->handle(Object(Illuminate\\Http\\Request), Object(Closure))
#36 C:\\Users\\Stefan\\Desktop\\Iteh\\EbibliotekaV2\\vendor\\laravel\\framework\\src\\Illuminate\\Pipeline\\Pipeline.php(219): Illuminate\\Foundation\\Http\\Middleware\\TrimStrings->handle(Object(Illuminate\\Http\\Request), Object(Closure))
#37 C:\\Users\\Stefan\\Desktop\\Iteh\\EbibliotekaV2\\vendor\\laravel\\framework\\src\\Illuminate\\Http\\Middleware\\ValidatePostSize.php(27): Illuminate\\Pipeline\\Pipeline->Illuminate\\Pipeline\\{closure}(Object(Illuminate\\Http\\Request))
#38 C:\\Users\\Stefan\\Desktop\\Iteh\\EbibliotekaV2\\vendor\\laravel\\framework\\src\\Illuminate\\Pipeline\\Pipeline.php(219): Illuminate\\Http\\Middleware\\ValidatePostSize->handle(Object(Illuminate\\Http\\Request), Object(Closure))
#39 C:\\Users\\Stefan\\Desktop\\Iteh\\EbibliotekaV2\\vendor\\laravel\\framework\\src\\Illuminate\\Foundation\\Http\\Middleware\\PreventRequestsDuringMaintenance.php(109): Illuminate\\Pipeline\\Pipeline->Illuminate\\Pipeline\\{closure}(Object(Illuminate\\Http\\Request))
#40 C:\\Users\\Stefan\\Desktop\\Iteh\\EbibliotekaV2\\vendor\\laravel\\framework\\src\\Illuminate\\Pipeline\\Pipeline.php(219): Illuminate\\Foundation\\Http\\Middleware\\PreventRequestsDuringMaintenance->handle(Object(Illuminate\\Http\\Request), Object(Closure))
#41 C:\\Users\\Stefan\\Desktop\\Iteh\\EbibliotekaV2\\vendor\\laravel\\framework\\src\\Illuminate\\Http\\Middleware\\HandleCors.php(48): Illuminate\\Pipeline\\Pipeline->Illuminate\\Pipeline\\{closure}(Object(Illuminate\\Http\\Request))
#42 C:\\Users\\Stefan\\Desktop\\Iteh\\EbibliotekaV2\\vendor\\laravel\\framework\\src\\Illuminate\\Pipeline\\Pipeline.php(219): Illuminate\\Http\\Middleware\\HandleCors->handle(Object(Illuminate\\Http\\Request), Object(Closure))
#43 C:\\Users\\Stefan\\Desktop\\Iteh\\EbibliotekaV2\\vendor\\laravel\\framework\\src\\Illuminate\\Http\\Middleware\\TrustProxies.php(58): Illuminate\\Pipeline\\Pipeline->Illuminate\\Pipeline\\{closure}(Object(Illuminate\\Http\\Request))
#44 C:\\Users\\Stefan\\Desktop\\Iteh\\EbibliotekaV2\\vendor\\laravel\\framework\\src\\Illuminate\\Pipeline\\Pipeline.php(219): Illuminate\\Http\\Middleware\\TrustProxies->handle(Object(Illuminate\\Http\\Request), Object(Closure))
#45 C:\\Users\\Stefan\\Desktop\\Iteh\\EbibliotekaV2\\vendor\\laravel\\framework\\src\\Illuminate\\Foundation\\Http\\Middleware\\InvokeDeferredCallbacks.php(22): Illuminate\\Pipeline\\Pipeline->Illuminate\\Pipeline\\{closure}(Object(Illuminate\\Http\\Request))
#46 C:\\Users\\Stefan\\Desktop\\Iteh\\EbibliotekaV2\\vendor\\laravel\\framework\\src\\Illuminate\\Pipeline\\Pipeline.php(219): Illuminate\\Foundation\\Http\\Middleware\\InvokeDeferredCallbacks->handle(Object(Illuminate\\Http\\Request), Object(Closure))
#47 C:\\Users\\Stefan\\Desktop\\Iteh\\EbibliotekaV2\\vendor\\laravel\\framework\\src\\Illuminate\\Http\\Middleware\\ValidatePathEncoding.php(26): Illuminate\\Pipeline\\Pipeline->Illuminate\\Pipeline\\{closure}(Object(Illuminate\\Http\\Request))
#48 C:\\Users\\Stefan\\Desktop\\Iteh\\EbibliotekaV2\\vendor\\laravel\\framework\\src\\Illuminate\\Pipeline\\Pipeline.php(219): Illuminate\\Http\\Middleware\\ValidatePathEncoding->handle(Object(Illuminate\\Http\\Request), Object(Closure))
#49 C:\\Users\\Stefan\\Desktop\\Iteh\\EbibliotekaV2\\vendor\\laravel\\framework\\src\\Illuminate\\Pipeline\\Pipeline.php(137): Illuminate\\Pipeline\\Pipeline->Illuminate\\Pipeline\\{closure}(Object(Illuminate\\Http\\Request))
#50 C:\\Users\\Stefan\\Desktop\\Iteh\\EbibliotekaV2\\vendor\\laravel\\framework\\src\\Illuminate\\Foundation\\Http\\Kernel.php(175): Illuminate\\Pipeline\\Pipeline->then(Object(Closure))
#51 C:\\Users\\Stefan\\Desktop\\Iteh\\EbibliotekaV2\\vendor\\laravel\\framework\\src\\Illuminate\\Foundation\\Http\\Kernel.php(144): Illuminate\\Foundation\\Http\\Kernel->sendRequestThroughRouter(Object(Illuminate\\Http\\Request))
#52 C:\\Users\\Stefan\\Desktop\\Iteh\\EbibliotekaV2\\vendor\\laravel\\framework\\src\\Illuminate\\Foundation\\Application.php(1219): Illuminate\\Foundation\\Http\\Kernel->handle(Object(Illuminate\\Http\\Request))
#53 C:\\Users\\Stefan\\Desktop\\Iteh\\EbibliotekaV2\\public\\index.php(20): Illuminate\\Foundation\\Application->handleRequest(Object(Illuminate\\Http\\Request))
#54 C:\\Users\\Stefan\\Desktop\\Iteh\\EbibliotekaV2\\vendor\\laravel\\framework\\src\\Illuminate\\Foundation\\resources\\server.php(23): require_once('C:\\\\Users\\\\Stefan...')
#55 {main}
"} 
[2025-08-23 18:26:41] local.ERROR: SQLSTATE[42S02]: Base table or view not found: 1146 Table 'ebibliotekav2_baza.sessions' doesn't exist (Connection: mysql, SQL: select * from `sessions` where `id` = YjwFEpY3IVmH8cgIqBRt9SO1xVGAunzfNxx2f4NV limit 1) {"exception":"[object] (Illuminate\\Database\\QueryException(code: 42S02): SQLSTATE[42S02]: Base table or view not found: 1146 Table 'ebibliotekav2_baza.sessions' doesn't exist (Connection: mysql, SQL: select * from `sessions` where `id` = YjwFEpY3IVmH8cgIqBRt9SO1xVGAunzfNxx2f4NV limit 1) at C:\\Users\\Stefan\\Desktop\\Iteh\\EbibliotekaV2\\vendor\\laravel\\framework\\src\\Illuminate\\Database\\Connection.php:824)
[stacktrace]
#0 C:\\Users\\Stefan\\Desktop\\Iteh\\EbibliotekaV2\\vendor\\laravel\\framework\\src\\Illuminate\\Database\\Connection.php(778): Illuminate\\Database\\Connection->runQueryCallback('select * from `...', Array, Object(Closure))
#1 C:\\Users\\Stefan\\Desktop\\Iteh\\EbibliotekaV2\\vendor\\laravel\\framework\\src\\Illuminate\\Database\\Connection.php(397): Illuminate\\Database\\Connection->run('select * from `...', Array, Object(Closure))
#2 C:\\Users\\Stefan\\Desktop\\Iteh\\EbibliotekaV2\\vendor\\laravel\\framework\\src\\Illuminate\\Database\\Query\\Builder.php(3188): Illuminate\\Database\\Connection->select('select * from `...', Array, false)
#3 C:\\Users\\Stefan\\Desktop\\Iteh\\EbibliotekaV2\\vendor\\laravel\\framework\\src\\Illuminate\\Database\\Query\\Builder.php(3173): Illuminate\\Database\\Query\\Builder->runSelect()
#4 C:\\Users\\Stefan\\Desktop\\Iteh\\EbibliotekaV2\\vendor\\laravel\\framework\\src\\Illuminate\\Database\\Query\\Builder.php(3763): Illuminate\\Database\\Query\\Builder->Illuminate\\Database\\Query\\{closure}()
#5 C:\\Users\\Stefan\\Desktop\\Iteh\\EbibliotekaV2\\vendor\\laravel\\framework\\src\\Illuminate\\Database\\Query\\Builder.php(3172): Illuminate\\Database\\Query\\Builder->onceWithColumns(Array, Object(Closure))
#6 C:\\Users\\Stefan\\Desktop\\Iteh\\EbibliotekaV2\\vendor\\laravel\\framework\\src\\Illuminate\\Database\\Concerns\\BuildsQueries.php(366): Illuminate\\Database\\Query\\Builder->get(Array)
#7 C:\\Users\\Stefan\\Desktop\\Iteh\\EbibliotekaV2\\vendor\\laravel\\framework\\src\\Illuminate\\Database\\Query\\Builder.php(3095): Illuminate\\Database\\Query\\Builder->first(Array)
#8 C:\\Users\\Stefan\\Desktop\\Iteh\\EbibliotekaV2\\vendor\\laravel\\framework\\src\\Illuminate\\Session\\DatabaseSessionHandler.php(96): Illuminate\\Database\\Query\\Builder->find('YjwFEpY3IVmH8cg...')
#9 C:\\Users\\Stefan\\Desktop\\Iteh\\EbibliotekaV2\\vendor\\laravel\\framework\\src\\Illuminate\\Session\\Store.php(116): Illuminate\\Session\\DatabaseSessionHandler->read('YjwFEpY3IVmH8cg...')
#10 C:\\Users\\Stefan\\Desktop\\Iteh\\EbibliotekaV2\\vendor\\laravel\\framework\\src\\Illuminate\\Session\\Store.php(104): Illuminate\\Session\\Store->readFromHandler()
#11 C:\\Users\\Stefan\\Desktop\\Iteh\\EbibliotekaV2\\vendor\\laravel\\framework\\src\\Illuminate\\Session\\Store.php(88): Illuminate\\Session\\Store->loadSession()
#12 C:\\Users\\Stefan\\Desktop\\Iteh\\EbibliotekaV2\\vendor\\laravel\\framework\\src\\Illuminate\\Session\\Middleware\\StartSession.php(146): Illuminate\\Session\\Store->start()
#13 C:\\Users\\Stefan\\Desktop\\Iteh\\EbibliotekaV2\\vendor\\laravel\\framework\\src\\Illuminate\\Support\\helpers.php(399): Illuminate\\Session\\Middleware\\StartSession->Illuminate\\Session\\Middleware\\{closure}(Object(Illuminate\\Session\\Store))
#14 C:\\Users\\Stefan\\Desktop\\Iteh\\EbibliotekaV2\\vendor\\laravel\\framework\\src\\Illuminate\\Session\\Middleware\\StartSession.php(143): tap(Object(Illuminate\\Session\\Store), Object(Closure))
#15 C:\\Users\\Stefan\\Desktop\\Iteh\\EbibliotekaV2\\vendor\\laravel\\framework\\src\\Illuminate\\Session\\Middleware\\StartSession.php(115): Illuminate\\Session\\Middleware\\StartSession->startSession(Object(Illuminate\\Http\\Request), Object(Illuminate\\Session\\Store))
#16 C:\\Users\\Stefan\\Desktop\\Iteh\\EbibliotekaV2\\vendor\\laravel\\framework\\src\\Illuminate\\Session\\Middleware\\StartSession.php(63): Illuminate\\Session\\Middleware\\StartSession->handleStatefulRequest(Object(Illuminate\\Http\\Request), Object(Illuminate\\Session\\Store), Object(Closure))
#17 C:\\Users\\Stefan\\Desktop\\Iteh\\EbibliotekaV2\\vendor\\laravel\\framework\\src\\Illuminate\\Pipeline\\Pipeline.php(219): Illuminate\\Session\\Middleware\\StartSession->handle(Object(Illuminate\\Http\\Request), Object(Closure))
#18 C:\\Users\\Stefan\\Desktop\\Iteh\\EbibliotekaV2\\vendor\\laravel\\framework\\src\\Illuminate\\Cookie\\Middleware\\AddQueuedCookiesToResponse.php(36): Illuminate\\Pipeline\\Pipeline->Illuminate\\Pipeline\\{closure}(Object(Illuminate\\Http\\Request))
#19 C:\\Users\\Stefan\\Desktop\\Iteh\\EbibliotekaV2\\vendor\\laravel\\framework\\src\\Illuminate\\Pipeline\\Pipeline.php(219): Illuminate\\Cookie\\Middleware\\AddQueuedCookiesToResponse->handle(Object(Illuminate\\Http\\Request), Object(Closure))
#20 C:\\Users\\Stefan\\Desktop\\Iteh\\EbibliotekaV2\\vendor\\laravel\\framework\\src\\Illuminate\\Cookie\\Middleware\\EncryptCookies.php(74): Illuminate\\Pipeline\\Pipeline->Illuminate\\Pipeline\\{closure}(Object(Illuminate\\Http\\Request))
#21 C:\\Users\\Stefan\\Desktop\\Iteh\\EbibliotekaV2\\vendor\\laravel\\framework\\src\\Illuminate\\Pipeline\\Pipeline.php(219): Illuminate\\Cookie\\Middleware\\EncryptCookies->handle(Object(Illuminate\\Http\\Request), Object(Closure))
#22 C:\\Users\\Stefan\\Desktop\\Iteh\\EbibliotekaV2\\vendor\\laravel\\framework\\src\\Illuminate\\Pipeline\\Pipeline.php(137): Illuminate\\Pipeline\\Pipeline->Illuminate\\Pipeline\\{closure}(Object(Illuminate\\Http\\Request))
#23 C:\\Users\\Stefan\\Desktop\\Iteh\\EbibliotekaV2\\vendor\\laravel\\framework\\src\\Illuminate\\Routing\\Router.php(821): Illuminate\\Pipeline\\Pipeline->then(Object(Closure))
#24 C:\\Users\\Stefan\\Desktop\\Iteh\\EbibliotekaV2\\vendor\\laravel\\framework\\src\\Illuminate\\Routing\\Router.php(800): Illuminate\\Routing\\Router->runRouteWithinStack(Object(Illuminate\\Routing\\Route), Object(Illuminate\\Http\\Request))
#25 C:\\Users\\Stefan\\Desktop\\Iteh\\EbibliotekaV2\\vendor\\laravel\\framework\\src\\Illuminate\\Routing\\Router.php(764): Illuminate\\Routing\\Router->runRoute(Object(Illuminate\\Http\\Request), Object(Illuminate\\Routing\\Route))
#26 C:\\Users\\Stefan\\Desktop\\Iteh\\EbibliotekaV2\\vendor\\laravel\\framework\\src\\Illuminate\\Routing\\Router.php(753): Illuminate\\Routing\\Router->dispatchToRoute(Object(Illuminate\\Http\\Request))
#27 C:\\Users\\Stefan\\Desktop\\Iteh\\EbibliotekaV2\\vendor\\laravel\\framework\\src\\Illuminate\\Foundation\\Http\\Kernel.php(200): Illuminate\\Routing\\Router->dispatch(Object(Illuminate\\Http\\Request))
#28 C:\\Users\\Stefan\\Desktop\\Iteh\\EbibliotekaV2\\vendor\\laravel\\framework\\src\\Illuminate\\Pipeline\\Pipeline.php(180): Illuminate\\Foundation\\Http\\Kernel->Illuminate\\Foundation\\Http\\{closure}(Object(Illuminate\\Http\\Request))
#29 C:\\Users\\Stefan\\Desktop\\Iteh\\EbibliotekaV2\\vendor\\laravel\\framework\\src\\Illuminate\\Foundation\\Http\\Middleware\\TransformsRequest.php(21): Illuminate\\Pipeline\\Pipeline->Illuminate\\Pipeline\\{closure}(Object(Illuminate\\Http\\Request))
#30 C:\\Users\\Stefan\\Desktop\\Iteh\\EbibliotekaV2\\vendor\\laravel\\framework\\src\\Illuminate\\Foundation\\Http\\Middleware\\ConvertEmptyStringsToNull.php(31): Illuminate\\Foundation\\Http\\Middleware\\TransformsRequest->handle(Object(Illuminate\\Http\\Request), Object(Closure))
#31 C:\\Users\\Stefan\\Desktop\\Iteh\\EbibliotekaV2\\vendor\\laravel\\framework\\src\\Illuminate\\Pipeline\\Pipeline.php(219): Illuminate\\Foundation\\Http\\Middleware\\ConvertEmptyStringsToNull->handle(Object(Illuminate\\Http\\Request), Object(Closure))
#32 C:\\Users\\Stefan\\Desktop\\Iteh\\EbibliotekaV2\\vendor\\laravel\\framework\\src\\Illuminate\\Foundation\\Http\\Middleware\\TransformsRequest.php(21): Illuminate\\Pipeline\\Pipeline->Illuminate\\Pipeline\\{closure}(Object(Illuminate\\Http\\Request))
#33 C:\\Users\\Stefan\\Desktop\\Iteh\\EbibliotekaV2\\vendor\\laravel\\framework\\src\\Illuminate\\Foundation\\Http\\Middleware\\TrimStrings.php(51): Illuminate\\Foundation\\Http\\Middleware\\TransformsRequest->handle(Object(Illuminate\\Http\\Request), Object(Closure))
#34 C:\\Users\\Stefan\\Desktop\\Iteh\\EbibliotekaV2\\vendor\\laravel\\framework\\src\\Illuminate\\Pipeline\\Pipeline.php(219): Illuminate\\Foundation\\Http\\Middleware\\TrimStrings->handle(Object(Illuminate\\Http\\Request), Object(Closure))
#35 C:\\Users\\Stefan\\Desktop\\Iteh\\EbibliotekaV2\\vendor\\laravel\\framework\\src\\Illuminate\\Http\\Middleware\\ValidatePostSize.php(27): Illuminate\\Pipeline\\Pipeline->Illuminate\\Pipeline\\{closure}(Object(Illuminate\\Http\\Request))
#36 C:\\Users\\Stefan\\Desktop\\Iteh\\EbibliotekaV2\\vendor\\laravel\\framework\\src\\Illuminate\\Pipeline\\Pipeline.php(219): Illuminate\\Http\\Middleware\\ValidatePostSize->handle(Object(Illuminate\\Http\\Request), Object(Closure))
#37 C:\\Users\\Stefan\\Desktop\\Iteh\\EbibliotekaV2\\vendor\\laravel\\framework\\src\\Illuminate\\Foundation\\Http\\Middleware\\PreventRequestsDuringMaintenance.php(109): Illuminate\\Pipeline\\Pipeline->Illuminate\\Pipeline\\{closure}(Object(Illuminate\\Http\\Request))
#38 C:\\Users\\Stefan\\Desktop\\Iteh\\EbibliotekaV2\\vendor\\laravel\\framework\\src\\Illuminate\\Pipeline\\Pipeline.php(219): Illuminate\\Foundation\\Http\\Middleware\\PreventRequestsDuringMaintenance->handle(Object(Illuminate\\Http\\Request), Object(Closure))
#39 C:\\Users\\Stefan\\Desktop\\Iteh\\EbibliotekaV2\\vendor\\laravel\\framework\\src\\Illuminate\\Http\\Middleware\\HandleCors.php(48): Illuminate\\Pipeline\\Pipeline->Illuminate\\Pipeline\\{closure}(Object(Illuminate\\Http\\Request))
#40 C:\\Users\\Stefan\\Desktop\\Iteh\\EbibliotekaV2\\vendor\\laravel\\framework\\src\\Illuminate\\Pipeline\\Pipeline.php(219): Illuminate\\Http\\Middleware\\HandleCors->handle(Object(Illuminate\\Http\\Request), Object(Closure))
#41 C:\\Users\\Stefan\\Desktop\\Iteh\\EbibliotekaV2\\vendor\\laravel\\framework\\src\\Illuminate\\Http\\Middleware\\TrustProxies.php(58): Illuminate\\Pipeline\\Pipeline->Illuminate\\Pipeline\\{closure}(Object(Illuminate\\Http\\Request))
#42 C:\\Users\\Stefan\\Desktop\\Iteh\\EbibliotekaV2\\vendor\\laravel\\framework\\src\\Illuminate\\Pipeline\\Pipeline.php(219): Illuminate\\Http\\Middleware\\TrustProxies->handle(Object(Illuminate\\Http\\Request), Object(Closure))
#43 C:\\Users\\Stefan\\Desktop\\Iteh\\EbibliotekaV2\\vendor\\laravel\\framework\\src\\Illuminate\\Foundation\\Http\\Middleware\\InvokeDeferredCallbacks.php(22): Illuminate\\Pipeline\\Pipeline->Illuminate\\Pipeline\\{closure}(Object(Illuminate\\Http\\Request))
#44 C:\\Users\\Stefan\\Desktop\\Iteh\\EbibliotekaV2\\vendor\\laravel\\framework\\src\\Illuminate\\Pipeline\\Pipeline.php(219): Illuminate\\Foundation\\Http\\Middleware\\InvokeDeferredCallbacks->handle(Object(Illuminate\\Http\\Request), Object(Closure))
#45 C:\\Users\\Stefan\\Desktop\\Iteh\\EbibliotekaV2\\vendor\\laravel\\framework\\src\\Illuminate\\Http\\Middleware\\ValidatePathEncoding.php(26): Illuminate\\Pipeline\\Pipeline->Illuminate\\Pipeline\\{closure}(Object(Illuminate\\Http\\Request))
#46 C:\\Users\\Stefan\\Desktop\\Iteh\\EbibliotekaV2\\vendor\\laravel\\framework\\src\\Illuminate\\Pipeline\\Pipeline.php(219): Illuminate\\Http\\Middleware\\ValidatePathEncoding->handle(Object(Illuminate\\Http\\Request), Object(Closure))
#47 C:\\Users\\Stefan\\Desktop\\Iteh\\EbibliotekaV2\\vendor\\laravel\\framework\\src\\Illuminate\\Pipeline\\Pipeline.php(137): Illuminate\\Pipeline\\Pipeline->Illuminate\\Pipeline\\{closure}(Object(Illuminate\\Http\\Request))
#48 C:\\Users\\Stefan\\Desktop\\Iteh\\EbibliotekaV2\\vendor\\laravel\\framework\\src\\Illuminate\\Foundation\\Http\\Kernel.php(175): Illuminate\\Pipeline\\Pipeline->then(Object(Closure))
#49 C:\\Users\\Stefan\\Desktop\\Iteh\\EbibliotekaV2\\vendor\\laravel\\framework\\src\\Illuminate\\Foundation\\Http\\Kernel.php(144): Illuminate\\Foundation\\Http\\Kernel->sendRequestThroughRouter(Object(Illuminate\\Http\\Request))
#50 C:\\Users\\Stefan\\Desktop\\Iteh\\EbibliotekaV2\\vendor\\laravel\\framework\\src\\Illuminate\\Foundation\\Application.php(1219): Illuminate\\Foundation\\Http\\Kernel->handle(Object(Illuminate\\Http\\Request))
#51 C:\\Users\\Stefan\\Desktop\\Iteh\\EbibliotekaV2\\public\\index.php(20): Illuminate\\Foundation\\Application->handleRequest(Object(Illuminate\\Http\\Request))
#52 C:\\Users\\Stefan\\Desktop\\Iteh\\EbibliotekaV2\\vendor\\laravel\\framework\\src\\Illuminate\\Foundation\\resources\\server.php(23): require_once('C:\\\\Users\\\\Stefan...')
#53 {main}

[previous exception] [object] (PDOException(code: 42S02): SQLSTATE[42S02]: Base table or view not found: 1146 Table 'ebibliotekav2_baza.sessions' doesn't exist at C:\\Users\\Stefan\\Desktop\\Iteh\\EbibliotekaV2\\vendor\\laravel\\framework\\src\\Illuminate\\Database\\Connection.php:406)
[stacktrace]
#0 C:\\Users\\Stefan\\Desktop\\Iteh\\EbibliotekaV2\\vendor\\laravel\\framework\\src\\Illuminate\\Database\\Connection.php(406): PDO->prepare('select * from `...')
#1 C:\\Users\\Stefan\\Desktop\\Iteh\\EbibliotekaV2\\vendor\\laravel\\framework\\src\\Illuminate\\Database\\Connection.php(811): Illuminate\\Database\\Connection->Illuminate\\Database\\{closure}('select * from `...', Array)
#2 C:\\Users\\Stefan\\Desktop\\Iteh\\EbibliotekaV2\\vendor\\laravel\\framework\\src\\Illuminate\\Database\\Connection.php(778): Illuminate\\Database\\Connection->runQueryCallback('select * from `...', Array, Object(Closure))
#3 C:\\Users\\Stefan\\Desktop\\Iteh\\EbibliotekaV2\\vendor\\laravel\\framework\\src\\Illuminate\\Database\\Connection.php(397): Illuminate\\Database\\Connection->run('select * from `...', Array, Object(Closure))
#4 C:\\Users\\Stefan\\Desktop\\Iteh\\EbibliotekaV2\\vendor\\laravel\\framework\\src\\Illuminate\\Database\\Query\\Builder.php(3188): Illuminate\\Database\\Connection->select('select * from `...', Array, false)
#5 C:\\Users\\Stefan\\Desktop\\Iteh\\EbibliotekaV2\\vendor\\laravel\\framework\\src\\Illuminate\\Database\\Query\\Builder.php(3173): Illuminate\\Database\\Query\\Builder->runSelect()
#6 C:\\Users\\Stefan\\Desktop\\Iteh\\EbibliotekaV2\\vendor\\laravel\\framework\\src\\Illuminate\\Database\\Query\\Builder.php(3763): Illuminate\\Database\\Query\\Builder->Illuminate\\Database\\Query\\{closure}()
#7 C:\\Users\\Stefan\\Desktop\\Iteh\\EbibliotekaV2\\vendor\\laravel\\framework\\src\\Illuminate\\Database\\Query\\Builder.php(3172): Illuminate\\Database\\Query\\Builder->onceWithColumns(Array, Object(Closure))
#8 C:\\Users\\Stefan\\Desktop\\Iteh\\EbibliotekaV2\\vendor\\laravel\\framework\\src\\Illuminate\\Database\\Concerns\\BuildsQueries.php(366): Illuminate\\Database\\Query\\Builder->get(Array)
#9 C:\\Users\\Stefan\\Desktop\\Iteh\\EbibliotekaV2\\vendor\\laravel\\framework\\src\\Illuminate\\Database\\Query\\Builder.php(3095): Illuminate\\Database\\Query\\Builder->first(Array)
#10 C:\\Users\\Stefan\\Desktop\\Iteh\\EbibliotekaV2\\vendor\\laravel\\framework\\src\\Illuminate\\Session\\DatabaseSessionHandler.php(96): Illuminate\\Database\\Query\\Builder->find('YjwFEpY3IVmH8cg...')
#11 C:\\Users\\Stefan\\Desktop\\Iteh\\EbibliotekaV2\\vendor\\laravel\\framework\\src\\Illuminate\\Session\\Store.php(116): Illuminate\\Session\\DatabaseSessionHandler->read('YjwFEpY3IVmH8cg...')
#12 C:\\Users\\Stefan\\Desktop\\Iteh\\EbibliotekaV2\\vendor\\laravel\\framework\\src\\Illuminate\\Session\\Store.php(104): Illuminate\\Session\\Store->readFromHandler()
#13 C:\\Users\\Stefan\\Desktop\\Iteh\\EbibliotekaV2\\vendor\\laravel\\framework\\src\\Illuminate\\Session\\Store.php(88): Illuminate\\Session\\Store->loadSession()
#14 C:\\Users\\Stefan\\Desktop\\Iteh\\EbibliotekaV2\\vendor\\laravel\\framework\\src\\Illuminate\\Session\\Middleware\\StartSession.php(146): Illuminate\\Session\\Store->start()
#15 C:\\Users\\Stefan\\Desktop\\Iteh\\EbibliotekaV2\\vendor\\laravel\\framework\\src\\Illuminate\\Support\\helpers.php(399): Illuminate\\Session\\Middleware\\StartSession->Illuminate\\Session\\Middleware\\{closure}(Object(Illuminate\\Session\\Store))
#16 C:\\Users\\Stefan\\Desktop\\Iteh\\EbibliotekaV2\\vendor\\laravel\\framework\\src\\Illuminate\\Session\\Middleware\\StartSession.php(143): tap(Object(Illuminate\\Session\\Store), Object(Closure))
#17 C:\\Users\\Stefan\\Desktop\\Iteh\\EbibliotekaV2\\vendor\\laravel\\framework\\src\\Illuminate\\Session\\Middleware\\StartSession.php(115): Illuminate\\Session\\Middleware\\StartSession->startSession(Object(Illuminate\\Http\\Request), Object(Illuminate\\Session\\Store))
#18 C:\\Users\\Stefan\\Desktop\\Iteh\\EbibliotekaV2\\vendor\\laravel\\framework\\src\\Illuminate\\Session\\Middleware\\StartSession.php(63): Illuminate\\Session\\Middleware\\StartSession->handleStatefulRequest(Object(Illuminate\\Http\\Request), Object(Illuminate\\Session\\Store), Object(Closure))
#19 C:\\Users\\Stefan\\Desktop\\Iteh\\EbibliotekaV2\\vendor\\laravel\\framework\\src\\Illuminate\\Pipeline\\Pipeline.php(219): Illuminate\\Session\\Middleware\\StartSession->handle(Object(Illuminate\\Http\\Request), Object(Closure))
#20 C:\\Users\\Stefan\\Desktop\\Iteh\\EbibliotekaV2\\vendor\\laravel\\framework\\src\\Illuminate\\Cookie\\Middleware\\AddQueuedCookiesToResponse.php(36): Illuminate\\Pipeline\\Pipeline->Illuminate\\Pipeline\\{closure}(Object(Illuminate\\Http\\Request))
#21 C:\\Users\\Stefan\\Desktop\\Iteh\\EbibliotekaV2\\vendor\\laravel\\framework\\src\\Illuminate\\Pipeline\\Pipeline.php(219): Illuminate\\Cookie\\Middleware\\AddQueuedCookiesToResponse->handle(Object(Illuminate\\Http\\Request), Object(Closure))
#22 C:\\Users\\Stefan\\Desktop\\Iteh\\EbibliotekaV2\\vendor\\laravel\\framework\\src\\Illuminate\\Cookie\\Middleware\\EncryptCookies.php(74): Illuminate\\Pipeline\\Pipeline->Illuminate\\Pipeline\\{closure}(Object(Illuminate\\Http\\Request))
#23 C:\\Users\\Stefan\\Desktop\\Iteh\\EbibliotekaV2\\vendor\\laravel\\framework\\src\\Illuminate\\Pipeline\\Pipeline.php(219): Illuminate\\Cookie\\Middleware\\EncryptCookies->handle(Object(Illuminate\\Http\\Request), Object(Closure))
#24 C:\\Users\\Stefan\\Desktop\\Iteh\\EbibliotekaV2\\vendor\\laravel\\framework\\src\\Illuminate\\Pipeline\\Pipeline.php(137): Illuminate\\Pipeline\\Pipeline->Illuminate\\Pipeline\\{closure}(Object(Illuminate\\Http\\Request))
#25 C:\\Users\\Stefan\\Desktop\\Iteh\\EbibliotekaV2\\vendor\\laravel\\framework\\src\\Illuminate\\Routing\\Router.php(821): Illuminate\\Pipeline\\Pipeline->then(Object(Closure))
#26 C:\\Users\\Stefan\\Desktop\\Iteh\\EbibliotekaV2\\vendor\\laravel\\framework\\src\\Illuminate\\Routing\\Router.php(800): Illuminate\\Routing\\Router->runRouteWithinStack(Object(Illuminate\\Routing\\Route), Object(Illuminate\\Http\\Request))
#27 C:\\Users\\Stefan\\Desktop\\Iteh\\EbibliotekaV2\\vendor\\laravel\\framework\\src\\Illuminate\\Routing\\Router.php(764): Illuminate\\Routing\\Router->runRoute(Object(Illuminate\\Http\\Request), Object(Illuminate\\Routing\\Route))
#28 C:\\Users\\Stefan\\Desktop\\Iteh\\EbibliotekaV2\\vendor\\laravel\\framework\\src\\Illuminate\\Routing\\Router.php(753): Illuminate\\Routing\\Router->dispatchToRoute(Object(Illuminate\\Http\\Request))
#29 C:\\Users\\Stefan\\Desktop\\Iteh\\EbibliotekaV2\\vendor\\laravel\\framework\\src\\Illuminate\\Foundation\\Http\\Kernel.php(200): Illuminate\\Routing\\Router->dispatch(Object(Illuminate\\Http\\Request))
#30 C:\\Users\\Stefan\\Desktop\\Iteh\\EbibliotekaV2\\vendor\\laravel\\framework\\src\\Illuminate\\Pipeline\\Pipeline.php(180): Illuminate\\Foundation\\Http\\Kernel->Illuminate\\Foundation\\Http\\{closure}(Object(Illuminate\\Http\\Request))
#31 C:\\Users\\Stefan\\Desktop\\Iteh\\EbibliotekaV2\\vendor\\laravel\\framework\\src\\Illuminate\\Foundation\\Http\\Middleware\\TransformsRequest.php(21): Illuminate\\Pipeline\\Pipeline->Illuminate\\Pipeline\\{closure}(Object(Illuminate\\Http\\Request))
#32 C:\\Users\\Stefan\\Desktop\\Iteh\\EbibliotekaV2\\vendor\\laravel\\framework\\src\\Illuminate\\Foundation\\Http\\Middleware\\ConvertEmptyStringsToNull.php(31): Illuminate\\Foundation\\Http\\Middleware\\TransformsRequest->handle(Object(Illuminate\\Http\\Request), Object(Closure))
#33 C:\\Users\\Stefan\\Desktop\\Iteh\\EbibliotekaV2\\vendor\\laravel\\framework\\src\\Illuminate\\Pipeline\\Pipeline.php(219): Illuminate\\Foundation\\Http\\Middleware\\ConvertEmptyStringsToNull->handle(Object(Illuminate\\Http\\Request), Object(Closure))
#34 C:\\Users\\Stefan\\Desktop\\Iteh\\EbibliotekaV2\\vendor\\laravel\\framework\\src\\Illuminate\\Foundation\\Http\\Middleware\\TransformsRequest.php(21): Illuminate\\Pipeline\\Pipeline->Illuminate\\Pipeline\\{closure}(Object(Illuminate\\Http\\Request))
#35 C:\\Users\\Stefan\\Desktop\\Iteh\\EbibliotekaV2\\vendor\\laravel\\framework\\src\\Illuminate\\Foundation\\Http\\Middleware\\TrimStrings.php(51): Illuminate\\Foundation\\Http\\Middleware\\TransformsRequest->handle(Object(Illuminate\\Http\\Request), Object(Closure))
#36 C:\\Users\\Stefan\\Desktop\\Iteh\\EbibliotekaV2\\vendor\\laravel\\framework\\src\\Illuminate\\Pipeline\\Pipeline.php(219): Illuminate\\Foundation\\Http\\Middleware\\TrimStrings->handle(Object(Illuminate\\Http\\Request), Object(Closure))
#37 C:\\Users\\Stefan\\Desktop\\Iteh\\EbibliotekaV2\\vendor\\laravel\\framework\\src\\Illuminate\\Http\\Middleware\\ValidatePostSize.php(27): Illuminate\\Pipeline\\Pipeline->Illuminate\\Pipeline\\{closure}(Object(Illuminate\\Http\\Request))
#38 C:\\Users\\Stefan\\Desktop\\Iteh\\EbibliotekaV2\\vendor\\laravel\\framework\\src\\Illuminate\\Pipeline\\Pipeline.php(219): Illuminate\\Http\\Middleware\\ValidatePostSize->handle(Object(Illuminate\\Http\\Request), Object(Closure))
#39 C:\\Users\\Stefan\\Desktop\\Iteh\\EbibliotekaV2\\vendor\\laravel\\framework\\src\\Illuminate\\Foundation\\Http\\Middleware\\PreventRequestsDuringMaintenance.php(109): Illuminate\\Pipeline\\Pipeline->Illuminate\\Pipeline\\{closure}(Object(Illuminate\\Http\\Request))
#40 C:\\Users\\Stefan\\Desktop\\Iteh\\EbibliotekaV2\\vendor\\laravel\\framework\\src\\Illuminate\\Pipeline\\Pipeline.php(219): Illuminate\\Foundation\\Http\\Middleware\\PreventRequestsDuringMaintenance->handle(Object(Illuminate\\Http\\Request), Object(Closure))
#41 C:\\Users\\Stefan\\Desktop\\Iteh\\EbibliotekaV2\\vendor\\laravel\\framework\\src\\Illuminate\\Http\\Middleware\\HandleCors.php(48): Illuminate\\Pipeline\\Pipeline->Illuminate\\Pipeline\\{closure}(Object(Illuminate\\Http\\Request))
#42 C:\\Users\\Stefan\\Desktop\\Iteh\\EbibliotekaV2\\vendor\\laravel\\framework\\src\\Illuminate\\Pipeline\\Pipeline.php(219): Illuminate\\Http\\Middleware\\HandleCors->handle(Object(Illuminate\\Http\\Request), Object(Closure))
#43 C:\\Users\\Stefan\\Desktop\\Iteh\\EbibliotekaV2\\vendor\\laravel\\framework\\src\\Illuminate\\Http\\Middleware\\TrustProxies.php(58): Illuminate\\Pipeline\\Pipeline->Illuminate\\Pipeline\\{closure}(Object(Illuminate\\Http\\Request))
#44 C:\\Users\\Stefan\\Desktop\\Iteh\\EbibliotekaV2\\vendor\\laravel\\framework\\src\\Illuminate\\Pipeline\\Pipeline.php(219): Illuminate\\Http\\Middleware\\TrustProxies->handle(Object(Illuminate\\Http\\Request), Object(Closure))
#45 C:\\Users\\Stefan\\Desktop\\Iteh\\EbibliotekaV2\\vendor\\laravel\\framework\\src\\Illuminate\\Foundation\\Http\\Middleware\\InvokeDeferredCallbacks.php(22): Illuminate\\Pipeline\\Pipeline->Illuminate\\Pipeline\\{closure}(Object(Illuminate\\Http\\Request))
#46 C:\\Users\\Stefan\\Desktop\\Iteh\\EbibliotekaV2\\vendor\\laravel\\framework\\src\\Illuminate\\Pipeline\\Pipeline.php(219): Illuminate\\Foundation\\Http\\Middleware\\InvokeDeferredCallbacks->handle(Object(Illuminate\\Http\\Request), Object(Closure))
#47 C:\\Users\\Stefan\\Desktop\\Iteh\\EbibliotekaV2\\vendor\\laravel\\framework\\src\\Illuminate\\Http\\Middleware\\ValidatePathEncoding.php(26): Illuminate\\Pipeline\\Pipeline->Illuminate\\Pipeline\\{closure}(Object(Illuminate\\Http\\Request))
#48 C:\\Users\\Stefan\\Desktop\\Iteh\\EbibliotekaV2\\vendor\\laravel\\framework\\src\\Illuminate\\Pipeline\\Pipeline.php(219): Illuminate\\Http\\Middleware\\ValidatePathEncoding->handle(Object(Illuminate\\Http\\Request), Object(Closure))
#49 C:\\Users\\Stefan\\Desktop\\Iteh\\EbibliotekaV2\\vendor\\laravel\\framework\\src\\Illuminate\\Pipeline\\Pipeline.php(137): Illuminate\\Pipeline\\Pipeline->Illuminate\\Pipeline\\{closure}(Object(Illuminate\\Http\\Request))
#50 C:\\Users\\Stefan\\Desktop\\Iteh\\EbibliotekaV2\\vendor\\laravel\\framework\\src\\Illuminate\\Foundation\\Http\\Kernel.php(175): Illuminate\\Pipeline\\Pipeline->then(Object(Closure))
#51 C:\\Users\\Stefan\\Desktop\\Iteh\\EbibliotekaV2\\vendor\\laravel\\framework\\src\\Illuminate\\Foundation\\Http\\Kernel.php(144): Illuminate\\Foundation\\Http\\Kernel->sendRequestThroughRouter(Object(Illuminate\\Http\\Request))
#52 C:\\Users\\Stefan\\Desktop\\Iteh\\EbibliotekaV2\\vendor\\laravel\\framework\\src\\Illuminate\\Foundation\\Application.php(1219): Illuminate\\Foundation\\Http\\Kernel->handle(Object(Illuminate\\Http\\Request))
#53 C:\\Users\\Stefan\\Desktop\\Iteh\\EbibliotekaV2\\public\\index.php(20): Illuminate\\Foundation\\Application->handleRequest(Object(Illuminate\\Http\\Request))
#54 C:\\Users\\Stefan\\Desktop\\Iteh\\EbibliotekaV2\\vendor\\laravel\\framework\\src\\Illuminate\\Foundation\\resources\\server.php(23): require_once('C:\\\\Users\\\\Stefan...')
#55 {main}
"} 
[2025-08-23 18:30:50] local.ERROR: Cannot declare class App\Providers\RouteServiceProvider, because the name is already in use {"exception":"[object] (Symfony\\Component\\ErrorHandler\\Error\\FatalError(code: 0): Cannot declare class App\\Providers\\RouteServiceProvider, because the name is already in use at C:\\Users\\Stefan\\Desktop\\Iteh\\EbibliotekaV2\\app\\Providers\\AppServiceProvider.php:8)
[stacktrace]
#0 {main}
"} 
[2025-08-23 18:30:50] local.ERROR: Cannot declare class App\Providers\RouteServiceProvider, because the name is already in use {"exception":"[object] (Symfony\\Component\\ErrorHandler\\Error\\FatalError(code: 0): Cannot declare class App\\Providers\\RouteServiceProvider, because the name is already in use at C:\\Users\\Stefan\\Desktop\\Iteh\\EbibliotekaV2\\app\\Providers\\AppServiceProvider.php:8)
[stacktrace]
#0 {main}
"} 
[2025-08-23 18:49:23] local.ERROR: There are no commands defined in the "roue" namespace.

Did you mean this?
    route {"exception":"[object] (Symfony\\Component\\Console\\Exception\\NamespaceNotFoundException(code: 0): There are no commands defined in the \"roue\" namespace.

Did you mean this?
    route at C:\\Users\\Stefan\\Desktop\\Iteh\\EbibliotekaV2\\vendor\\symfony\\console\\Application.php:659)
[stacktrace]
#0 C:\\Users\\Stefan\\Desktop\\Iteh\\EbibliotekaV2\\vendor\\symfony\\console\\Application.php(708): Symfony\\Component\\Console\\Application->findNamespace('roue')
#1 C:\\Users\\Stefan\\Desktop\\Iteh\\EbibliotekaV2\\vendor\\symfony\\console\\Application.php(283): Symfony\\Component\\Console\\Application->find('roue:list')
#2 C:\\Users\\Stefan\\Desktop\\Iteh\\EbibliotekaV2\\vendor\\symfony\\console\\Application.php(192): Symfony\\Component\\Console\\Application->doRun(Object(Symfony\\Component\\Console\\Input\\ArgvInput), Object(Symfony\\Component\\Console\\Output\\ConsoleOutput))
#3 C:\\Users\\Stefan\\Desktop\\Iteh\\EbibliotekaV2\\vendor\\laravel\\framework\\src\\Illuminate\\Foundation\\Console\\Kernel.php(197): Symfony\\Component\\Console\\Application->run(Object(Symfony\\Component\\Console\\Input\\ArgvInput), Object(Symfony\\Component\\Console\\Output\\ConsoleOutput))
#4 C:\\Users\\Stefan\\Desktop\\Iteh\\EbibliotekaV2\\vendor\\laravel\\framework\\src\\Illuminate\\Foundation\\Application.php(1234): Illuminate\\Foundation\\Console\\Kernel->handle(Object(Symfony\\Component\\Console\\Input\\ArgvInput), Object(Symfony\\Component\\Console\\Output\\ConsoleOutput))
#5 C:\\Users\\Stefan\\Desktop\\Iteh\\EbibliotekaV2\\artisan(16): Illuminate\\Foundation\\Application->handleCommand(Object(Symfony\\Component\\Console\\Input\\ArgvInput))
#6 {main}
"} 
[2025-08-23 19:42:18] local.ERROR: SQLSTATE[42S02]: Base table or view not found: 1146 Table 'ebibliotekav2_baza.sessions' doesn't exist (Connection: mysql, SQL: select * from `sessions` where `id` = 4wVrW3f6o62GMUYj2PE0d2qHvQ4nAjp2D2EkhZH7 limit 1) {"exception":"[object] (Illuminate\\Database\\QueryException(code: 42S02): SQLSTATE[42S02]: Base table or view not found: 1146 Table 'ebibliotekav2_baza.sessions' doesn't exist (Connection: mysql, SQL: select * from `sessions` where `id` = 4wVrW3f6o62GMUYj2PE0d2qHvQ4nAjp2D2EkhZH7 limit 1) at C:\\Users\\Stefan\\Desktop\\Iteh\\EbibliotekaV2\\vendor\\laravel\\framework\\src\\Illuminate\\Database\\Connection.php:824)
[stacktrace]
#0 C:\\Users\\Stefan\\Desktop\\Iteh\\EbibliotekaV2\\vendor\\laravel\\framework\\src\\Illuminate\\Database\\Connection.php(778): Illuminate\\Database\\Connection->runQueryCallback('select * from `...', Array, Object(Closure))
#1 C:\\Users\\Stefan\\Desktop\\Iteh\\EbibliotekaV2\\vendor\\laravel\\framework\\src\\Illuminate\\Database\\Connection.php(397): Illuminate\\Database\\Connection->run('select * from `...', Array, Object(Closure))
#2 C:\\Users\\Stefan\\Desktop\\Iteh\\EbibliotekaV2\\vendor\\laravel\\framework\\src\\Illuminate\\Database\\Query\\Builder.php(3188): Illuminate\\Database\\Connection->select('select * from `...', Array, false)
#3 C:\\Users\\Stefan\\Desktop\\Iteh\\EbibliotekaV2\\vendor\\laravel\\framework\\src\\Illuminate\\Database\\Query\\Builder.php(3173): Illuminate\\Database\\Query\\Builder->runSelect()
#4 C:\\Users\\Stefan\\Desktop\\Iteh\\EbibliotekaV2\\vendor\\laravel\\framework\\src\\Illuminate\\Database\\Query\\Builder.php(3763): Illuminate\\Database\\Query\\Builder->Illuminate\\Database\\Query\\{closure}()
#5 C:\\Users\\Stefan\\Desktop\\Iteh\\EbibliotekaV2\\vendor\\laravel\\framework\\src\\Illuminate\\Database\\Query\\Builder.php(3172): Illuminate\\Database\\Query\\Builder->onceWithColumns(Array, Object(Closure))
#6 C:\\Users\\Stefan\\Desktop\\Iteh\\EbibliotekaV2\\vendor\\laravel\\framework\\src\\Illuminate\\Database\\Concerns\\BuildsQueries.php(366): Illuminate\\Database\\Query\\Builder->get(Array)
#7 C:\\Users\\Stefan\\Desktop\\Iteh\\EbibliotekaV2\\vendor\\laravel\\framework\\src\\Illuminate\\Database\\Query\\Builder.php(3095): Illuminate\\Database\\Query\\Builder->first(Array)
#8 C:\\Users\\Stefan\\Desktop\\Iteh\\EbibliotekaV2\\vendor\\laravel\\framework\\src\\Illuminate\\Session\\DatabaseSessionHandler.php(96): Illuminate\\Database\\Query\\Builder->find('4wVrW3f6o62GMUY...')
#9 C:\\Users\\Stefan\\Desktop\\Iteh\\EbibliotekaV2\\vendor\\laravel\\framework\\src\\Illuminate\\Session\\Store.php(116): Illuminate\\Session\\DatabaseSessionHandler->read('4wVrW3f6o62GMUY...')
#10 C:\\Users\\Stefan\\Desktop\\Iteh\\EbibliotekaV2\\vendor\\laravel\\framework\\src\\Illuminate\\Session\\Store.php(104): Illuminate\\Session\\Store->readFromHandler()
#11 C:\\Users\\Stefan\\Desktop\\Iteh\\EbibliotekaV2\\vendor\\laravel\\framework\\src\\Illuminate\\Session\\Store.php(88): Illuminate\\Session\\Store->loadSession()
#12 C:\\Users\\Stefan\\Desktop\\Iteh\\EbibliotekaV2\\vendor\\laravel\\framework\\src\\Illuminate\\Session\\Middleware\\StartSession.php(146): Illuminate\\Session\\Store->start()
#13 C:\\Users\\Stefan\\Desktop\\Iteh\\EbibliotekaV2\\vendor\\laravel\\framework\\src\\Illuminate\\Support\\helpers.php(399): Illuminate\\Session\\Middleware\\StartSession->Illuminate\\Session\\Middleware\\{closure}(Object(Illuminate\\Session\\Store))
#14 C:\\Users\\Stefan\\Desktop\\Iteh\\EbibliotekaV2\\vendor\\laravel\\framework\\src\\Illuminate\\Session\\Middleware\\StartSession.php(143): tap(Object(Illuminate\\Session\\Store), Object(Closure))
#15 C:\\Users\\Stefan\\Desktop\\Iteh\\EbibliotekaV2\\vendor\\laravel\\framework\\src\\Illuminate\\Session\\Middleware\\StartSession.php(115): Illuminate\\Session\\Middleware\\StartSession->startSession(Object(Illuminate\\Http\\Request), Object(Illuminate\\Session\\Store))
#16 C:\\Users\\Stefan\\Desktop\\Iteh\\EbibliotekaV2\\vendor\\laravel\\framework\\src\\Illuminate\\Session\\Middleware\\StartSession.php(63): Illuminate\\Session\\Middleware\\StartSession->handleStatefulRequest(Object(Illuminate\\Http\\Request), Object(Illuminate\\Session\\Store), Object(Closure))
#17 C:\\Users\\Stefan\\Desktop\\Iteh\\EbibliotekaV2\\vendor\\laravel\\framework\\src\\Illuminate\\Pipeline\\Pipeline.php(219): Illuminate\\Session\\Middleware\\StartSession->handle(Object(Illuminate\\Http\\Request), Object(Closure))
#18 C:\\Users\\Stefan\\Desktop\\Iteh\\EbibliotekaV2\\vendor\\laravel\\framework\\src\\Illuminate\\Cookie\\Middleware\\AddQueuedCookiesToResponse.php(36): Illuminate\\Pipeline\\Pipeline->Illuminate\\Pipeline\\{closure}(Object(Illuminate\\Http\\Request))
#19 C:\\Users\\Stefan\\Desktop\\Iteh\\EbibliotekaV2\\vendor\\laravel\\framework\\src\\Illuminate\\Pipeline\\Pipeline.php(219): Illuminate\\Cookie\\Middleware\\AddQueuedCookiesToResponse->handle(Object(Illuminate\\Http\\Request), Object(Closure))
#20 C:\\Users\\Stefan\\Desktop\\Iteh\\EbibliotekaV2\\vendor\\laravel\\framework\\src\\Illuminate\\Cookie\\Middleware\\EncryptCookies.php(74): Illuminate\\Pipeline\\Pipeline->Illuminate\\Pipeline\\{closure}(Object(Illuminate\\Http\\Request))
#21 C:\\Users\\Stefan\\Desktop\\Iteh\\EbibliotekaV2\\vendor\\laravel\\framework\\src\\Illuminate\\Pipeline\\Pipeline.php(219): Illuminate\\Cookie\\Middleware\\EncryptCookies->handle(Object(Illuminate\\Http\\Request), Object(Closure))
#22 C:\\Users\\Stefan\\Desktop\\Iteh\\EbibliotekaV2\\vendor\\laravel\\framework\\src\\Illuminate\\Pipeline\\Pipeline.php(137): Illuminate\\Pipeline\\Pipeline->Illuminate\\Pipeline\\{closure}(Object(Illuminate\\Http\\Request))
#23 C:\\Users\\Stefan\\Desktop\\Iteh\\EbibliotekaV2\\vendor\\laravel\\framework\\src\\Illuminate\\Routing\\Router.php(821): Illuminate\\Pipeline\\Pipeline->then(Object(Closure))
#24 C:\\Users\\Stefan\\Desktop\\Iteh\\EbibliotekaV2\\vendor\\laravel\\framework\\src\\Illuminate\\Routing\\Router.php(800): Illuminate\\Routing\\Router->runRouteWithinStack(Object(Illuminate\\Routing\\Route), Object(Illuminate\\Http\\Request))
#25 C:\\Users\\Stefan\\Desktop\\Iteh\\EbibliotekaV2\\vendor\\laravel\\framework\\src\\Illuminate\\Routing\\Router.php(764): Illuminate\\Routing\\Router->runRoute(Object(Illuminate\\Http\\Request), Object(Illuminate\\Routing\\Route))
#26 C:\\Users\\Stefan\\Desktop\\Iteh\\EbibliotekaV2\\vendor\\laravel\\framework\\src\\Illuminate\\Routing\\Router.php(753): Illuminate\\Routing\\Router->dispatchToRoute(Object(Illuminate\\Http\\Request))
#27 C:\\Users\\Stefan\\Desktop\\Iteh\\EbibliotekaV2\\vendor\\laravel\\framework\\src\\Illuminate\\Foundation\\Http\\Kernel.php(200): Illuminate\\Routing\\Router->dispatch(Object(Illuminate\\Http\\Request))
#28 C:\\Users\\Stefan\\Desktop\\Iteh\\EbibliotekaV2\\vendor\\laravel\\framework\\src\\Illuminate\\Pipeline\\Pipeline.php(180): Illuminate\\Foundation\\Http\\Kernel->Illuminate\\Foundation\\Http\\{closure}(Object(Illuminate\\Http\\Request))
#29 C:\\Users\\Stefan\\Desktop\\Iteh\\EbibliotekaV2\\vendor\\laravel\\framework\\src\\Illuminate\\Foundation\\Http\\Middleware\\TransformsRequest.php(21): Illuminate\\Pipeline\\Pipeline->Illuminate\\Pipeline\\{closure}(Object(Illuminate\\Http\\Request))
#30 C:\\Users\\Stefan\\Desktop\\Iteh\\EbibliotekaV2\\vendor\\laravel\\framework\\src\\Illuminate\\Foundation\\Http\\Middleware\\ConvertEmptyStringsToNull.php(31): Illuminate\\Foundation\\Http\\Middleware\\TransformsRequest->handle(Object(Illuminate\\Http\\Request), Object(Closure))
#31 C:\\Users\\Stefan\\Desktop\\Iteh\\EbibliotekaV2\\vendor\\laravel\\framework\\src\\Illuminate\\Pipeline\\Pipeline.php(219): Illuminate\\Foundation\\Http\\Middleware\\ConvertEmptyStringsToNull->handle(Object(Illuminate\\Http\\Request), Object(Closure))
#32 C:\\Users\\Stefan\\Desktop\\Iteh\\EbibliotekaV2\\vendor\\laravel\\framework\\src\\Illuminate\\Foundation\\Http\\Middleware\\TransformsRequest.php(21): Illuminate\\Pipeline\\Pipeline->Illuminate\\Pipeline\\{closure}(Object(Illuminate\\Http\\Request))
#33 C:\\Users\\Stefan\\Desktop\\Iteh\\EbibliotekaV2\\vendor\\laravel\\framework\\src\\Illuminate\\Foundation\\Http\\Middleware\\TrimStrings.php(51): Illuminate\\Foundation\\Http\\Middleware\\TransformsRequest->handle(Object(Illuminate\\Http\\Request), Object(Closure))
#34 C:\\Users\\Stefan\\Desktop\\Iteh\\EbibliotekaV2\\vendor\\laravel\\framework\\src\\Illuminate\\Pipeline\\Pipeline.php(219): Illuminate\\Foundation\\Http\\Middleware\\TrimStrings->handle(Object(Illuminate\\Http\\Request), Object(Closure))
#35 C:\\Users\\Stefan\\Desktop\\Iteh\\EbibliotekaV2\\vendor\\laravel\\framework\\src\\Illuminate\\Http\\Middleware\\ValidatePostSize.php(27): Illuminate\\Pipeline\\Pipeline->Illuminate\\Pipeline\\{closure}(Object(Illuminate\\Http\\Request))
#36 C:\\Users\\Stefan\\Desktop\\Iteh\\EbibliotekaV2\\vendor\\laravel\\framework\\src\\Illuminate\\Pipeline\\Pipeline.php(219): Illuminate\\Http\\Middleware\\ValidatePostSize->handle(Object(Illuminate\\Http\\Request), Object(Closure))
#37 C:\\Users\\Stefan\\Desktop\\Iteh\\EbibliotekaV2\\vendor\\laravel\\framework\\src\\Illuminate\\Foundation\\Http\\Middleware\\PreventRequestsDuringMaintenance.php(109): Illuminate\\Pipeline\\Pipeline->Illuminate\\Pipeline\\{closure}(Object(Illuminate\\Http\\Request))
#38 C:\\Users\\Stefan\\Desktop\\Iteh\\EbibliotekaV2\\vendor\\laravel\\framework\\src\\Illuminate\\Pipeline\\Pipeline.php(219): Illuminate\\Foundation\\Http\\Middleware\\PreventRequestsDuringMaintenance->handle(Object(Illuminate\\Http\\Request), Object(Closure))
#39 C:\\Users\\Stefan\\Desktop\\Iteh\\EbibliotekaV2\\vendor\\laravel\\framework\\src\\Illuminate\\Http\\Middleware\\HandleCors.php(48): Illuminate\\Pipeline\\Pipeline->Illuminate\\Pipeline\\{closure}(Object(Illuminate\\Http\\Request))
#40 C:\\Users\\Stefan\\Desktop\\Iteh\\EbibliotekaV2\\vendor\\laravel\\framework\\src\\Illuminate\\Pipeline\\Pipeline.php(219): Illuminate\\Http\\Middleware\\HandleCors->handle(Object(Illuminate\\Http\\Request), Object(Closure))
#41 C:\\Users\\Stefan\\Desktop\\Iteh\\EbibliotekaV2\\vendor\\laravel\\framework\\src\\Illuminate\\Http\\Middleware\\TrustProxies.php(58): Illuminate\\Pipeline\\Pipeline->Illuminate\\Pipeline\\{closure}(Object(Illuminate\\Http\\Request))
#42 C:\\Users\\Stefan\\Desktop\\Iteh\\EbibliotekaV2\\vendor\\laravel\\framework\\src\\Illuminate\\Pipeline\\Pipeline.php(219): Illuminate\\Http\\Middleware\\TrustProxies->handle(Object(Illuminate\\Http\\Request), Object(Closure))
#43 C:\\Users\\Stefan\\Desktop\\Iteh\\EbibliotekaV2\\vendor\\laravel\\framework\\src\\Illuminate\\Foundation\\Http\\Middleware\\InvokeDeferredCallbacks.php(22): Illuminate\\Pipeline\\Pipeline->Illuminate\\Pipeline\\{closure}(Object(Illuminate\\Http\\Request))
#44 C:\\Users\\Stefan\\Desktop\\Iteh\\EbibliotekaV2\\vendor\\laravel\\framework\\src\\Illuminate\\Pipeline\\Pipeline.php(219): Illuminate\\Foundation\\Http\\Middleware\\InvokeDeferredCallbacks->handle(Object(Illuminate\\Http\\Request), Object(Closure))
#45 C:\\Users\\Stefan\\Desktop\\Iteh\\EbibliotekaV2\\vendor\\laravel\\framework\\src\\Illuminate\\Http\\Middleware\\ValidatePathEncoding.php(26): Illuminate\\Pipeline\\Pipeline->Illuminate\\Pipeline\\{closure}(Object(Illuminate\\Http\\Request))
#46 C:\\Users\\Stefan\\Desktop\\Iteh\\EbibliotekaV2\\vendor\\laravel\\framework\\src\\Illuminate\\Pipeline\\Pipeline.php(219): Illuminate\\Http\\Middleware\\ValidatePathEncoding->handle(Object(Illuminate\\Http\\Request), Object(Closure))
#47 C:\\Users\\Stefan\\Desktop\\Iteh\\EbibliotekaV2\\vendor\\laravel\\framework\\src\\Illuminate\\Pipeline\\Pipeline.php(137): Illuminate\\Pipeline\\Pipeline->Illuminate\\Pipeline\\{closure}(Object(Illuminate\\Http\\Request))
#48 C:\\Users\\Stefan\\Desktop\\Iteh\\EbibliotekaV2\\vendor\\laravel\\framework\\src\\Illuminate\\Foundation\\Http\\Kernel.php(175): Illuminate\\Pipeline\\Pipeline->then(Object(Closure))
#49 C:\\Users\\Stefan\\Desktop\\Iteh\\EbibliotekaV2\\vendor\\laravel\\framework\\src\\Illuminate\\Foundation\\Http\\Kernel.php(144): Illuminate\\Foundation\\Http\\Kernel->sendRequestThroughRouter(Object(Illuminate\\Http\\Request))
#50 C:\\Users\\Stefan\\Desktop\\Iteh\\EbibliotekaV2\\vendor\\laravel\\framework\\src\\Illuminate\\Foundation\\Application.php(1219): Illuminate\\Foundation\\Http\\Kernel->handle(Object(Illuminate\\Http\\Request))
#51 C:\\Users\\Stefan\\Desktop\\Iteh\\EbibliotekaV2\\public\\index.php(20): Illuminate\\Foundation\\Application->handleRequest(Object(Illuminate\\Http\\Request))
#52 C:\\Users\\Stefan\\Desktop\\Iteh\\EbibliotekaV2\\vendor\\laravel\\framework\\src\\Illuminate\\Foundation\\resources\\server.php(23): require_once('C:\\\\Users\\\\Stefan...')
#53 {main}

[previous exception] [object] (PDOException(code: 42S02): SQLSTATE[42S02]: Base table or view not found: 1146 Table 'ebibliotekav2_baza.sessions' doesn't exist at C:\\Users\\Stefan\\Desktop\\Iteh\\EbibliotekaV2\\vendor\\laravel\\framework\\src\\Illuminate\\Database\\Connection.php:406)
[stacktrace]
#0 C:\\Users\\Stefan\\Desktop\\Iteh\\EbibliotekaV2\\vendor\\laravel\\framework\\src\\Illuminate\\Database\\Connection.php(406): PDO->prepare('select * from `...')
#1 C:\\Users\\Stefan\\Desktop\\Iteh\\EbibliotekaV2\\vendor\\laravel\\framework\\src\\Illuminate\\Database\\Connection.php(811): Illuminate\\Database\\Connection->Illuminate\\Database\\{closure}('select * from `...', Array)
#2 C:\\Users\\Stefan\\Desktop\\Iteh\\EbibliotekaV2\\vendor\\laravel\\framework\\src\\Illuminate\\Database\\Connection.php(778): Illuminate\\Database\\Connection->runQueryCallback('select * from `...', Array, Object(Closure))
#3 C:\\Users\\Stefan\\Desktop\\Iteh\\EbibliotekaV2\\vendor\\laravel\\framework\\src\\Illuminate\\Database\\Connection.php(397): Illuminate\\Database\\Connection->run('select * from `...', Array, Object(Closure))
#4 C:\\Users\\Stefan\\Desktop\\Iteh\\EbibliotekaV2\\vendor\\laravel\\framework\\src\\Illuminate\\Database\\Query\\Builder.php(3188): Illuminate\\Database\\Connection->select('select * from `...', Array, false)
#5 C:\\Users\\Stefan\\Desktop\\Iteh\\EbibliotekaV2\\vendor\\laravel\\framework\\src\\Illuminate\\Database\\Query\\Builder.php(3173): Illuminate\\Database\\Query\\Builder->runSelect()
#6 C:\\Users\\Stefan\\Desktop\\Iteh\\EbibliotekaV2\\vendor\\laravel\\framework\\src\\Illuminate\\Database\\Query\\Builder.php(3763): Illuminate\\Database\\Query\\Builder->Illuminate\\Database\\Query\\{closure}()
#7 C:\\Users\\Stefan\\Desktop\\Iteh\\EbibliotekaV2\\vendor\\laravel\\framework\\src\\Illuminate\\Database\\Query\\Builder.php(3172): Illuminate\\Database\\Query\\Builder->onceWithColumns(Array, Object(Closure))
#8 C:\\Users\\Stefan\\Desktop\\Iteh\\EbibliotekaV2\\vendor\\laravel\\framework\\src\\Illuminate\\Database\\Concerns\\BuildsQueries.php(366): Illuminate\\Database\\Query\\Builder->get(Array)
#9 C:\\Users\\Stefan\\Desktop\\Iteh\\EbibliotekaV2\\vendor\\laravel\\framework\\src\\Illuminate\\Database\\Query\\Builder.php(3095): Illuminate\\Database\\Query\\Builder->first(Array)
#10 C:\\Users\\Stefan\\Desktop\\Iteh\\EbibliotekaV2\\vendor\\laravel\\framework\\src\\Illuminate\\Session\\DatabaseSessionHandler.php(96): Illuminate\\Database\\Query\\Builder->find('4wVrW3f6o62GMUY...')
#11 C:\\Users\\Stefan\\Desktop\\Iteh\\EbibliotekaV2\\vendor\\laravel\\framework\\src\\Illuminate\\Session\\Store.php(116): Illuminate\\Session\\DatabaseSessionHandler->read('4wVrW3f6o62GMUY...')
#12 C:\\Users\\Stefan\\Desktop\\Iteh\\EbibliotekaV2\\vendor\\laravel\\framework\\src\\Illuminate\\Session\\Store.php(104): Illuminate\\Session\\Store->readFromHandler()
#13 C:\\Users\\Stefan\\Desktop\\Iteh\\EbibliotekaV2\\vendor\\laravel\\framework\\src\\Illuminate\\Session\\Store.php(88): Illuminate\\Session\\Store->loadSession()
#14 C:\\Users\\Stefan\\Desktop\\Iteh\\EbibliotekaV2\\vendor\\laravel\\framework\\src\\Illuminate\\Session\\Middleware\\StartSession.php(146): Illuminate\\Session\\Store->start()
#15 C:\\Users\\Stefan\\Desktop\\Iteh\\EbibliotekaV2\\vendor\\laravel\\framework\\src\\Illuminate\\Support\\helpers.php(399): Illuminate\\Session\\Middleware\\StartSession->Illuminate\\Session\\Middleware\\{closure}(Object(Illuminate\\Session\\Store))
#16 C:\\Users\\Stefan\\Desktop\\Iteh\\EbibliotekaV2\\vendor\\laravel\\framework\\src\\Illuminate\\Session\\Middleware\\StartSession.php(143): tap(Object(Illuminate\\Session\\Store), Object(Closure))
#17 C:\\Users\\Stefan\\Desktop\\Iteh\\EbibliotekaV2\\vendor\\laravel\\framework\\src\\Illuminate\\Session\\Middleware\\StartSession.php(115): Illuminate\\Session\\Middleware\\StartSession->startSession(Object(Illuminate\\Http\\Request), Object(Illuminate\\Session\\Store))
#18 C:\\Users\\Stefan\\Desktop\\Iteh\\EbibliotekaV2\\vendor\\laravel\\framework\\src\\Illuminate\\Session\\Middleware\\StartSession.php(63): Illuminate\\Session\\Middleware\\StartSession->handleStatefulRequest(Object(Illuminate\\Http\\Request), Object(Illuminate\\Session\\Store), Object(Closure))
#19 C:\\Users\\Stefan\\Desktop\\Iteh\\EbibliotekaV2\\vendor\\laravel\\framework\\src\\Illuminate\\Pipeline\\Pipeline.php(219): Illuminate\\Session\\Middleware\\StartSession->handle(Object(Illuminate\\Http\\Request), Object(Closure))
#20 C:\\Users\\Stefan\\Desktop\\Iteh\\EbibliotekaV2\\vendor\\laravel\\framework\\src\\Illuminate\\Cookie\\Middleware\\AddQueuedCookiesToResponse.php(36): Illuminate\\Pipeline\\Pipeline->Illuminate\\Pipeline\\{closure}(Object(Illuminate\\Http\\Request))
#21 C:\\Users\\Stefan\\Desktop\\Iteh\\EbibliotekaV2\\vendor\\laravel\\framework\\src\\Illuminate\\Pipeline\\Pipeline.php(219): Illuminate\\Cookie\\Middleware\\AddQueuedCookiesToResponse->handle(Object(Illuminate\\Http\\Request), Object(Closure))
#22 C:\\Users\\Stefan\\Desktop\\Iteh\\EbibliotekaV2\\vendor\\laravel\\framework\\src\\Illuminate\\Cookie\\Middleware\\EncryptCookies.php(74): Illuminate\\Pipeline\\Pipeline->Illuminate\\Pipeline\\{closure}(Object(Illuminate\\Http\\Request))
#23 C:\\Users\\Stefan\\Desktop\\Iteh\\EbibliotekaV2\\vendor\\laravel\\framework\\src\\Illuminate\\Pipeline\\Pipeline.php(219): Illuminate\\Cookie\\Middleware\\EncryptCookies->handle(Object(Illuminate\\Http\\Request), Object(Closure))
#24 C:\\Users\\Stefan\\Desktop\\Iteh\\EbibliotekaV2\\vendor\\laravel\\framework\\src\\Illuminate\\Pipeline\\Pipeline.php(137): Illuminate\\Pipeline\\Pipeline->Illuminate\\Pipeline\\{closure}(Object(Illuminate\\Http\\Request))
#25 C:\\Users\\Stefan\\Desktop\\Iteh\\EbibliotekaV2\\vendor\\laravel\\framework\\src\\Illuminate\\Routing\\Router.php(821): Illuminate\\Pipeline\\Pipeline->then(Object(Closure))
#26 C:\\Users\\Stefan\\Desktop\\Iteh\\EbibliotekaV2\\vendor\\laravel\\framework\\src\\Illuminate\\Routing\\Router.php(800): Illuminate\\Routing\\Router->runRouteWithinStack(Object(Illuminate\\Routing\\Route), Object(Illuminate\\Http\\Request))
#27 C:\\Users\\Stefan\\Desktop\\Iteh\\EbibliotekaV2\\vendor\\laravel\\framework\\src\\Illuminate\\Routing\\Router.php(764): Illuminate\\Routing\\Router->runRoute(Object(Illuminate\\Http\\Request), Object(Illuminate\\Routing\\Route))
#28 C:\\Users\\Stefan\\Desktop\\Iteh\\EbibliotekaV2\\vendor\\laravel\\framework\\src\\Illuminate\\Routing\\Router.php(753): Illuminate\\Routing\\Router->dispatchToRoute(Object(Illuminate\\Http\\Request))
#29 C:\\Users\\Stefan\\Desktop\\Iteh\\EbibliotekaV2\\vendor\\laravel\\framework\\src\\Illuminate\\Foundation\\Http\\Kernel.php(200): Illuminate\\Routing\\Router->dispatch(Object(Illuminate\\Http\\Request))
#30 C:\\Users\\Stefan\\Desktop\\Iteh\\EbibliotekaV2\\vendor\\laravel\\framework\\src\\Illuminate\\Pipeline\\Pipeline.php(180): Illuminate\\Foundation\\Http\\Kernel->Illuminate\\Foundation\\Http\\{closure}(Object(Illuminate\\Http\\Request))
#31 C:\\Users\\Stefan\\Desktop\\Iteh\\EbibliotekaV2\\vendor\\laravel\\framework\\src\\Illuminate\\Foundation\\Http\\Middleware\\TransformsRequest.php(21): Illuminate\\Pipeline\\Pipeline->Illuminate\\Pipeline\\{closure}(Object(Illuminate\\Http\\Request))
#32 C:\\Users\\Stefan\\Desktop\\Iteh\\EbibliotekaV2\\vendor\\laravel\\framework\\src\\Illuminate\\Foundation\\Http\\Middleware\\ConvertEmptyStringsToNull.php(31): Illuminate\\Foundation\\Http\\Middleware\\TransformsRequest->handle(Object(Illuminate\\Http\\Request), Object(Closure))
#33 C:\\Users\\Stefan\\Desktop\\Iteh\\EbibliotekaV2\\vendor\\laravel\\framework\\src\\Illuminate\\Pipeline\\Pipeline.php(219): Illuminate\\Foundation\\Http\\Middleware\\ConvertEmptyStringsToNull->handle(Object(Illuminate\\Http\\Request), Object(Closure))
#34 C:\\Users\\Stefan\\Desktop\\Iteh\\EbibliotekaV2\\vendor\\laravel\\framework\\src\\Illuminate\\Foundation\\Http\\Middleware\\TransformsRequest.php(21): Illuminate\\Pipeline\\Pipeline->Illuminate\\Pipeline\\{closure}(Object(Illuminate\\Http\\Request))
#35 C:\\Users\\Stefan\\Desktop\\Iteh\\EbibliotekaV2\\vendor\\laravel\\framework\\src\\Illuminate\\Foundation\\Http\\Middleware\\TrimStrings.php(51): Illuminate\\Foundation\\Http\\Middleware\\TransformsRequest->handle(Object(Illuminate\\Http\\Request), Object(Closure))
#36 C:\\Users\\Stefan\\Desktop\\Iteh\\EbibliotekaV2\\vendor\\laravel\\framework\\src\\Illuminate\\Pipeline\\Pipeline.php(219): Illuminate\\Foundation\\Http\\Middleware\\TrimStrings->handle(Object(Illuminate\\Http\\Request), Object(Closure))
#37 C:\\Users\\Stefan\\Desktop\\Iteh\\EbibliotekaV2\\vendor\\laravel\\framework\\src\\Illuminate\\Http\\Middleware\\ValidatePostSize.php(27): Illuminate\\Pipeline\\Pipeline->Illuminate\\Pipeline\\{closure}(Object(Illuminate\\Http\\Request))
#38 C:\\Users\\Stefan\\Desktop\\Iteh\\EbibliotekaV2\\vendor\\laravel\\framework\\src\\Illuminate\\Pipeline\\Pipeline.php(219): Illuminate\\Http\\Middleware\\ValidatePostSize->handle(Object(Illuminate\\Http\\Request), Object(Closure))
#39 C:\\Users\\Stefan\\Desktop\\Iteh\\EbibliotekaV2\\vendor\\laravel\\framework\\src\\Illuminate\\Foundation\\Http\\Middleware\\PreventRequestsDuringMaintenance.php(109): Illuminate\\Pipeline\\Pipeline->Illuminate\\Pipeline\\{closure}(Object(Illuminate\\Http\\Request))
#40 C:\\Users\\Stefan\\Desktop\\Iteh\\EbibliotekaV2\\vendor\\laravel\\framework\\src\\Illuminate\\Pipeline\\Pipeline.php(219): Illuminate\\Foundation\\Http\\Middleware\\PreventRequestsDuringMaintenance->handle(Object(Illuminate\\Http\\Request), Object(Closure))
#41 C:\\Users\\Stefan\\Desktop\\Iteh\\EbibliotekaV2\\vendor\\laravel\\framework\\src\\Illuminate\\Http\\Middleware\\HandleCors.php(48): Illuminate\\Pipeline\\Pipeline->Illuminate\\Pipeline\\{closure}(Object(Illuminate\\Http\\Request))
#42 C:\\Users\\Stefan\\Desktop\\Iteh\\EbibliotekaV2\\vendor\\laravel\\framework\\src\\Illuminate\\Pipeline\\Pipeline.php(219): Illuminate\\Http\\Middleware\\HandleCors->handle(Object(Illuminate\\Http\\Request), Object(Closure))
#43 C:\\Users\\Stefan\\Desktop\\Iteh\\EbibliotekaV2\\vendor\\laravel\\framework\\src\\Illuminate\\Http\\Middleware\\TrustProxies.php(58): Illuminate\\Pipeline\\Pipeline->Illuminate\\Pipeline\\{closure}(Object(Illuminate\\Http\\Request))
#44 C:\\Users\\Stefan\\Desktop\\Iteh\\EbibliotekaV2\\vendor\\laravel\\framework\\src\\Illuminate\\Pipeline\\Pipeline.php(219): Illuminate\\Http\\Middleware\\TrustProxies->handle(Object(Illuminate\\Http\\Request), Object(Closure))
#45 C:\\Users\\Stefan\\Desktop\\Iteh\\EbibliotekaV2\\vendor\\laravel\\framework\\src\\Illuminate\\Foundation\\Http\\Middleware\\InvokeDeferredCallbacks.php(22): Illuminate\\Pipeline\\Pipeline->Illuminate\\Pipeline\\{closure}(Object(Illuminate\\Http\\Request))
#46 C:\\Users\\Stefan\\Desktop\\Iteh\\EbibliotekaV2\\vendor\\laravel\\framework\\src\\Illuminate\\Pipeline\\Pipeline.php(219): Illuminate\\Foundation\\Http\\Middleware\\InvokeDeferredCallbacks->handle(Object(Illuminate\\Http\\Request), Object(Closure))
#47 C:\\Users\\Stefan\\Desktop\\Iteh\\EbibliotekaV2\\vendor\\laravel\\framework\\src\\Illuminate\\Http\\Middleware\\ValidatePathEncoding.php(26): Illuminate\\Pipeline\\Pipeline->Illuminate\\Pipeline\\{closure}(Object(Illuminate\\Http\\Request))
#48 C:\\Users\\Stefan\\Desktop\\Iteh\\EbibliotekaV2\\vendor\\laravel\\framework\\src\\Illuminate\\Pipeline\\Pipeline.php(219): Illuminate\\Http\\Middleware\\ValidatePathEncoding->handle(Object(Illuminate\\Http\\Request), Object(Closure))
#49 C:\\Users\\Stefan\\Desktop\\Iteh\\EbibliotekaV2\\vendor\\laravel\\framework\\src\\Illuminate\\Pipeline\\Pipeline.php(137): Illuminate\\Pipeline\\Pipeline->Illuminate\\Pipeline\\{closure}(Object(Illuminate\\Http\\Request))
#50 C:\\Users\\Stefan\\Desktop\\Iteh\\EbibliotekaV2\\vendor\\laravel\\framework\\src\\Illuminate\\Foundation\\Http\\Kernel.php(175): Illuminate\\Pipeline\\Pipeline->then(Object(Closure))
#51 C:\\Users\\Stefan\\Desktop\\Iteh\\EbibliotekaV2\\vendor\\laravel\\framework\\src\\Illuminate\\Foundation\\Http\\Kernel.php(144): Illuminate\\Foundation\\Http\\Kernel->sendRequestThroughRouter(Object(Illuminate\\Http\\Request))
#52 C:\\Users\\Stefan\\Desktop\\Iteh\\EbibliotekaV2\\vendor\\laravel\\framework\\src\\Illuminate\\Foundation\\Application.php(1219): Illuminate\\Foundation\\Http\\Kernel->handle(Object(Illuminate\\Http\\Request))
#53 C:\\Users\\Stefan\\Desktop\\Iteh\\EbibliotekaV2\\public\\index.php(20): Illuminate\\Foundation\\Application->handleRequest(Object(Illuminate\\Http\\Request))
#54 C:\\Users\\Stefan\\Desktop\\Iteh\\EbibliotekaV2\\vendor\\laravel\\framework\\src\\Illuminate\\Foundation\\resources\\server.php(23): require_once('C:\\\\Users\\\\Stefan...')
#55 {main}
"} 
[2025-08-23 19:42:29] local.ERROR: SQLSTATE[42S02]: Base table or view not found: 1146 Table 'ebibliotekav2_baza.sessions' doesn't exist (Connection: mysql, SQL: select * from `sessions` where `id` = mHTqweHcwBUgJAxdAtgvpvtpiWP4Z5LCF9YJkb87 limit 1) {"exception":"[object] (Illuminate\\Database\\QueryException(code: 42S02): SQLSTATE[42S02]: Base table or view not found: 1146 Table 'ebibliotekav2_baza.sessions' doesn't exist (Connection: mysql, SQL: select * from `sessions` where `id` = mHTqweHcwBUgJAxdAtgvpvtpiWP4Z5LCF9YJkb87 limit 1) at C:\\Users\\Stefan\\Desktop\\Iteh\\EbibliotekaV2\\vendor\\laravel\\framework\\src\\Illuminate\\Database\\Connection.php:824)
[stacktrace]
#0 C:\\Users\\Stefan\\Desktop\\Iteh\\EbibliotekaV2\\vendor\\laravel\\framework\\src\\Illuminate\\Database\\Connection.php(778): Illuminate\\Database\\Connection->runQueryCallback('select * from `...', Array, Object(Closure))
#1 C:\\Users\\Stefan\\Desktop\\Iteh\\EbibliotekaV2\\vendor\\laravel\\framework\\src\\Illuminate\\Database\\Connection.php(397): Illuminate\\Database\\Connection->run('select * from `...', Array, Object(Closure))
#2 C:\\Users\\Stefan\\Desktop\\Iteh\\EbibliotekaV2\\vendor\\laravel\\framework\\src\\Illuminate\\Database\\Query\\Builder.php(3188): Illuminate\\Database\\Connection->select('select * from `...', Array, false)
#3 C:\\Users\\Stefan\\Desktop\\Iteh\\EbibliotekaV2\\vendor\\laravel\\framework\\src\\Illuminate\\Database\\Query\\Builder.php(3173): Illuminate\\Database\\Query\\Builder->runSelect()
#4 C:\\Users\\Stefan\\Desktop\\Iteh\\EbibliotekaV2\\vendor\\laravel\\framework\\src\\Illuminate\\Database\\Query\\Builder.php(3763): Illuminate\\Database\\Query\\Builder->Illuminate\\Database\\Query\\{closure}()
#5 C:\\Users\\Stefan\\Desktop\\Iteh\\EbibliotekaV2\\vendor\\laravel\\framework\\src\\Illuminate\\Database\\Query\\Builder.php(3172): Illuminate\\Database\\Query\\Builder->onceWithColumns(Array, Object(Closure))
#6 C:\\Users\\Stefan\\Desktop\\Iteh\\EbibliotekaV2\\vendor\\laravel\\framework\\src\\Illuminate\\Database\\Concerns\\BuildsQueries.php(366): Illuminate\\Database\\Query\\Builder->get(Array)
#7 C:\\Users\\Stefan\\Desktop\\Iteh\\EbibliotekaV2\\vendor\\laravel\\framework\\src\\Illuminate\\Database\\Query\\Builder.php(3095): Illuminate\\Database\\Query\\Builder->first(Array)
#8 C:\\Users\\Stefan\\Desktop\\Iteh\\EbibliotekaV2\\vendor\\laravel\\framework\\src\\Illuminate\\Session\\DatabaseSessionHandler.php(96): Illuminate\\Database\\Query\\Builder->find('mHTqweHcwBUgJAx...')
#9 C:\\Users\\Stefan\\Desktop\\Iteh\\EbibliotekaV2\\vendor\\laravel\\framework\\src\\Illuminate\\Session\\Store.php(116): Illuminate\\Session\\DatabaseSessionHandler->read('mHTqweHcwBUgJAx...')
#10 C:\\Users\\Stefan\\Desktop\\Iteh\\EbibliotekaV2\\vendor\\laravel\\framework\\src\\Illuminate\\Session\\Store.php(104): Illuminate\\Session\\Store->readFromHandler()
#11 C:\\Users\\Stefan\\Desktop\\Iteh\\EbibliotekaV2\\vendor\\laravel\\framework\\src\\Illuminate\\Session\\Store.php(88): Illuminate\\Session\\Store->loadSession()
#12 C:\\Users\\Stefan\\Desktop\\Iteh\\EbibliotekaV2\\vendor\\laravel\\framework\\src\\Illuminate\\Session\\Middleware\\StartSession.php(146): Illuminate\\Session\\Store->start()
#13 C:\\Users\\Stefan\\Desktop\\Iteh\\EbibliotekaV2\\vendor\\laravel\\framework\\src\\Illuminate\\Support\\helpers.php(399): Illuminate\\Session\\Middleware\\StartSession->Illuminate\\Session\\Middleware\\{closure}(Object(Illuminate\\Session\\Store))
#14 C:\\Users\\Stefan\\Desktop\\Iteh\\EbibliotekaV2\\vendor\\laravel\\framework\\src\\Illuminate\\Session\\Middleware\\StartSession.php(143): tap(Object(Illuminate\\Session\\Store), Object(Closure))
#15 C:\\Users\\Stefan\\Desktop\\Iteh\\EbibliotekaV2\\vendor\\laravel\\framework\\src\\Illuminate\\Session\\Middleware\\StartSession.php(115): Illuminate\\Session\\Middleware\\StartSession->startSession(Object(Illuminate\\Http\\Request), Object(Illuminate\\Session\\Store))
#16 C:\\Users\\Stefan\\Desktop\\Iteh\\EbibliotekaV2\\vendor\\laravel\\framework\\src\\Illuminate\\Session\\Middleware\\StartSession.php(63): Illuminate\\Session\\Middleware\\StartSession->handleStatefulRequest(Object(Illuminate\\Http\\Request), Object(Illuminate\\Session\\Store), Object(Closure))
#17 C:\\Users\\Stefan\\Desktop\\Iteh\\EbibliotekaV2\\vendor\\laravel\\framework\\src\\Illuminate\\Pipeline\\Pipeline.php(219): Illuminate\\Session\\Middleware\\StartSession->handle(Object(Illuminate\\Http\\Request), Object(Closure))
#18 C:\\Users\\Stefan\\Desktop\\Iteh\\EbibliotekaV2\\vendor\\laravel\\framework\\src\\Illuminate\\Cookie\\Middleware\\AddQueuedCookiesToResponse.php(36): Illuminate\\Pipeline\\Pipeline->Illuminate\\Pipeline\\{closure}(Object(Illuminate\\Http\\Request))
#19 C:\\Users\\Stefan\\Desktop\\Iteh\\EbibliotekaV2\\vendor\\laravel\\framework\\src\\Illuminate\\Pipeline\\Pipeline.php(219): Illuminate\\Cookie\\Middleware\\AddQueuedCookiesToResponse->handle(Object(Illuminate\\Http\\Request), Object(Closure))
#20 C:\\Users\\Stefan\\Desktop\\Iteh\\EbibliotekaV2\\vendor\\laravel\\framework\\src\\Illuminate\\Cookie\\Middleware\\EncryptCookies.php(74): Illuminate\\Pipeline\\Pipeline->Illuminate\\Pipeline\\{closure}(Object(Illuminate\\Http\\Request))
#21 C:\\Users\\Stefan\\Desktop\\Iteh\\EbibliotekaV2\\vendor\\laravel\\framework\\src\\Illuminate\\Pipeline\\Pipeline.php(219): Illuminate\\Cookie\\Middleware\\EncryptCookies->handle(Object(Illuminate\\Http\\Request), Object(Closure))
#22 C:\\Users\\Stefan\\Desktop\\Iteh\\EbibliotekaV2\\vendor\\laravel\\framework\\src\\Illuminate\\Pipeline\\Pipeline.php(137): Illuminate\\Pipeline\\Pipeline->Illuminate\\Pipeline\\{closure}(Object(Illuminate\\Http\\Request))
#23 C:\\Users\\Stefan\\Desktop\\Iteh\\EbibliotekaV2\\vendor\\laravel\\framework\\src\\Illuminate\\Routing\\Router.php(821): Illuminate\\Pipeline\\Pipeline->then(Object(Closure))
#24 C:\\Users\\Stefan\\Desktop\\Iteh\\EbibliotekaV2\\vendor\\laravel\\framework\\src\\Illuminate\\Routing\\Router.php(800): Illuminate\\Routing\\Router->runRouteWithinStack(Object(Illuminate\\Routing\\Route), Object(Illuminate\\Http\\Request))
#25 C:\\Users\\Stefan\\Desktop\\Iteh\\EbibliotekaV2\\vendor\\laravel\\framework\\src\\Illuminate\\Routing\\Router.php(764): Illuminate\\Routing\\Router->runRoute(Object(Illuminate\\Http\\Request), Object(Illuminate\\Routing\\Route))
#26 C:\\Users\\Stefan\\Desktop\\Iteh\\EbibliotekaV2\\vendor\\laravel\\framework\\src\\Illuminate\\Routing\\Router.php(753): Illuminate\\Routing\\Router->dispatchToRoute(Object(Illuminate\\Http\\Request))
#27 C:\\Users\\Stefan\\Desktop\\Iteh\\EbibliotekaV2\\vendor\\laravel\\framework\\src\\Illuminate\\Foundation\\Http\\Kernel.php(200): Illuminate\\Routing\\Router->dispatch(Object(Illuminate\\Http\\Request))
#28 C:\\Users\\Stefan\\Desktop\\Iteh\\EbibliotekaV2\\vendor\\laravel\\framework\\src\\Illuminate\\Pipeline\\Pipeline.php(180): Illuminate\\Foundation\\Http\\Kernel->Illuminate\\Foundation\\Http\\{closure}(Object(Illuminate\\Http\\Request))
#29 C:\\Users\\Stefan\\Desktop\\Iteh\\EbibliotekaV2\\vendor\\laravel\\framework\\src\\Illuminate\\Foundation\\Http\\Middleware\\TransformsRequest.php(21): Illuminate\\Pipeline\\Pipeline->Illuminate\\Pipeline\\{closure}(Object(Illuminate\\Http\\Request))
#30 C:\\Users\\Stefan\\Desktop\\Iteh\\EbibliotekaV2\\vendor\\laravel\\framework\\src\\Illuminate\\Foundation\\Http\\Middleware\\ConvertEmptyStringsToNull.php(31): Illuminate\\Foundation\\Http\\Middleware\\TransformsRequest->handle(Object(Illuminate\\Http\\Request), Object(Closure))
#31 C:\\Users\\Stefan\\Desktop\\Iteh\\EbibliotekaV2\\vendor\\laravel\\framework\\src\\Illuminate\\Pipeline\\Pipeline.php(219): Illuminate\\Foundation\\Http\\Middleware\\ConvertEmptyStringsToNull->handle(Object(Illuminate\\Http\\Request), Object(Closure))
#32 C:\\Users\\Stefan\\Desktop\\Iteh\\EbibliotekaV2\\vendor\\laravel\\framework\\src\\Illuminate\\Foundation\\Http\\Middleware\\TransformsRequest.php(21): Illuminate\\Pipeline\\Pipeline->Illuminate\\Pipeline\\{closure}(Object(Illuminate\\Http\\Request))
#33 C:\\Users\\Stefan\\Desktop\\Iteh\\EbibliotekaV2\\vendor\\laravel\\framework\\src\\Illuminate\\Foundation\\Http\\Middleware\\TrimStrings.php(51): Illuminate\\Foundation\\Http\\Middleware\\TransformsRequest->handle(Object(Illuminate\\Http\\Request), Object(Closure))
#34 C:\\Users\\Stefan\\Desktop\\Iteh\\EbibliotekaV2\\vendor\\laravel\\framework\\src\\Illuminate\\Pipeline\\Pipeline.php(219): Illuminate\\Foundation\\Http\\Middleware\\TrimStrings->handle(Object(Illuminate\\Http\\Request), Object(Closure))
#35 C:\\Users\\Stefan\\Desktop\\Iteh\\EbibliotekaV2\\vendor\\laravel\\framework\\src\\Illuminate\\Http\\Middleware\\ValidatePostSize.php(27): Illuminate\\Pipeline\\Pipeline->Illuminate\\Pipeline\\{closure}(Object(Illuminate\\Http\\Request))
#36 C:\\Users\\Stefan\\Desktop\\Iteh\\EbibliotekaV2\\vendor\\laravel\\framework\\src\\Illuminate\\Pipeline\\Pipeline.php(219): Illuminate\\Http\\Middleware\\ValidatePostSize->handle(Object(Illuminate\\Http\\Request), Object(Closure))
#37 C:\\Users\\Stefan\\Desktop\\Iteh\\EbibliotekaV2\\vendor\\laravel\\framework\\src\\Illuminate\\Foundation\\Http\\Middleware\\PreventRequestsDuringMaintenance.php(109): Illuminate\\Pipeline\\Pipeline->Illuminate\\Pipeline\\{closure}(Object(Illuminate\\Http\\Request))
#38 C:\\Users\\Stefan\\Desktop\\Iteh\\EbibliotekaV2\\vendor\\laravel\\framework\\src\\Illuminate\\Pipeline\\Pipeline.php(219): Illuminate\\Foundation\\Http\\Middleware\\PreventRequestsDuringMaintenance->handle(Object(Illuminate\\Http\\Request), Object(Closure))
#39 C:\\Users\\Stefan\\Desktop\\Iteh\\EbibliotekaV2\\vendor\\laravel\\framework\\src\\Illuminate\\Http\\Middleware\\HandleCors.php(48): Illuminate\\Pipeline\\Pipeline->Illuminate\\Pipeline\\{closure}(Object(Illuminate\\Http\\Request))
#40 C:\\Users\\Stefan\\Desktop\\Iteh\\EbibliotekaV2\\vendor\\laravel\\framework\\src\\Illuminate\\Pipeline\\Pipeline.php(219): Illuminate\\Http\\Middleware\\HandleCors->handle(Object(Illuminate\\Http\\Request), Object(Closure))
#41 C:\\Users\\Stefan\\Desktop\\Iteh\\EbibliotekaV2\\vendor\\laravel\\framework\\src\\Illuminate\\Http\\Middleware\\TrustProxies.php(58): Illuminate\\Pipeline\\Pipeline->Illuminate\\Pipeline\\{closure}(Object(Illuminate\\Http\\Request))
#42 C:\\Users\\Stefan\\Desktop\\Iteh\\EbibliotekaV2\\vendor\\laravel\\framework\\src\\Illuminate\\Pipeline\\Pipeline.php(219): Illuminate\\Http\\Middleware\\TrustProxies->handle(Object(Illuminate\\Http\\Request), Object(Closure))
#43 C:\\Users\\Stefan\\Desktop\\Iteh\\EbibliotekaV2\\vendor\\laravel\\framework\\src\\Illuminate\\Foundation\\Http\\Middleware\\InvokeDeferredCallbacks.php(22): Illuminate\\Pipeline\\Pipeline->Illuminate\\Pipeline\\{closure}(Object(Illuminate\\Http\\Request))
#44 C:\\Users\\Stefan\\Desktop\\Iteh\\EbibliotekaV2\\vendor\\laravel\\framework\\src\\Illuminate\\Pipeline\\Pipeline.php(219): Illuminate\\Foundation\\Http\\Middleware\\InvokeDeferredCallbacks->handle(Object(Illuminate\\Http\\Request), Object(Closure))
#45 C:\\Users\\Stefan\\Desktop\\Iteh\\EbibliotekaV2\\vendor\\laravel\\framework\\src\\Illuminate\\Http\\Middleware\\ValidatePathEncoding.php(26): Illuminate\\Pipeline\\Pipeline->Illuminate\\Pipeline\\{closure}(Object(Illuminate\\Http\\Request))
#46 C:\\Users\\Stefan\\Desktop\\Iteh\\EbibliotekaV2\\vendor\\laravel\\framework\\src\\Illuminate\\Pipeline\\Pipeline.php(219): Illuminate\\Http\\Middleware\\ValidatePathEncoding->handle(Object(Illuminate\\Http\\Request), Object(Closure))
#47 C:\\Users\\Stefan\\Desktop\\Iteh\\EbibliotekaV2\\vendor\\laravel\\framework\\src\\Illuminate\\Pipeline\\Pipeline.php(137): Illuminate\\Pipeline\\Pipeline->Illuminate\\Pipeline\\{closure}(Object(Illuminate\\Http\\Request))
#48 C:\\Users\\Stefan\\Desktop\\Iteh\\EbibliotekaV2\\vendor\\laravel\\framework\\src\\Illuminate\\Foundation\\Http\\Kernel.php(175): Illuminate\\Pipeline\\Pipeline->then(Object(Closure))
#49 C:\\Users\\Stefan\\Desktop\\Iteh\\EbibliotekaV2\\vendor\\laravel\\framework\\src\\Illuminate\\Foundation\\Http\\Kernel.php(144): Illuminate\\Foundation\\Http\\Kernel->sendRequestThroughRouter(Object(Illuminate\\Http\\Request))
#50 C:\\Users\\Stefan\\Desktop\\Iteh\\EbibliotekaV2\\vendor\\laravel\\framework\\src\\Illuminate\\Foundation\\Application.php(1219): Illuminate\\Foundation\\Http\\Kernel->handle(Object(Illuminate\\Http\\Request))
#51 C:\\Users\\Stefan\\Desktop\\Iteh\\EbibliotekaV2\\public\\index.php(20): Illuminate\\Foundation\\Application->handleRequest(Object(Illuminate\\Http\\Request))
#52 C:\\Users\\Stefan\\Desktop\\Iteh\\EbibliotekaV2\\vendor\\laravel\\framework\\src\\Illuminate\\Foundation\\resources\\server.php(23): require_once('C:\\\\Users\\\\Stefan...')
#53 {main}

[previous exception] [object] (PDOException(code: 42S02): SQLSTATE[42S02]: Base table or view not found: 1146 Table 'ebibliotekav2_baza.sessions' doesn't exist at C:\\Users\\Stefan\\Desktop\\Iteh\\EbibliotekaV2\\vendor\\laravel\\framework\\src\\Illuminate\\Database\\Connection.php:406)
[stacktrace]
#0 C:\\Users\\Stefan\\Desktop\\Iteh\\EbibliotekaV2\\vendor\\laravel\\framework\\src\\Illuminate\\Database\\Connection.php(406): PDO->prepare('select * from `...')
#1 C:\\Users\\Stefan\\Desktop\\Iteh\\EbibliotekaV2\\vendor\\laravel\\framework\\src\\Illuminate\\Database\\Connection.php(811): Illuminate\\Database\\Connection->Illuminate\\Database\\{closure}('select * from `...', Array)
#2 C:\\Users\\Stefan\\Desktop\\Iteh\\EbibliotekaV2\\vendor\\laravel\\framework\\src\\Illuminate\\Database\\Connection.php(778): Illuminate\\Database\\Connection->runQueryCallback('select * from `...', Array, Object(Closure))
#3 C:\\Users\\Stefan\\Desktop\\Iteh\\EbibliotekaV2\\vendor\\laravel\\framework\\src\\Illuminate\\Database\\Connection.php(397): Illuminate\\Database\\Connection->run('select * from `...', Array, Object(Closure))
#4 C:\\Users\\Stefan\\Desktop\\Iteh\\EbibliotekaV2\\vendor\\laravel\\framework\\src\\Illuminate\\Database\\Query\\Builder.php(3188): Illuminate\\Database\\Connection->select('select * from `...', Array, false)
#5 C:\\Users\\Stefan\\Desktop\\Iteh\\EbibliotekaV2\\vendor\\laravel\\framework\\src\\Illuminate\\Database\\Query\\Builder.php(3173): Illuminate\\Database\\Query\\Builder->runSelect()
#6 C:\\Users\\Stefan\\Desktop\\Iteh\\EbibliotekaV2\\vendor\\laravel\\framework\\src\\Illuminate\\Database\\Query\\Builder.php(3763): Illuminate\\Database\\Query\\Builder->Illuminate\\Database\\Query\\{closure}()
#7 C:\\Users\\Stefan\\Desktop\\Iteh\\EbibliotekaV2\\vendor\\laravel\\framework\\src\\Illuminate\\Database\\Query\\Builder.php(3172): Illuminate\\Database\\Query\\Builder->onceWithColumns(Array, Object(Closure))
#8 C:\\Users\\Stefan\\Desktop\\Iteh\\EbibliotekaV2\\vendor\\laravel\\framework\\src\\Illuminate\\Database\\Concerns\\BuildsQueries.php(366): Illuminate\\Database\\Query\\Builder->get(Array)
#9 C:\\Users\\Stefan\\Desktop\\Iteh\\EbibliotekaV2\\vendor\\laravel\\framework\\src\\Illuminate\\Database\\Query\\Builder.php(3095): Illuminate\\Database\\Query\\Builder->first(Array)
#10 C:\\Users\\Stefan\\Desktop\\Iteh\\EbibliotekaV2\\vendor\\laravel\\framework\\src\\Illuminate\\Session\\DatabaseSessionHandler.php(96): Illuminate\\Database\\Query\\Builder->find('mHTqweHcwBUgJAx...')
#11 C:\\Users\\Stefan\\Desktop\\Iteh\\EbibliotekaV2\\vendor\\laravel\\framework\\src\\Illuminate\\Session\\Store.php(116): Illuminate\\Session\\DatabaseSessionHandler->read('mHTqweHcwBUgJAx...')
#12 C:\\Users\\Stefan\\Desktop\\Iteh\\EbibliotekaV2\\vendor\\laravel\\framework\\src\\Illuminate\\Session\\Store.php(104): Illuminate\\Session\\Store->readFromHandler()
#13 C:\\Users\\Stefan\\Desktop\\Iteh\\EbibliotekaV2\\vendor\\laravel\\framework\\src\\Illuminate\\Session\\Store.php(88): Illuminate\\Session\\Store->loadSession()
#14 C:\\Users\\Stefan\\Desktop\\Iteh\\EbibliotekaV2\\vendor\\laravel\\framework\\src\\Illuminate\\Session\\Middleware\\StartSession.php(146): Illuminate\\Session\\Store->start()
#15 C:\\Users\\Stefan\\Desktop\\Iteh\\EbibliotekaV2\\vendor\\laravel\\framework\\src\\Illuminate\\Support\\helpers.php(399): Illuminate\\Session\\Middleware\\StartSession->Illuminate\\Session\\Middleware\\{closure}(Object(Illuminate\\Session\\Store))
#16 C:\\Users\\Stefan\\Desktop\\Iteh\\EbibliotekaV2\\vendor\\laravel\\framework\\src\\Illuminate\\Session\\Middleware\\StartSession.php(143): tap(Object(Illuminate\\Session\\Store), Object(Closure))
#17 C:\\Users\\Stefan\\Desktop\\Iteh\\EbibliotekaV2\\vendor\\laravel\\framework\\src\\Illuminate\\Session\\Middleware\\StartSession.php(115): Illuminate\\Session\\Middleware\\StartSession->startSession(Object(Illuminate\\Http\\Request), Object(Illuminate\\Session\\Store))
#18 C:\\Users\\Stefan\\Desktop\\Iteh\\EbibliotekaV2\\vendor\\laravel\\framework\\src\\Illuminate\\Session\\Middleware\\StartSession.php(63): Illuminate\\Session\\Middleware\\StartSession->handleStatefulRequest(Object(Illuminate\\Http\\Request), Object(Illuminate\\Session\\Store), Object(Closure))
#19 C:\\Users\\Stefan\\Desktop\\Iteh\\EbibliotekaV2\\vendor\\laravel\\framework\\src\\Illuminate\\Pipeline\\Pipeline.php(219): Illuminate\\Session\\Middleware\\StartSession->handle(Object(Illuminate\\Http\\Request), Object(Closure))
#20 C:\\Users\\Stefan\\Desktop\\Iteh\\EbibliotekaV2\\vendor\\laravel\\framework\\src\\Illuminate\\Cookie\\Middleware\\AddQueuedCookiesToResponse.php(36): Illuminate\\Pipeline\\Pipeline->Illuminate\\Pipeline\\{closure}(Object(Illuminate\\Http\\Request))
#21 C:\\Users\\Stefan\\Desktop\\Iteh\\EbibliotekaV2\\vendor\\laravel\\framework\\src\\Illuminate\\Pipeline\\Pipeline.php(219): Illuminate\\Cookie\\Middleware\\AddQueuedCookiesToResponse->handle(Object(Illuminate\\Http\\Request), Object(Closure))
#22 C:\\Users\\Stefan\\Desktop\\Iteh\\EbibliotekaV2\\vendor\\laravel\\framework\\src\\Illuminate\\Cookie\\Middleware\\EncryptCookies.php(74): Illuminate\\Pipeline\\Pipeline->Illuminate\\Pipeline\\{closure}(Object(Illuminate\\Http\\Request))
#23 C:\\Users\\Stefan\\Desktop\\Iteh\\EbibliotekaV2\\vendor\\laravel\\framework\\src\\Illuminate\\Pipeline\\Pipeline.php(219): Illuminate\\Cookie\\Middleware\\EncryptCookies->handle(Object(Illuminate\\Http\\Request), Object(Closure))
#24 C:\\Users\\Stefan\\Desktop\\Iteh\\EbibliotekaV2\\vendor\\laravel\\framework\\src\\Illuminate\\Pipeline\\Pipeline.php(137): Illuminate\\Pipeline\\Pipeline->Illuminate\\Pipeline\\{closure}(Object(Illuminate\\Http\\Request))
#25 C:\\Users\\Stefan\\Desktop\\Iteh\\EbibliotekaV2\\vendor\\laravel\\framework\\src\\Illuminate\\Routing\\Router.php(821): Illuminate\\Pipeline\\Pipeline->then(Object(Closure))
#26 C:\\Users\\Stefan\\Desktop\\Iteh\\EbibliotekaV2\\vendor\\laravel\\framework\\src\\Illuminate\\Routing\\Router.php(800): Illuminate\\Routing\\Router->runRouteWithinStack(Object(Illuminate\\Routing\\Route), Object(Illuminate\\Http\\Request))
#27 C:\\Users\\Stefan\\Desktop\\Iteh\\EbibliotekaV2\\vendor\\laravel\\framework\\src\\Illuminate\\Routing\\Router.php(764): Illuminate\\Routing\\Router->runRoute(Object(Illuminate\\Http\\Request), Object(Illuminate\\Routing\\Route))
#28 C:\\Users\\Stefan\\Desktop\\Iteh\\EbibliotekaV2\\vendor\\laravel\\framework\\src\\Illuminate\\Routing\\Router.php(753): Illuminate\\Routing\\Router->dispatchToRoute(Object(Illuminate\\Http\\Request))
#29 C:\\Users\\Stefan\\Desktop\\Iteh\\EbibliotekaV2\\vendor\\laravel\\framework\\src\\Illuminate\\Foundation\\Http\\Kernel.php(200): Illuminate\\Routing\\Router->dispatch(Object(Illuminate\\Http\\Request))
#30 C:\\Users\\Stefan\\Desktop\\Iteh\\EbibliotekaV2\\vendor\\laravel\\framework\\src\\Illuminate\\Pipeline\\Pipeline.php(180): Illuminate\\Foundation\\Http\\Kernel->Illuminate\\Foundation\\Http\\{closure}(Object(Illuminate\\Http\\Request))
#31 C:\\Users\\Stefan\\Desktop\\Iteh\\EbibliotekaV2\\vendor\\laravel\\framework\\src\\Illuminate\\Foundation\\Http\\Middleware\\TransformsRequest.php(21): Illuminate\\Pipeline\\Pipeline->Illuminate\\Pipeline\\{closure}(Object(Illuminate\\Http\\Request))
#32 C:\\Users\\Stefan\\Desktop\\Iteh\\EbibliotekaV2\\vendor\\laravel\\framework\\src\\Illuminate\\Foundation\\Http\\Middleware\\ConvertEmptyStringsToNull.php(31): Illuminate\\Foundation\\Http\\Middleware\\TransformsRequest->handle(Object(Illuminate\\Http\\Request), Object(Closure))
#33 C:\\Users\\Stefan\\Desktop\\Iteh\\EbibliotekaV2\\vendor\\laravel\\framework\\src\\Illuminate\\Pipeline\\Pipeline.php(219): Illuminate\\Foundation\\Http\\Middleware\\ConvertEmptyStringsToNull->handle(Object(Illuminate\\Http\\Request), Object(Closure))
#34 C:\\Users\\Stefan\\Desktop\\Iteh\\EbibliotekaV2\\vendor\\laravel\\framework\\src\\Illuminate\\Foundation\\Http\\Middleware\\TransformsRequest.php(21): Illuminate\\Pipeline\\Pipeline->Illuminate\\Pipeline\\{closure}(Object(Illuminate\\Http\\Request))
#35 C:\\Users\\Stefan\\Desktop\\Iteh\\EbibliotekaV2\\vendor\\laravel\\framework\\src\\Illuminate\\Foundation\\Http\\Middleware\\TrimStrings.php(51): Illuminate\\Foundation\\Http\\Middleware\\TransformsRequest->handle(Object(Illuminate\\Http\\Request), Object(Closure))
#36 C:\\Users\\Stefan\\Desktop\\Iteh\\EbibliotekaV2\\vendor\\laravel\\framework\\src\\Illuminate\\Pipeline\\Pipeline.php(219): Illuminate\\Foundation\\Http\\Middleware\\TrimStrings->handle(Object(Illuminate\\Http\\Request), Object(Closure))
#37 C:\\Users\\Stefan\\Desktop\\Iteh\\EbibliotekaV2\\vendor\\laravel\\framework\\src\\Illuminate\\Http\\Middleware\\ValidatePostSize.php(27): Illuminate\\Pipeline\\Pipeline->Illuminate\\Pipeline\\{closure}(Object(Illuminate\\Http\\Request))
#38 C:\\Users\\Stefan\\Desktop\\Iteh\\EbibliotekaV2\\vendor\\laravel\\framework\\src\\Illuminate\\Pipeline\\Pipeline.php(219): Illuminate\\Http\\Middleware\\ValidatePostSize->handle(Object(Illuminate\\Http\\Request), Object(Closure))
#39 C:\\Users\\Stefan\\Desktop\\Iteh\\EbibliotekaV2\\vendor\\laravel\\framework\\src\\Illuminate\\Foundation\\Http\\Middleware\\PreventRequestsDuringMaintenance.php(109): Illuminate\\Pipeline\\Pipeline->Illuminate\\Pipeline\\{closure}(Object(Illuminate\\Http\\Request))
#40 C:\\Users\\Stefan\\Desktop\\Iteh\\EbibliotekaV2\\vendor\\laravel\\framework\\src\\Illuminate\\Pipeline\\Pipeline.php(219): Illuminate\\Foundation\\Http\\Middleware\\PreventRequestsDuringMaintenance->handle(Object(Illuminate\\Http\\Request), Object(Closure))
#41 C:\\Users\\Stefan\\Desktop\\Iteh\\EbibliotekaV2\\vendor\\laravel\\framework\\src\\Illuminate\\Http\\Middleware\\HandleCors.php(48): Illuminate\\Pipeline\\Pipeline->Illuminate\\Pipeline\\{closure}(Object(Illuminate\\Http\\Request))
#42 C:\\Users\\Stefan\\Desktop\\Iteh\\EbibliotekaV2\\vendor\\laravel\\framework\\src\\Illuminate\\Pipeline\\Pipeline.php(219): Illuminate\\Http\\Middleware\\HandleCors->handle(Object(Illuminate\\Http\\Request), Object(Closure))
#43 C:\\Users\\Stefan\\Desktop\\Iteh\\EbibliotekaV2\\vendor\\laravel\\framework\\src\\Illuminate\\Http\\Middleware\\TrustProxies.php(58): Illuminate\\Pipeline\\Pipeline->Illuminate\\Pipeline\\{closure}(Object(Illuminate\\Http\\Request))
#44 C:\\Users\\Stefan\\Desktop\\Iteh\\EbibliotekaV2\\vendor\\laravel\\framework\\src\\Illuminate\\Pipeline\\Pipeline.php(219): Illuminate\\Http\\Middleware\\TrustProxies->handle(Object(Illuminate\\Http\\Request), Object(Closure))
#45 C:\\Users\\Stefan\\Desktop\\Iteh\\EbibliotekaV2\\vendor\\laravel\\framework\\src\\Illuminate\\Foundation\\Http\\Middleware\\InvokeDeferredCallbacks.php(22): Illuminate\\Pipeline\\Pipeline->Illuminate\\Pipeline\\{closure}(Object(Illuminate\\Http\\Request))
#46 C:\\Users\\Stefan\\Desktop\\Iteh\\EbibliotekaV2\\vendor\\laravel\\framework\\src\\Illuminate\\Pipeline\\Pipeline.php(219): Illuminate\\Foundation\\Http\\Middleware\\InvokeDeferredCallbacks->handle(Object(Illuminate\\Http\\Request), Object(Closure))
#47 C:\\Users\\Stefan\\Desktop\\Iteh\\EbibliotekaV2\\vendor\\laravel\\framework\\src\\Illuminate\\Http\\Middleware\\ValidatePathEncoding.php(26): Illuminate\\Pipeline\\Pipeline->Illuminate\\Pipeline\\{closure}(Object(Illuminate\\Http\\Request))
#48 C:\\Users\\Stefan\\Desktop\\Iteh\\EbibliotekaV2\\vendor\\laravel\\framework\\src\\Illuminate\\Pipeline\\Pipeline.php(219): Illuminate\\Http\\Middleware\\ValidatePathEncoding->handle(Object(Illuminate\\Http\\Request), Object(Closure))
#49 C:\\Users\\Stefan\\Desktop\\Iteh\\EbibliotekaV2\\vendor\\laravel\\framework\\src\\Illuminate\\Pipeline\\Pipeline.php(137): Illuminate\\Pipeline\\Pipeline->Illuminate\\Pipeline\\{closure}(Object(Illuminate\\Http\\Request))
#50 C:\\Users\\Stefan\\Desktop\\Iteh\\EbibliotekaV2\\vendor\\laravel\\framework\\src\\Illuminate\\Foundation\\Http\\Kernel.php(175): Illuminate\\Pipeline\\Pipeline->then(Object(Closure))
#51 C:\\Users\\Stefan\\Desktop\\Iteh\\EbibliotekaV2\\vendor\\laravel\\framework\\src\\Illuminate\\Foundation\\Http\\Kernel.php(144): Illuminate\\Foundation\\Http\\Kernel->sendRequestThroughRouter(Object(Illuminate\\Http\\Request))
#52 C:\\Users\\Stefan\\Desktop\\Iteh\\EbibliotekaV2\\vendor\\laravel\\framework\\src\\Illuminate\\Foundation\\Application.php(1219): Illuminate\\Foundation\\Http\\Kernel->handle(Object(Illuminate\\Http\\Request))
#53 C:\\Users\\Stefan\\Desktop\\Iteh\\EbibliotekaV2\\public\\index.php(20): Illuminate\\Foundation\\Application->handleRequest(Object(Illuminate\\Http\\Request))
#54 C:\\Users\\Stefan\\Desktop\\Iteh\\EbibliotekaV2\\vendor\\laravel\\framework\\src\\Illuminate\\Foundation\\resources\\server.php(23): require_once('C:\\\\Users\\\\Stefan...')
#55 {main}
"} 
[2025-08-23 19:45:56] local.ERROR: SQLSTATE[42S02]: Base table or view not found: 1146 Table 'ebibliotekav2_baza.sessions' doesn't exist (Connection: mysql, SQL: select * from `sessions` where `id` = Uvt8KmjypIN0a00iweeCtkFxN4ppjbWynoaWk1TS limit 1) {"exception":"[object] (Illuminate\\Database\\QueryException(code: 42S02): SQLSTATE[42S02]: Base table or view not found: 1146 Table 'ebibliotekav2_baza.sessions' doesn't exist (Connection: mysql, SQL: select * from `sessions` where `id` = Uvt8KmjypIN0a00iweeCtkFxN4ppjbWynoaWk1TS limit 1) at C:\\Users\\Stefan\\Desktop\\Iteh\\EbibliotekaV2\\vendor\\laravel\\framework\\src\\Illuminate\\Database\\Connection.php:824)
[stacktrace]
#0 C:\\Users\\Stefan\\Desktop\\Iteh\\EbibliotekaV2\\vendor\\laravel\\framework\\src\\Illuminate\\Database\\Connection.php(778): Illuminate\\Database\\Connection->runQueryCallback('select * from `...', Array, Object(Closure))
#1 C:\\Users\\Stefan\\Desktop\\Iteh\\EbibliotekaV2\\vendor\\laravel\\framework\\src\\Illuminate\\Database\\Connection.php(397): Illuminate\\Database\\Connection->run('select * from `...', Array, Object(Closure))
#2 C:\\Users\\Stefan\\Desktop\\Iteh\\EbibliotekaV2\\vendor\\laravel\\framework\\src\\Illuminate\\Database\\Query\\Builder.php(3188): Illuminate\\Database\\Connection->select('select * from `...', Array, false)
#3 C:\\Users\\Stefan\\Desktop\\Iteh\\EbibliotekaV2\\vendor\\laravel\\framework\\src\\Illuminate\\Database\\Query\\Builder.php(3173): Illuminate\\Database\\Query\\Builder->runSelect()
#4 C:\\Users\\Stefan\\Desktop\\Iteh\\EbibliotekaV2\\vendor\\laravel\\framework\\src\\Illuminate\\Database\\Query\\Builder.php(3763): Illuminate\\Database\\Query\\Builder->Illuminate\\Database\\Query\\{closure}()
#5 C:\\Users\\Stefan\\Desktop\\Iteh\\EbibliotekaV2\\vendor\\laravel\\framework\\src\\Illuminate\\Database\\Query\\Builder.php(3172): Illuminate\\Database\\Query\\Builder->onceWithColumns(Array, Object(Closure))
#6 C:\\Users\\Stefan\\Desktop\\Iteh\\EbibliotekaV2\\vendor\\laravel\\framework\\src\\Illuminate\\Database\\Concerns\\BuildsQueries.php(366): Illuminate\\Database\\Query\\Builder->get(Array)
#7 C:\\Users\\Stefan\\Desktop\\Iteh\\EbibliotekaV2\\vendor\\laravel\\framework\\src\\Illuminate\\Database\\Query\\Builder.php(3095): Illuminate\\Database\\Query\\Builder->first(Array)
#8 C:\\Users\\Stefan\\Desktop\\Iteh\\EbibliotekaV2\\vendor\\laravel\\framework\\src\\Illuminate\\Session\\DatabaseSessionHandler.php(96): Illuminate\\Database\\Query\\Builder->find('Uvt8KmjypIN0a00...')
#9 C:\\Users\\Stefan\\Desktop\\Iteh\\EbibliotekaV2\\vendor\\laravel\\framework\\src\\Illuminate\\Session\\Store.php(116): Illuminate\\Session\\DatabaseSessionHandler->read('Uvt8KmjypIN0a00...')
#10 C:\\Users\\Stefan\\Desktop\\Iteh\\EbibliotekaV2\\vendor\\laravel\\framework\\src\\Illuminate\\Session\\Store.php(104): Illuminate\\Session\\Store->readFromHandler()
#11 C:\\Users\\Stefan\\Desktop\\Iteh\\EbibliotekaV2\\vendor\\laravel\\framework\\src\\Illuminate\\Session\\Store.php(88): Illuminate\\Session\\Store->loadSession()
#12 C:\\Users\\Stefan\\Desktop\\Iteh\\EbibliotekaV2\\vendor\\laravel\\framework\\src\\Illuminate\\Session\\Middleware\\StartSession.php(146): Illuminate\\Session\\Store->start()
#13 C:\\Users\\Stefan\\Desktop\\Iteh\\EbibliotekaV2\\vendor\\laravel\\framework\\src\\Illuminate\\Support\\helpers.php(399): Illuminate\\Session\\Middleware\\StartSession->Illuminate\\Session\\Middleware\\{closure}(Object(Illuminate\\Session\\Store))
#14 C:\\Users\\Stefan\\Desktop\\Iteh\\EbibliotekaV2\\vendor\\laravel\\framework\\src\\Illuminate\\Session\\Middleware\\StartSession.php(143): tap(Object(Illuminate\\Session\\Store), Object(Closure))
#15 C:\\Users\\Stefan\\Desktop\\Iteh\\EbibliotekaV2\\vendor\\laravel\\framework\\src\\Illuminate\\Session\\Middleware\\StartSession.php(115): Illuminate\\Session\\Middleware\\StartSession->startSession(Object(Illuminate\\Http\\Request), Object(Illuminate\\Session\\Store))
#16 C:\\Users\\Stefan\\Desktop\\Iteh\\EbibliotekaV2\\vendor\\laravel\\framework\\src\\Illuminate\\Session\\Middleware\\StartSession.php(63): Illuminate\\Session\\Middleware\\StartSession->handleStatefulRequest(Object(Illuminate\\Http\\Request), Object(Illuminate\\Session\\Store), Object(Closure))
#17 C:\\Users\\Stefan\\Desktop\\Iteh\\EbibliotekaV2\\vendor\\laravel\\framework\\src\\Illuminate\\Pipeline\\Pipeline.php(219): Illuminate\\Session\\Middleware\\StartSession->handle(Object(Illuminate\\Http\\Request), Object(Closure))
#18 C:\\Users\\Stefan\\Desktop\\Iteh\\EbibliotekaV2\\vendor\\laravel\\framework\\src\\Illuminate\\Cookie\\Middleware\\AddQueuedCookiesToResponse.php(36): Illuminate\\Pipeline\\Pipeline->Illuminate\\Pipeline\\{closure}(Object(Illuminate\\Http\\Request))
#19 C:\\Users\\Stefan\\Desktop\\Iteh\\EbibliotekaV2\\vendor\\laravel\\framework\\src\\Illuminate\\Pipeline\\Pipeline.php(219): Illuminate\\Cookie\\Middleware\\AddQueuedCookiesToResponse->handle(Object(Illuminate\\Http\\Request), Object(Closure))
#20 C:\\Users\\Stefan\\Desktop\\Iteh\\EbibliotekaV2\\vendor\\laravel\\framework\\src\\Illuminate\\Cookie\\Middleware\\EncryptCookies.php(74): Illuminate\\Pipeline\\Pipeline->Illuminate\\Pipeline\\{closure}(Object(Illuminate\\Http\\Request))
#21 C:\\Users\\Stefan\\Desktop\\Iteh\\EbibliotekaV2\\vendor\\laravel\\framework\\src\\Illuminate\\Pipeline\\Pipeline.php(219): Illuminate\\Cookie\\Middleware\\EncryptCookies->handle(Object(Illuminate\\Http\\Request), Object(Closure))
#22 C:\\Users\\Stefan\\Desktop\\Iteh\\EbibliotekaV2\\vendor\\laravel\\framework\\src\\Illuminate\\Pipeline\\Pipeline.php(137): Illuminate\\Pipeline\\Pipeline->Illuminate\\Pipeline\\{closure}(Object(Illuminate\\Http\\Request))
#23 C:\\Users\\Stefan\\Desktop\\Iteh\\EbibliotekaV2\\vendor\\laravel\\framework\\src\\Illuminate\\Routing\\Router.php(821): Illuminate\\Pipeline\\Pipeline->then(Object(Closure))
#24 C:\\Users\\Stefan\\Desktop\\Iteh\\EbibliotekaV2\\vendor\\laravel\\framework\\src\\Illuminate\\Routing\\Router.php(800): Illuminate\\Routing\\Router->runRouteWithinStack(Object(Illuminate\\Routing\\Route), Object(Illuminate\\Http\\Request))
#25 C:\\Users\\Stefan\\Desktop\\Iteh\\EbibliotekaV2\\vendor\\laravel\\framework\\src\\Illuminate\\Routing\\Router.php(764): Illuminate\\Routing\\Router->runRoute(Object(Illuminate\\Http\\Request), Object(Illuminate\\Routing\\Route))
#26 C:\\Users\\Stefan\\Desktop\\Iteh\\EbibliotekaV2\\vendor\\laravel\\framework\\src\\Illuminate\\Routing\\Router.php(753): Illuminate\\Routing\\Router->dispatchToRoute(Object(Illuminate\\Http\\Request))
#27 C:\\Users\\Stefan\\Desktop\\Iteh\\EbibliotekaV2\\vendor\\laravel\\framework\\src\\Illuminate\\Foundation\\Http\\Kernel.php(200): Illuminate\\Routing\\Router->dispatch(Object(Illuminate\\Http\\Request))
#28 C:\\Users\\Stefan\\Desktop\\Iteh\\EbibliotekaV2\\vendor\\laravel\\framework\\src\\Illuminate\\Pipeline\\Pipeline.php(180): Illuminate\\Foundation\\Http\\Kernel->Illuminate\\Foundation\\Http\\{closure}(Object(Illuminate\\Http\\Request))
#29 C:\\Users\\Stefan\\Desktop\\Iteh\\EbibliotekaV2\\vendor\\laravel\\framework\\src\\Illuminate\\Foundation\\Http\\Middleware\\TransformsRequest.php(21): Illuminate\\Pipeline\\Pipeline->Illuminate\\Pipeline\\{closure}(Object(Illuminate\\Http\\Request))
#30 C:\\Users\\Stefan\\Desktop\\Iteh\\EbibliotekaV2\\vendor\\laravel\\framework\\src\\Illuminate\\Foundation\\Http\\Middleware\\ConvertEmptyStringsToNull.php(31): Illuminate\\Foundation\\Http\\Middleware\\TransformsRequest->handle(Object(Illuminate\\Http\\Request), Object(Closure))
#31 C:\\Users\\Stefan\\Desktop\\Iteh\\EbibliotekaV2\\vendor\\laravel\\framework\\src\\Illuminate\\Pipeline\\Pipeline.php(219): Illuminate\\Foundation\\Http\\Middleware\\ConvertEmptyStringsToNull->handle(Object(Illuminate\\Http\\Request), Object(Closure))
#32 C:\\Users\\Stefan\\Desktop\\Iteh\\EbibliotekaV2\\vendor\\laravel\\framework\\src\\Illuminate\\Foundation\\Http\\Middleware\\TransformsRequest.php(21): Illuminate\\Pipeline\\Pipeline->Illuminate\\Pipeline\\{closure}(Object(Illuminate\\Http\\Request))
#33 C:\\Users\\Stefan\\Desktop\\Iteh\\EbibliotekaV2\\vendor\\laravel\\framework\\src\\Illuminate\\Foundation\\Http\\Middleware\\TrimStrings.php(51): Illuminate\\Foundation\\Http\\Middleware\\TransformsRequest->handle(Object(Illuminate\\Http\\Request), Object(Closure))
#34 C:\\Users\\Stefan\\Desktop\\Iteh\\EbibliotekaV2\\vendor\\laravel\\framework\\src\\Illuminate\\Pipeline\\Pipeline.php(219): Illuminate\\Foundation\\Http\\Middleware\\TrimStrings->handle(Object(Illuminate\\Http\\Request), Object(Closure))
#35 C:\\Users\\Stefan\\Desktop\\Iteh\\EbibliotekaV2\\vendor\\laravel\\framework\\src\\Illuminate\\Http\\Middleware\\ValidatePostSize.php(27): Illuminate\\Pipeline\\Pipeline->Illuminate\\Pipeline\\{closure}(Object(Illuminate\\Http\\Request))
#36 C:\\Users\\Stefan\\Desktop\\Iteh\\EbibliotekaV2\\vendor\\laravel\\framework\\src\\Illuminate\\Pipeline\\Pipeline.php(219): Illuminate\\Http\\Middleware\\ValidatePostSize->handle(Object(Illuminate\\Http\\Request), Object(Closure))
#37 C:\\Users\\Stefan\\Desktop\\Iteh\\EbibliotekaV2\\vendor\\laravel\\framework\\src\\Illuminate\\Foundation\\Http\\Middleware\\PreventRequestsDuringMaintenance.php(109): Illuminate\\Pipeline\\Pipeline->Illuminate\\Pipeline\\{closure}(Object(Illuminate\\Http\\Request))
#38 C:\\Users\\Stefan\\Desktop\\Iteh\\EbibliotekaV2\\vendor\\laravel\\framework\\src\\Illuminate\\Pipeline\\Pipeline.php(219): Illuminate\\Foundation\\Http\\Middleware\\PreventRequestsDuringMaintenance->handle(Object(Illuminate\\Http\\Request), Object(Closure))
#39 C:\\Users\\Stefan\\Desktop\\Iteh\\EbibliotekaV2\\vendor\\laravel\\framework\\src\\Illuminate\\Http\\Middleware\\HandleCors.php(48): Illuminate\\Pipeline\\Pipeline->Illuminate\\Pipeline\\{closure}(Object(Illuminate\\Http\\Request))
#40 C:\\Users\\Stefan\\Desktop\\Iteh\\EbibliotekaV2\\vendor\\laravel\\framework\\src\\Illuminate\\Pipeline\\Pipeline.php(219): Illuminate\\Http\\Middleware\\HandleCors->handle(Object(Illuminate\\Http\\Request), Object(Closure))
#41 C:\\Users\\Stefan\\Desktop\\Iteh\\EbibliotekaV2\\vendor\\laravel\\framework\\src\\Illuminate\\Http\\Middleware\\TrustProxies.php(58): Illuminate\\Pipeline\\Pipeline->Illuminate\\Pipeline\\{closure}(Object(Illuminate\\Http\\Request))
#42 C:\\Users\\Stefan\\Desktop\\Iteh\\EbibliotekaV2\\vendor\\laravel\\framework\\src\\Illuminate\\Pipeline\\Pipeline.php(219): Illuminate\\Http\\Middleware\\TrustProxies->handle(Object(Illuminate\\Http\\Request), Object(Closure))
#43 C:\\Users\\Stefan\\Desktop\\Iteh\\EbibliotekaV2\\vendor\\laravel\\framework\\src\\Illuminate\\Foundation\\Http\\Middleware\\InvokeDeferredCallbacks.php(22): Illuminate\\Pipeline\\Pipeline->Illuminate\\Pipeline\\{closure}(Object(Illuminate\\Http\\Request))
#44 C:\\Users\\Stefan\\Desktop\\Iteh\\EbibliotekaV2\\vendor\\laravel\\framework\\src\\Illuminate\\Pipeline\\Pipeline.php(219): Illuminate\\Foundation\\Http\\Middleware\\InvokeDeferredCallbacks->handle(Object(Illuminate\\Http\\Request), Object(Closure))
#45 C:\\Users\\Stefan\\Desktop\\Iteh\\EbibliotekaV2\\vendor\\laravel\\framework\\src\\Illuminate\\Http\\Middleware\\ValidatePathEncoding.php(26): Illuminate\\Pipeline\\Pipeline->Illuminate\\Pipeline\\{closure}(Object(Illuminate\\Http\\Request))
#46 C:\\Users\\Stefan\\Desktop\\Iteh\\EbibliotekaV2\\vendor\\laravel\\framework\\src\\Illuminate\\Pipeline\\Pipeline.php(219): Illuminate\\Http\\Middleware\\ValidatePathEncoding->handle(Object(Illuminate\\Http\\Request), Object(Closure))
#47 C:\\Users\\Stefan\\Desktop\\Iteh\\EbibliotekaV2\\vendor\\laravel\\framework\\src\\Illuminate\\Pipeline\\Pipeline.php(137): Illuminate\\Pipeline\\Pipeline->Illuminate\\Pipeline\\{closure}(Object(Illuminate\\Http\\Request))
#48 C:\\Users\\Stefan\\Desktop\\Iteh\\EbibliotekaV2\\vendor\\laravel\\framework\\src\\Illuminate\\Foundation\\Http\\Kernel.php(175): Illuminate\\Pipeline\\Pipeline->then(Object(Closure))
#49 C:\\Users\\Stefan\\Desktop\\Iteh\\EbibliotekaV2\\vendor\\laravel\\framework\\src\\Illuminate\\Foundation\\Http\\Kernel.php(144): Illuminate\\Foundation\\Http\\Kernel->sendRequestThroughRouter(Object(Illuminate\\Http\\Request))
#50 C:\\Users\\Stefan\\Desktop\\Iteh\\EbibliotekaV2\\vendor\\laravel\\framework\\src\\Illuminate\\Foundation\\Application.php(1219): Illuminate\\Foundation\\Http\\Kernel->handle(Object(Illuminate\\Http\\Request))
#51 C:\\Users\\Stefan\\Desktop\\Iteh\\EbibliotekaV2\\public\\index.php(20): Illuminate\\Foundation\\Application->handleRequest(Object(Illuminate\\Http\\Request))
#52 C:\\Users\\Stefan\\Desktop\\Iteh\\EbibliotekaV2\\vendor\\laravel\\framework\\src\\Illuminate\\Foundation\\resources\\server.php(23): require_once('C:\\\\Users\\\\Stefan...')
#53 {main}

[previous exception] [object] (PDOException(code: 42S02): SQLSTATE[42S02]: Base table or view not found: 1146 Table 'ebibliotekav2_baza.sessions' doesn't exist at C:\\Users\\Stefan\\Desktop\\Iteh\\EbibliotekaV2\\vendor\\laravel\\framework\\src\\Illuminate\\Database\\Connection.php:406)
[stacktrace]
#0 C:\\Users\\Stefan\\Desktop\\Iteh\\EbibliotekaV2\\vendor\\laravel\\framework\\src\\Illuminate\\Database\\Connection.php(406): PDO->prepare('select * from `...')
#1 C:\\Users\\Stefan\\Desktop\\Iteh\\EbibliotekaV2\\vendor\\laravel\\framework\\src\\Illuminate\\Database\\Connection.php(811): Illuminate\\Database\\Connection->Illuminate\\Database\\{closure}('select * from `...', Array)
#2 C:\\Users\\Stefan\\Desktop\\Iteh\\EbibliotekaV2\\vendor\\laravel\\framework\\src\\Illuminate\\Database\\Connection.php(778): Illuminate\\Database\\Connection->runQueryCallback('select * from `...', Array, Object(Closure))
#3 C:\\Users\\Stefan\\Desktop\\Iteh\\EbibliotekaV2\\vendor\\laravel\\framework\\src\\Illuminate\\Database\\Connection.php(397): Illuminate\\Database\\Connection->run('select * from `...', Array, Object(Closure))
#4 C:\\Users\\Stefan\\Desktop\\Iteh\\EbibliotekaV2\\vendor\\laravel\\framework\\src\\Illuminate\\Database\\Query\\Builder.php(3188): Illuminate\\Database\\Connection->select('select * from `...', Array, false)
#5 C:\\Users\\Stefan\\Desktop\\Iteh\\EbibliotekaV2\\vendor\\laravel\\framework\\src\\Illuminate\\Database\\Query\\Builder.php(3173): Illuminate\\Database\\Query\\Builder->runSelect()
#6 C:\\Users\\Stefan\\Desktop\\Iteh\\EbibliotekaV2\\vendor\\laravel\\framework\\src\\Illuminate\\Database\\Query\\Builder.php(3763): Illuminate\\Database\\Query\\Builder->Illuminate\\Database\\Query\\{closure}()
#7 C:\\Users\\Stefan\\Desktop\\Iteh\\EbibliotekaV2\\vendor\\laravel\\framework\\src\\Illuminate\\Database\\Query\\Builder.php(3172): Illuminate\\Database\\Query\\Builder->onceWithColumns(Array, Object(Closure))
#8 C:\\Users\\Stefan\\Desktop\\Iteh\\EbibliotekaV2\\vendor\\laravel\\framework\\src\\Illuminate\\Database\\Concerns\\BuildsQueries.php(366): Illuminate\\Database\\Query\\Builder->get(Array)
#9 C:\\Users\\Stefan\\Desktop\\Iteh\\EbibliotekaV2\\vendor\\laravel\\framework\\src\\Illuminate\\Database\\Query\\Builder.php(3095): Illuminate\\Database\\Query\\Builder->first(Array)
#10 C:\\Users\\Stefan\\Desktop\\Iteh\\EbibliotekaV2\\vendor\\laravel\\framework\\src\\Illuminate\\Session\\DatabaseSessionHandler.php(96): Illuminate\\Database\\Query\\Builder->find('Uvt8KmjypIN0a00...')
#11 C:\\Users\\Stefan\\Desktop\\Iteh\\EbibliotekaV2\\vendor\\laravel\\framework\\src\\Illuminate\\Session\\Store.php(116): Illuminate\\Session\\DatabaseSessionHandler->read('Uvt8KmjypIN0a00...')
#12 C:\\Users\\Stefan\\Desktop\\Iteh\\EbibliotekaV2\\vendor\\laravel\\framework\\src\\Illuminate\\Session\\Store.php(104): Illuminate\\Session\\Store->readFromHandler()
#13 C:\\Users\\Stefan\\Desktop\\Iteh\\EbibliotekaV2\\vendor\\laravel\\framework\\src\\Illuminate\\Session\\Store.php(88): Illuminate\\Session\\Store->loadSession()
#14 C:\\Users\\Stefan\\Desktop\\Iteh\\EbibliotekaV2\\vendor\\laravel\\framework\\src\\Illuminate\\Session\\Middleware\\StartSession.php(146): Illuminate\\Session\\Store->start()
#15 C:\\Users\\Stefan\\Desktop\\Iteh\\EbibliotekaV2\\vendor\\laravel\\framework\\src\\Illuminate\\Support\\helpers.php(399): Illuminate\\Session\\Middleware\\StartSession->Illuminate\\Session\\Middleware\\{closure}(Object(Illuminate\\Session\\Store))
#16 C:\\Users\\Stefan\\Desktop\\Iteh\\EbibliotekaV2\\vendor\\laravel\\framework\\src\\Illuminate\\Session\\Middleware\\StartSession.php(143): tap(Object(Illuminate\\Session\\Store), Object(Closure))
#17 C:\\Users\\Stefan\\Desktop\\Iteh\\EbibliotekaV2\\vendor\\laravel\\framework\\src\\Illuminate\\Session\\Middleware\\StartSession.php(115): Illuminate\\Session\\Middleware\\StartSession->startSession(Object(Illuminate\\Http\\Request), Object(Illuminate\\Session\\Store))
#18 C:\\Users\\Stefan\\Desktop\\Iteh\\EbibliotekaV2\\vendor\\laravel\\framework\\src\\Illuminate\\Session\\Middleware\\StartSession.php(63): Illuminate\\Session\\Middleware\\StartSession->handleStatefulRequest(Object(Illuminate\\Http\\Request), Object(Illuminate\\Session\\Store), Object(Closure))
#19 C:\\Users\\Stefan\\Desktop\\Iteh\\EbibliotekaV2\\vendor\\laravel\\framework\\src\\Illuminate\\Pipeline\\Pipeline.php(219): Illuminate\\Session\\Middleware\\StartSession->handle(Object(Illuminate\\Http\\Request), Object(Closure))
#20 C:\\Users\\Stefan\\Desktop\\Iteh\\EbibliotekaV2\\vendor\\laravel\\framework\\src\\Illuminate\\Cookie\\Middleware\\AddQueuedCookiesToResponse.php(36): Illuminate\\Pipeline\\Pipeline->Illuminate\\Pipeline\\{closure}(Object(Illuminate\\Http\\Request))
#21 C:\\Users\\Stefan\\Desktop\\Iteh\\EbibliotekaV2\\vendor\\laravel\\framework\\src\\Illuminate\\Pipeline\\Pipeline.php(219): Illuminate\\Cookie\\Middleware\\AddQueuedCookiesToResponse->handle(Object(Illuminate\\Http\\Request), Object(Closure))
#22 C:\\Users\\Stefan\\Desktop\\Iteh\\EbibliotekaV2\\vendor\\laravel\\framework\\src\\Illuminate\\Cookie\\Middleware\\EncryptCookies.php(74): Illuminate\\Pipeline\\Pipeline->Illuminate\\Pipeline\\{closure}(Object(Illuminate\\Http\\Request))
#23 C:\\Users\\Stefan\\Desktop\\Iteh\\EbibliotekaV2\\vendor\\laravel\\framework\\src\\Illuminate\\Pipeline\\Pipeline.php(219): Illuminate\\Cookie\\Middleware\\EncryptCookies->handle(Object(Illuminate\\Http\\Request), Object(Closure))
#24 C:\\Users\\Stefan\\Desktop\\Iteh\\EbibliotekaV2\\vendor\\laravel\\framework\\src\\Illuminate\\Pipeline\\Pipeline.php(137): Illuminate\\Pipeline\\Pipeline->Illuminate\\Pipeline\\{closure}(Object(Illuminate\\Http\\Request))
#25 C:\\Users\\Stefan\\Desktop\\Iteh\\EbibliotekaV2\\vendor\\laravel\\framework\\src\\Illuminate\\Routing\\Router.php(821): Illuminate\\Pipeline\\Pipeline->then(Object(Closure))
#26 C:\\Users\\Stefan\\Desktop\\Iteh\\EbibliotekaV2\\vendor\\laravel\\framework\\src\\Illuminate\\Routing\\Router.php(800): Illuminate\\Routing\\Router->runRouteWithinStack(Object(Illuminate\\Routing\\Route), Object(Illuminate\\Http\\Request))
#27 C:\\Users\\Stefan\\Desktop\\Iteh\\EbibliotekaV2\\vendor\\laravel\\framework\\src\\Illuminate\\Routing\\Router.php(764): Illuminate\\Routing\\Router->runRoute(Object(Illuminate\\Http\\Request), Object(Illuminate\\Routing\\Route))
#28 C:\\Users\\Stefan\\Desktop\\Iteh\\EbibliotekaV2\\vendor\\laravel\\framework\\src\\Illuminate\\Routing\\Router.php(753): Illuminate\\Routing\\Router->dispatchToRoute(Object(Illuminate\\Http\\Request))
#29 C:\\Users\\Stefan\\Desktop\\Iteh\\EbibliotekaV2\\vendor\\laravel\\framework\\src\\Illuminate\\Foundation\\Http\\Kernel.php(200): Illuminate\\Routing\\Router->dispatch(Object(Illuminate\\Http\\Request))
#30 C:\\Users\\Stefan\\Desktop\\Iteh\\EbibliotekaV2\\vendor\\laravel\\framework\\src\\Illuminate\\Pipeline\\Pipeline.php(180): Illuminate\\Foundation\\Http\\Kernel->Illuminate\\Foundation\\Http\\{closure}(Object(Illuminate\\Http\\Request))
#31 C:\\Users\\Stefan\\Desktop\\Iteh\\EbibliotekaV2\\vendor\\laravel\\framework\\src\\Illuminate\\Foundation\\Http\\Middleware\\TransformsRequest.php(21): Illuminate\\Pipeline\\Pipeline->Illuminate\\Pipeline\\{closure}(Object(Illuminate\\Http\\Request))
#32 C:\\Users\\Stefan\\Desktop\\Iteh\\EbibliotekaV2\\vendor\\laravel\\framework\\src\\Illuminate\\Foundation\\Http\\Middleware\\ConvertEmptyStringsToNull.php(31): Illuminate\\Foundation\\Http\\Middleware\\TransformsRequest->handle(Object(Illuminate\\Http\\Request), Object(Closure))
#33 C:\\Users\\Stefan\\Desktop\\Iteh\\EbibliotekaV2\\vendor\\laravel\\framework\\src\\Illuminate\\Pipeline\\Pipeline.php(219): Illuminate\\Foundation\\Http\\Middleware\\ConvertEmptyStringsToNull->handle(Object(Illuminate\\Http\\Request), Object(Closure))
#34 C:\\Users\\Stefan\\Desktop\\Iteh\\EbibliotekaV2\\vendor\\laravel\\framework\\src\\Illuminate\\Foundation\\Http\\Middleware\\TransformsRequest.php(21): Illuminate\\Pipeline\\Pipeline->Illuminate\\Pipeline\\{closure}(Object(Illuminate\\Http\\Request))
#35 C:\\Users\\Stefan\\Desktop\\Iteh\\EbibliotekaV2\\vendor\\laravel\\framework\\src\\Illuminate\\Foundation\\Http\\Middleware\\TrimStrings.php(51): Illuminate\\Foundation\\Http\\Middleware\\TransformsRequest->handle(Object(Illuminate\\Http\\Request), Object(Closure))
#36 C:\\Users\\Stefan\\Desktop\\Iteh\\EbibliotekaV2\\vendor\\laravel\\framework\\src\\Illuminate\\Pipeline\\Pipeline.php(219): Illuminate\\Foundation\\Http\\Middleware\\TrimStrings->handle(Object(Illuminate\\Http\\Request), Object(Closure))
#37 C:\\Users\\Stefan\\Desktop\\Iteh\\EbibliotekaV2\\vendor\\laravel\\framework\\src\\Illuminate\\Http\\Middleware\\ValidatePostSize.php(27): Illuminate\\Pipeline\\Pipeline->Illuminate\\Pipeline\\{closure}(Object(Illuminate\\Http\\Request))
#38 C:\\Users\\Stefan\\Desktop\\Iteh\\EbibliotekaV2\\vendor\\laravel\\framework\\src\\Illuminate\\Pipeline\\Pipeline.php(219): Illuminate\\Http\\Middleware\\ValidatePostSize->handle(Object(Illuminate\\Http\\Request), Object(Closure))
#39 C:\\Users\\Stefan\\Desktop\\Iteh\\EbibliotekaV2\\vendor\\laravel\\framework\\src\\Illuminate\\Foundation\\Http\\Middleware\\PreventRequestsDuringMaintenance.php(109): Illuminate\\Pipeline\\Pipeline->Illuminate\\Pipeline\\{closure}(Object(Illuminate\\Http\\Request))
#40 C:\\Users\\Stefan\\Desktop\\Iteh\\EbibliotekaV2\\vendor\\laravel\\framework\\src\\Illuminate\\Pipeline\\Pipeline.php(219): Illuminate\\Foundation\\Http\\Middleware\\PreventRequestsDuringMaintenance->handle(Object(Illuminate\\Http\\Request), Object(Closure))
#41 C:\\Users\\Stefan\\Desktop\\Iteh\\EbibliotekaV2\\vendor\\laravel\\framework\\src\\Illuminate\\Http\\Middleware\\HandleCors.php(48): Illuminate\\Pipeline\\Pipeline->Illuminate\\Pipeline\\{closure}(Object(Illuminate\\Http\\Request))
#42 C:\\Users\\Stefan\\Desktop\\Iteh\\EbibliotekaV2\\vendor\\laravel\\framework\\src\\Illuminate\\Pipeline\\Pipeline.php(219): Illuminate\\Http\\Middleware\\HandleCors->handle(Object(Illuminate\\Http\\Request), Object(Closure))
#43 C:\\Users\\Stefan\\Desktop\\Iteh\\EbibliotekaV2\\vendor\\laravel\\framework\\src\\Illuminate\\Http\\Middleware\\TrustProxies.php(58): Illuminate\\Pipeline\\Pipeline->Illuminate\\Pipeline\\{closure}(Object(Illuminate\\Http\\Request))
#44 C:\\Users\\Stefan\\Desktop\\Iteh\\EbibliotekaV2\\vendor\\laravel\\framework\\src\\Illuminate\\Pipeline\\Pipeline.php(219): Illuminate\\Http\\Middleware\\TrustProxies->handle(Object(Illuminate\\Http\\Request), Object(Closure))
#45 C:\\Users\\Stefan\\Desktop\\Iteh\\EbibliotekaV2\\vendor\\laravel\\framework\\src\\Illuminate\\Foundation\\Http\\Middleware\\InvokeDeferredCallbacks.php(22): Illuminate\\Pipeline\\Pipeline->Illuminate\\Pipeline\\{closure}(Object(Illuminate\\Http\\Request))
#46 C:\\Users\\Stefan\\Desktop\\Iteh\\EbibliotekaV2\\vendor\\laravel\\framework\\src\\Illuminate\\Pipeline\\Pipeline.php(219): Illuminate\\Foundation\\Http\\Middleware\\InvokeDeferredCallbacks->handle(Object(Illuminate\\Http\\Request), Object(Closure))
#47 C:\\Users\\Stefan\\Desktop\\Iteh\\EbibliotekaV2\\vendor\\laravel\\framework\\src\\Illuminate\\Http\\Middleware\\ValidatePathEncoding.php(26): Illuminate\\Pipeline\\Pipeline->Illuminate\\Pipeline\\{closure}(Object(Illuminate\\Http\\Request))
#48 C:\\Users\\Stefan\\Desktop\\Iteh\\EbibliotekaV2\\vendor\\laravel\\framework\\src\\Illuminate\\Pipeline\\Pipeline.php(219): Illuminate\\Http\\Middleware\\ValidatePathEncoding->handle(Object(Illuminate\\Http\\Request), Object(Closure))
#49 C:\\Users\\Stefan\\Desktop\\Iteh\\EbibliotekaV2\\vendor\\laravel\\framework\\src\\Illuminate\\Pipeline\\Pipeline.php(137): Illuminate\\Pipeline\\Pipeline->Illuminate\\Pipeline\\{closure}(Object(Illuminate\\Http\\Request))
#50 C:\\Users\\Stefan\\Desktop\\Iteh\\EbibliotekaV2\\vendor\\laravel\\framework\\src\\Illuminate\\Foundation\\Http\\Kernel.php(175): Illuminate\\Pipeline\\Pipeline->then(Object(Closure))
#51 C:\\Users\\Stefan\\Desktop\\Iteh\\EbibliotekaV2\\vendor\\laravel\\framework\\src\\Illuminate\\Foundation\\Http\\Kernel.php(144): Illuminate\\Foundation\\Http\\Kernel->sendRequestThroughRouter(Object(Illuminate\\Http\\Request))
#52 C:\\Users\\Stefan\\Desktop\\Iteh\\EbibliotekaV2\\vendor\\laravel\\framework\\src\\Illuminate\\Foundation\\Application.php(1219): Illuminate\\Foundation\\Http\\Kernel->handle(Object(Illuminate\\Http\\Request))
#53 C:\\Users\\Stefan\\Desktop\\Iteh\\EbibliotekaV2\\public\\index.php(20): Illuminate\\Foundation\\Application->handleRequest(Object(Illuminate\\Http\\Request))
#54 C:\\Users\\Stefan\\Desktop\\Iteh\\EbibliotekaV2\\vendor\\laravel\\framework\\src\\Illuminate\\Foundation\\resources\\server.php(23): require_once('C:\\\\Users\\\\Stefan...')
#55 {main}
"} 
[2025-09-14 19:04:12] local.ERROR: include(C:\Users\Stefan\Desktop\Iteh\EbibliotekaV2\vendor\composer/../../app/Providers/AppServiceProvider.php): Failed to open stream: No such file or directory {"exception":"[object] (ErrorException(code: 0): include(C:\\Users\\Stefan\\Desktop\\Iteh\\EbibliotekaV2\\vendor\\composer/../../app/Providers/AppServiceProvider.php): Failed to open stream: No such file or directory at C:\\Users\\Stefan\\Desktop\\Iteh\\EbibliotekaV2\\vendor\\composer\\ClassLoader.php:576)
[stacktrace]
#0 C:\\Users\\Stefan\\Desktop\\Iteh\\EbibliotekaV2\\vendor\\laravel\\framework\\src\\Illuminate\\Foundation\\Bootstrap\\HandleExceptions.php(258): Illuminate\\Foundation\\Bootstrap\\HandleExceptions->handleError(2, 'include(C:\\\\User...', 'C:\\\\Users\\\\Stefan...', 576)
#1 C:\\Users\\Stefan\\Desktop\\Iteh\\EbibliotekaV2\\vendor\\composer\\ClassLoader.php(576): Illuminate\\Foundation\\Bootstrap\\HandleExceptions->Illuminate\\Foundation\\Bootstrap\\{closure}(2, 'include(C:\\\\User...', 'C:\\\\Users\\\\Stefan...', 576)
#2 C:\\Users\\Stefan\\Desktop\\Iteh\\EbibliotekaV2\\vendor\\composer\\ClassLoader.php(576): include('C:\\\\Users\\\\Stefan...')
#3 C:\\Users\\Stefan\\Desktop\\Iteh\\EbibliotekaV2\\vendor\\composer\\ClassLoader.php(427): Composer\\Autoload\\{closure}('C:\\\\Users\\\\Stefan...')
#4 [internal function]: Composer\\Autoload\\ClassLoader->loadClass('App\\\\Providers\\\\A...')
#5 C:\\Users\\Stefan\\Desktop\\Iteh\\EbibliotekaV2\\vendor\\laravel\\framework\\src\\Illuminate\\Foundation\\Bootstrap\\RegisterProviders.php(52): class_exists('App\\\\Providers\\\\A...')
#6 C:\\Users\\Stefan\\Desktop\\Iteh\\EbibliotekaV2\\vendor\\laravel\\framework\\src\\Illuminate\\Foundation\\Bootstrap\\RegisterProviders.php(34): Illuminate\\Foundation\\Bootstrap\\RegisterProviders->mergeAdditionalProviders(Object(Illuminate\\Foundation\\Application))
#7 C:\\Users\\Stefan\\Desktop\\Iteh\\EbibliotekaV2\\vendor\\laravel\\framework\\src\\Illuminate\\Foundation\\Application.php(341): Illuminate\\Foundation\\Bootstrap\\RegisterProviders->bootstrap(Object(Illuminate\\Foundation\\Application))
#8 C:\\Users\\Stefan\\Desktop\\Iteh\\EbibliotekaV2\\vendor\\laravel\\framework\\src\\Illuminate\\Foundation\\Console\\Kernel.php(473): Illuminate\\Foundation\\Application->bootstrapWith(Array)
#9 C:\\Users\\Stefan\\Desktop\\Iteh\\EbibliotekaV2\\vendor\\laravel\\framework\\src\\Illuminate\\Foundation\\Console\\Kernel.php(195): Illuminate\\Foundation\\Console\\Kernel->bootstrap()
#10 C:\\Users\\Stefan\\Desktop\\Iteh\\EbibliotekaV2\\vendor\\laravel\\framework\\src\\Illuminate\\Foundation\\Application.php(1234): Illuminate\\Foundation\\Console\\Kernel->handle(Object(Symfony\\Component\\Console\\Input\\ArgvInput), Object(Symfony\\Component\\Console\\Output\\ConsoleOutput))
#11 C:\\Users\\Stefan\\Desktop\\Iteh\\EbibliotekaV2\\artisan(16): Illuminate\\Foundation\\Application->handleCommand(Object(Symfony\\Component\\Console\\Input\\ArgvInput))
#12 {main}
"} 
[2025-09-14 19:21:50] local.ERROR: SQLSTATE[42S01]: Base table or view already exists: 1050 Table 'users' already exists (Connection: mysql, SQL: create table `users` (`id` bigint unsigned not null auto_increment primary key, `created_at` timestamp null, `updated_at` timestamp null) default character set utf8mb4 collate 'utf8mb4_unicode_ci') {"exception":"[object] (Illuminate\\Database\\QueryException(code: 42S01): SQLSTATE[42S01]: Base table or view already exists: 1050 Table 'users' already exists (Connection: mysql, SQL: create table `users` (`id` bigint unsigned not null auto_increment primary key, `created_at` timestamp null, `updated_at` timestamp null) default character set utf8mb4 collate 'utf8mb4_unicode_ci') at C:\\Users\\Stefan\\Desktop\\Iteh\\EbibliotekaV2\\vendor\\laravel\\framework\\src\\Illuminate\\Database\\Connection.php:824)
[stacktrace]
#0 C:\\Users\\Stefan\\Desktop\\Iteh\\EbibliotekaV2\\vendor\\laravel\\framework\\src\\Illuminate\\Database\\Connection.php(778): Illuminate\\Database\\Connection->runQueryCallback('create table `u...', Array, Object(Closure))
#1 C:\\Users\\Stefan\\Desktop\\Iteh\\EbibliotekaV2\\vendor\\laravel\\framework\\src\\Illuminate\\Database\\Connection.php(559): Illuminate\\Database\\Connection->run('create table `u...', Array, Object(Closure))
#2 C:\\Users\\Stefan\\Desktop\\Iteh\\EbibliotekaV2\\vendor\\laravel\\framework\\src\\Illuminate\\Database\\Schema\\Blueprint.php(121): Illuminate\\Database\\Connection->statement('create table `u...')
#3 C:\\Users\\Stefan\\Desktop\\Iteh\\EbibliotekaV2\\vendor\\laravel\\framework\\src\\Illuminate\\Database\\Schema\\Builder.php(618): Illuminate\\Database\\Schema\\Blueprint->build()
#4 C:\\Users\\Stefan\\Desktop\\Iteh\\EbibliotekaV2\\vendor\\laravel\\framework\\src\\Illuminate\\Database\\Schema\\Builder.php(472): Illuminate\\Database\\Schema\\Builder->build(Object(Illuminate\\Database\\Schema\\Blueprint))
#5 C:\\Users\\Stefan\\Desktop\\Iteh\\EbibliotekaV2\\vendor\\laravel\\framework\\src\\Illuminate\\Support\\Facades\\Facade.php(363): Illuminate\\Database\\Schema\\Builder->create('users', Object(Closure))
#6 C:\\Users\\Stefan\\Desktop\\Iteh\\EbibliotekaV2\\database\\migrations\\2025_09_14_191636_create_users_table.php(14): Illuminate\\Support\\Facades\\Facade::__callStatic('create', Array)
#7 C:\\Users\\Stefan\\Desktop\\Iteh\\EbibliotekaV2\\vendor\\laravel\\framework\\src\\Illuminate\\Database\\Migrations\\Migrator.php(514): Illuminate\\Database\\Migrations\\Migration@anonymous->up()
#8 C:\\Users\\Stefan\\Desktop\\Iteh\\EbibliotekaV2\\vendor\\laravel\\framework\\src\\Illuminate\\Database\\Migrations\\Migrator.php(439): Illuminate\\Database\\Migrations\\Migrator->runMethod(Object(Illuminate\\Database\\MySqlConnection), Object(Illuminate\\Database\\Migrations\\Migration@anonymous), 'up')
#9 C:\\Users\\Stefan\\Desktop\\Iteh\\EbibliotekaV2\\vendor\\laravel\\framework\\src\\Illuminate\\Database\\Migrations\\Migrator.php(448): Illuminate\\Database\\Migrations\\Migrator->Illuminate\\Database\\Migrations\\{closure}()
#10 C:\\Users\\Stefan\\Desktop\\Iteh\\EbibliotekaV2\\vendor\\laravel\\framework\\src\\Illuminate\\Database\\Migrations\\Migrator.php(250): Illuminate\\Database\\Migrations\\Migrator->runMigration(Object(Illuminate\\Database\\Migrations\\Migration@anonymous), 'up')
#11 C:\\Users\\Stefan\\Desktop\\Iteh\\EbibliotekaV2\\vendor\\laravel\\framework\\src\\Illuminate\\Console\\View\\Components\\Task.php(41): Illuminate\\Database\\Migrations\\Migrator->Illuminate\\Database\\Migrations\\{closure}()
#12 C:\\Users\\Stefan\\Desktop\\Iteh\\EbibliotekaV2\\vendor\\laravel\\framework\\src\\Illuminate\\Database\\Migrations\\Migrator.php(809): Illuminate\\Console\\View\\Components\\Task->render('2025_09_14_1916...', Object(Closure))
#13 C:\\Users\\Stefan\\Desktop\\Iteh\\EbibliotekaV2\\vendor\\laravel\\framework\\src\\Illuminate\\Database\\Migrations\\Migrator.php(250): Illuminate\\Database\\Migrations\\Migrator->write('Illuminate\\\\Cons...', '2025_09_14_1916...', Object(Closure))
#14 C:\\Users\\Stefan\\Desktop\\Iteh\\EbibliotekaV2\\vendor\\laravel\\framework\\src\\Illuminate\\Database\\Migrations\\Migrator.php(210): Illuminate\\Database\\Migrations\\Migrator->runUp('C:\\\\Users\\\\Stefan...', 2, false)
#15 C:\\Users\\Stefan\\Desktop\\Iteh\\EbibliotekaV2\\vendor\\laravel\\framework\\src\\Illuminate\\Database\\Migrations\\Migrator.php(137): Illuminate\\Database\\Migrations\\Migrator->runPending(Array, Array)
#16 C:\\Users\\Stefan\\Desktop\\Iteh\\EbibliotekaV2\\vendor\\laravel\\framework\\src\\Illuminate\\Database\\Console\\Migrations\\MigrateCommand.php(116): Illuminate\\Database\\Migrations\\Migrator->run(Array, Array)
#17 C:\\Users\\Stefan\\Desktop\\Iteh\\EbibliotekaV2\\vendor\\laravel\\framework\\src\\Illuminate\\Database\\Migrations\\Migrator.php(666): Illuminate\\Database\\Console\\Migrations\\MigrateCommand->Illuminate\\Database\\Console\\Migrations\\{closure}()
#18 C:\\Users\\Stefan\\Desktop\\Iteh\\EbibliotekaV2\\vendor\\laravel\\framework\\src\\Illuminate\\Database\\Console\\Migrations\\MigrateCommand.php(109): Illuminate\\Database\\Migrations\\Migrator->usingConnection(NULL, Object(Closure))
#19 C:\\Users\\Stefan\\Desktop\\Iteh\\EbibliotekaV2\\vendor\\laravel\\framework\\src\\Illuminate\\Database\\Console\\Migrations\\MigrateCommand.php(88): Illuminate\\Database\\Console\\Migrations\\MigrateCommand->runMigrations()
#20 C:\\Users\\Stefan\\Desktop\\Iteh\\EbibliotekaV2\\vendor\\laravel\\framework\\src\\Illuminate\\Container\\BoundMethod.php(36): Illuminate\\Database\\Console\\Migrations\\MigrateCommand->handle()
#21 C:\\Users\\Stefan\\Desktop\\Iteh\\EbibliotekaV2\\vendor\\laravel\\framework\\src\\Illuminate\\Container\\Util.php(43): Illuminate\\Container\\BoundMethod::Illuminate\\Container\\{closure}()
#22 C:\\Users\\Stefan\\Desktop\\Iteh\\EbibliotekaV2\\vendor\\laravel\\framework\\src\\Illuminate\\Container\\BoundMethod.php(96): Illuminate\\Container\\Util::unwrapIfClosure(Object(Closure))
#23 C:\\Users\\Stefan\\Desktop\\Iteh\\EbibliotekaV2\\vendor\\laravel\\framework\\src\\Illuminate\\Container\\BoundMethod.php(35): Illuminate\\Container\\BoundMethod::callBoundMethod(Object(Illuminate\\Foundation\\Application), Array, Object(Closure))
#24 C:\\Users\\Stefan\\Desktop\\Iteh\\EbibliotekaV2\\vendor\\laravel\\framework\\src\\Illuminate\\Container\\Container.php(835): Illuminate\\Container\\BoundMethod::call(Object(Illuminate\\Foundation\\Application), Array, Array, NULL)
#25 C:\\Users\\Stefan\\Desktop\\Iteh\\EbibliotekaV2\\vendor\\laravel\\framework\\src\\Illuminate\\Console\\Command.php(211): Illuminate\\Container\\Container->call(Array)
#26 C:\\Users\\Stefan\\Desktop\\Iteh\\EbibliotekaV2\\vendor\\symfony\\console\\Command\\Command.php(318): Illuminate\\Console\\Command->execute(Object(Symfony\\Component\\Console\\Input\\ArgvInput), Object(Illuminate\\Console\\OutputStyle))
#27 C:\\Users\\Stefan\\Desktop\\Iteh\\EbibliotekaV2\\vendor\\laravel\\framework\\src\\Illuminate\\Console\\Command.php(180): Symfony\\Component\\Console\\Command\\Command->run(Object(Symfony\\Component\\Console\\Input\\ArgvInput), Object(Illuminate\\Console\\OutputStyle))
#28 C:\\Users\\Stefan\\Desktop\\Iteh\\EbibliotekaV2\\vendor\\symfony\\console\\Application.php(1092): Illuminate\\Console\\Command->run(Object(Symfony\\Component\\Console\\Input\\ArgvInput), Object(Symfony\\Component\\Console\\Output\\ConsoleOutput))
#29 C:\\Users\\Stefan\\Desktop\\Iteh\\EbibliotekaV2\\vendor\\symfony\\console\\Application.php(341): Symfony\\Component\\Console\\Application->doRunCommand(Object(Illuminate\\Database\\Console\\Migrations\\MigrateCommand), Object(Symfony\\Component\\Console\\Input\\ArgvInput), Object(Symfony\\Component\\Console\\Output\\ConsoleOutput))
#30 C:\\Users\\Stefan\\Desktop\\Iteh\\EbibliotekaV2\\vendor\\symfony\\console\\Application.php(192): Symfony\\Component\\Console\\Application->doRun(Object(Symfony\\Component\\Console\\Input\\ArgvInput), Object(Symfony\\Component\\Console\\Output\\ConsoleOutput))
#31 C:\\Users\\Stefan\\Desktop\\Iteh\\EbibliotekaV2\\vendor\\laravel\\framework\\src\\Illuminate\\Foundation\\Console\\Kernel.php(197): Symfony\\Component\\Console\\Application->run(Object(Symfony\\Component\\Console\\Input\\ArgvInput), Object(Symfony\\Component\\Console\\Output\\ConsoleOutput))
#32 C:\\Users\\Stefan\\Desktop\\Iteh\\EbibliotekaV2\\vendor\\laravel\\framework\\src\\Illuminate\\Foundation\\Application.php(1234): Illuminate\\Foundation\\Console\\Kernel->handle(Object(Symfony\\Component\\Console\\Input\\ArgvInput), Object(Symfony\\Component\\Console\\Output\\ConsoleOutput))
#33 C:\\Users\\Stefan\\Desktop\\Iteh\\EbibliotekaV2\\artisan(16): Illuminate\\Foundation\\Application->handleCommand(Object(Symfony\\Component\\Console\\Input\\ArgvInput))
#34 {main}

[previous exception] [object] (PDOException(code: 42S01): SQLSTATE[42S01]: Base table or view already exists: 1050 Table 'users' already exists at C:\\Users\\Stefan\\Desktop\\Iteh\\EbibliotekaV2\\vendor\\laravel\\framework\\src\\Illuminate\\Database\\Connection.php:570)
[stacktrace]
#0 C:\\Users\\Stefan\\Desktop\\Iteh\\EbibliotekaV2\\vendor\\laravel\\framework\\src\\Illuminate\\Database\\Connection.php(570): PDOStatement->execute()
#1 C:\\Users\\Stefan\\Desktop\\Iteh\\EbibliotekaV2\\vendor\\laravel\\framework\\src\\Illuminate\\Database\\Connection.php(811): Illuminate\\Database\\Connection->Illuminate\\Database\\{closure}('create table `u...', Array)
#2 C:\\Users\\Stefan\\Desktop\\Iteh\\EbibliotekaV2\\vendor\\laravel\\framework\\src\\Illuminate\\Database\\Connection.php(778): Illuminate\\Database\\Connection->runQueryCallback('create table `u...', Array, Object(Closure))
#3 C:\\Users\\Stefan\\Desktop\\Iteh\\EbibliotekaV2\\vendor\\laravel\\framework\\src\\Illuminate\\Database\\Connection.php(559): Illuminate\\Database\\Connection->run('create table `u...', Array, Object(Closure))
#4 C:\\Users\\Stefan\\Desktop\\Iteh\\EbibliotekaV2\\vendor\\laravel\\framework\\src\\Illuminate\\Database\\Schema\\Blueprint.php(121): Illuminate\\Database\\Connection->statement('create table `u...')
#5 C:\\Users\\Stefan\\Desktop\\Iteh\\EbibliotekaV2\\vendor\\laravel\\framework\\src\\Illuminate\\Database\\Schema\\Builder.php(618): Illuminate\\Database\\Schema\\Blueprint->build()
#6 C:\\Users\\Stefan\\Desktop\\Iteh\\EbibliotekaV2\\vendor\\laravel\\framework\\src\\Illuminate\\Database\\Schema\\Builder.php(472): Illuminate\\Database\\Schema\\Builder->build(Object(Illuminate\\Database\\Schema\\Blueprint))
#7 C:\\Users\\Stefan\\Desktop\\Iteh\\EbibliotekaV2\\vendor\\laravel\\framework\\src\\Illuminate\\Support\\Facades\\Facade.php(363): Illuminate\\Database\\Schema\\Builder->create('users', Object(Closure))
#8 C:\\Users\\Stefan\\Desktop\\Iteh\\EbibliotekaV2\\database\\migrations\\2025_09_14_191636_create_users_table.php(14): Illuminate\\Support\\Facades\\Facade::__callStatic('create', Array)
#9 C:\\Users\\Stefan\\Desktop\\Iteh\\EbibliotekaV2\\vendor\\laravel\\framework\\src\\Illuminate\\Database\\Migrations\\Migrator.php(514): Illuminate\\Database\\Migrations\\Migration@anonymous->up()
#10 C:\\Users\\Stefan\\Desktop\\Iteh\\EbibliotekaV2\\vendor\\laravel\\framework\\src\\Illuminate\\Database\\Migrations\\Migrator.php(439): Illuminate\\Database\\Migrations\\Migrator->runMethod(Object(Illuminate\\Database\\MySqlConnection), Object(Illuminate\\Database\\Migrations\\Migration@anonymous), 'up')
#11 C:\\Users\\Stefan\\Desktop\\Iteh\\EbibliotekaV2\\vendor\\laravel\\framework\\src\\Illuminate\\Database\\Migrations\\Migrator.php(448): Illuminate\\Database\\Migrations\\Migrator->Illuminate\\Database\\Migrations\\{closure}()
#12 C:\\Users\\Stefan\\Desktop\\Iteh\\EbibliotekaV2\\vendor\\laravel\\framework\\src\\Illuminate\\Database\\Migrations\\Migrator.php(250): Illuminate\\Database\\Migrations\\Migrator->runMigration(Object(Illuminate\\Database\\Migrations\\Migration@anonymous), 'up')
#13 C:\\Users\\Stefan\\Desktop\\Iteh\\EbibliotekaV2\\vendor\\laravel\\framework\\src\\Illuminate\\Console\\View\\Components\\Task.php(41): Illuminate\\Database\\Migrations\\Migrator->Illuminate\\Database\\Migrations\\{closure}()
#14 C:\\Users\\Stefan\\Desktop\\Iteh\\EbibliotekaV2\\vendor\\laravel\\framework\\src\\Illuminate\\Database\\Migrations\\Migrator.php(809): Illuminate\\Console\\View\\Components\\Task->render('2025_09_14_1916...', Object(Closure))
#15 C:\\Users\\Stefan\\Desktop\\Iteh\\EbibliotekaV2\\vendor\\laravel\\framework\\src\\Illuminate\\Database\\Migrations\\Migrator.php(250): Illuminate\\Database\\Migrations\\Migrator->write('Illuminate\\\\Cons...', '2025_09_14_1916...', Object(Closure))
#16 C:\\Users\\Stefan\\Desktop\\Iteh\\EbibliotekaV2\\vendor\\laravel\\framework\\src\\Illuminate\\Database\\Migrations\\Migrator.php(210): Illuminate\\Database\\Migrations\\Migrator->runUp('C:\\\\Users\\\\Stefan...', 2, false)
#17 C:\\Users\\Stefan\\Desktop\\Iteh\\EbibliotekaV2\\vendor\\laravel\\framework\\src\\Illuminate\\Database\\Migrations\\Migrator.php(137): Illuminate\\Database\\Migrations\\Migrator->runPending(Array, Array)
#18 C:\\Users\\Stefan\\Desktop\\Iteh\\EbibliotekaV2\\vendor\\laravel\\framework\\src\\Illuminate\\Database\\Console\\Migrations\\MigrateCommand.php(116): Illuminate\\Database\\Migrations\\Migrator->run(Array, Array)
#19 C:\\Users\\Stefan\\Desktop\\Iteh\\EbibliotekaV2\\vendor\\laravel\\framework\\src\\Illuminate\\Database\\Migrations\\Migrator.php(666): Illuminate\\Database\\Console\\Migrations\\MigrateCommand->Illuminate\\Database\\Console\\Migrations\\{closure}()
#20 C:\\Users\\Stefan\\Desktop\\Iteh\\EbibliotekaV2\\vendor\\laravel\\framework\\src\\Illuminate\\Database\\Console\\Migrations\\MigrateCommand.php(109): Illuminate\\Database\\Migrations\\Migrator->usingConnection(NULL, Object(Closure))
#21 C:\\Users\\Stefan\\Desktop\\Iteh\\EbibliotekaV2\\vendor\\laravel\\framework\\src\\Illuminate\\Database\\Console\\Migrations\\MigrateCommand.php(88): Illuminate\\Database\\Console\\Migrations\\MigrateCommand->runMigrations()
#22 C:\\Users\\Stefan\\Desktop\\Iteh\\EbibliotekaV2\\vendor\\laravel\\framework\\src\\Illuminate\\Container\\BoundMethod.php(36): Illuminate\\Database\\Console\\Migrations\\MigrateCommand->handle()
#23 C:\\Users\\Stefan\\Desktop\\Iteh\\EbibliotekaV2\\vendor\\laravel\\framework\\src\\Illuminate\\Container\\Util.php(43): Illuminate\\Container\\BoundMethod::Illuminate\\Container\\{closure}()
#24 C:\\Users\\Stefan\\Desktop\\Iteh\\EbibliotekaV2\\vendor\\laravel\\framework\\src\\Illuminate\\Container\\BoundMethod.php(96): Illuminate\\Container\\Util::unwrapIfClosure(Object(Closure))
#25 C:\\Users\\Stefan\\Desktop\\Iteh\\EbibliotekaV2\\vendor\\laravel\\framework\\src\\Illuminate\\Container\\BoundMethod.php(35): Illuminate\\Container\\BoundMethod::callBoundMethod(Object(Illuminate\\Foundation\\Application), Array, Object(Closure))
#26 C:\\Users\\Stefan\\Desktop\\Iteh\\EbibliotekaV2\\vendor\\laravel\\framework\\src\\Illuminate\\Container\\Container.php(835): Illuminate\\Container\\BoundMethod::call(Object(Illuminate\\Foundation\\Application), Array, Array, NULL)
#27 C:\\Users\\Stefan\\Desktop\\Iteh\\EbibliotekaV2\\vendor\\laravel\\framework\\src\\Illuminate\\Console\\Command.php(211): Illuminate\\Container\\Container->call(Array)
#28 C:\\Users\\Stefan\\Desktop\\Iteh\\EbibliotekaV2\\vendor\\symfony\\console\\Command\\Command.php(318): Illuminate\\Console\\Command->execute(Object(Symfony\\Component\\Console\\Input\\ArgvInput), Object(Illuminate\\Console\\OutputStyle))
#29 C:\\Users\\Stefan\\Desktop\\Iteh\\EbibliotekaV2\\vendor\\laravel\\framework\\src\\Illuminate\\Console\\Command.php(180): Symfony\\Component\\Console\\Command\\Command->run(Object(Symfony\\Component\\Console\\Input\\ArgvInput), Object(Illuminate\\Console\\OutputStyle))
#30 C:\\Users\\Stefan\\Desktop\\Iteh\\EbibliotekaV2\\vendor\\symfony\\console\\Application.php(1092): Illuminate\\Console\\Command->run(Object(Symfony\\Component\\Console\\Input\\ArgvInput), Object(Symfony\\Component\\Console\\Output\\ConsoleOutput))
#31 C:\\Users\\Stefan\\Desktop\\Iteh\\EbibliotekaV2\\vendor\\symfony\\console\\Application.php(341): Symfony\\Component\\Console\\Application->doRunCommand(Object(Illuminate\\Database\\Console\\Migrations\\MigrateCommand), Object(Symfony\\Component\\Console\\Input\\ArgvInput), Object(Symfony\\Component\\Console\\Output\\ConsoleOutput))
#32 C:\\Users\\Stefan\\Desktop\\Iteh\\EbibliotekaV2\\vendor\\symfony\\console\\Application.php(192): Symfony\\Component\\Console\\Application->doRun(Object(Symfony\\Component\\Console\\Input\\ArgvInput), Object(Symfony\\Component\\Console\\Output\\ConsoleOutput))
#33 C:\\Users\\Stefan\\Desktop\\Iteh\\EbibliotekaV2\\vendor\\laravel\\framework\\src\\Illuminate\\Foundation\\Console\\Kernel.php(197): Symfony\\Component\\Console\\Application->run(Object(Symfony\\Component\\Console\\Input\\ArgvInput), Object(Symfony\\Component\\Console\\Output\\ConsoleOutput))
#34 C:\\Users\\Stefan\\Desktop\\Iteh\\EbibliotekaV2\\vendor\\laravel\\framework\\src\\Illuminate\\Foundation\\Application.php(1234): Illuminate\\Foundation\\Console\\Kernel->handle(Object(Symfony\\Component\\Console\\Input\\ArgvInput), Object(Symfony\\Component\\Console\\Output\\ConsoleOutput))
#35 C:\\Users\\Stefan\\Desktop\\Iteh\\EbibliotekaV2\\artisan(16): Illuminate\\Foundation\\Application->handleCommand(Object(Symfony\\Component\\Console\\Input\\ArgvInput))
#36 {main}
"} 
[2025-09-14 19:24:29] local.ERROR: SQLSTATE[42S02]: Base table or view not found: 1146 Table 'baza_ebibliotekav2.cache' doesn't exist (Connection: mysql, SQL: delete from `cache`) {"exception":"[object] (Illuminate\\Database\\QueryException(code: 42S02): SQLSTATE[42S02]: Base table or view not found: 1146 Table 'baza_ebibliotekav2.cache' doesn't exist (Connection: mysql, SQL: delete from `cache`) at C:\\Users\\Stefan\\Desktop\\Iteh\\EbibliotekaV2\\vendor\\laravel\\framework\\src\\Illuminate\\Database\\Connection.php:824)
[stacktrace]
#0 C:\\Users\\Stefan\\Desktop\\Iteh\\EbibliotekaV2\\vendor\\laravel\\framework\\src\\Illuminate\\Database\\Connection.php(778): Illuminate\\Database\\Connection->runQueryCallback('delete from `ca...', Array, Object(Closure))
#1 C:\\Users\\Stefan\\Desktop\\Iteh\\EbibliotekaV2\\vendor\\laravel\\framework\\src\\Illuminate\\Database\\Connection.php(583): Illuminate\\Database\\Connection->run('delete from `ca...', Array, Object(Closure))
#2 C:\\Users\\Stefan\\Desktop\\Iteh\\EbibliotekaV2\\vendor\\laravel\\framework\\src\\Illuminate\\Database\\Connection.php(547): Illuminate\\Database\\Connection->affectingStatement('delete from `ca...', Array)
#3 C:\\Users\\Stefan\\Desktop\\Iteh\\EbibliotekaV2\\vendor\\laravel\\framework\\src\\Illuminate\\Database\\Query\\Builder.php(4109): Illuminate\\Database\\Connection->delete('delete from `ca...', Array)
#4 C:\\Users\\Stefan\\Desktop\\Iteh\\EbibliotekaV2\\vendor\\laravel\\framework\\src\\Illuminate\\Cache\\DatabaseStore.php(423): Illuminate\\Database\\Query\\Builder->delete()
#5 C:\\Users\\Stefan\\Desktop\\Iteh\\EbibliotekaV2\\vendor\\laravel\\framework\\src\\Illuminate\\Cache\\Repository.php(807): Illuminate\\Cache\\DatabaseStore->flush()
#6 C:\\Users\\Stefan\\Desktop\\Iteh\\EbibliotekaV2\\vendor\\laravel\\framework\\src\\Illuminate\\Cache\\Console\\ClearCommand.php(68): Illuminate\\Cache\\Repository->__call('flush', Array)
#7 C:\\Users\\Stefan\\Desktop\\Iteh\\EbibliotekaV2\\vendor\\laravel\\framework\\src\\Illuminate\\Container\\BoundMethod.php(36): Illuminate\\Cache\\Console\\ClearCommand->handle()
#8 C:\\Users\\Stefan\\Desktop\\Iteh\\EbibliotekaV2\\vendor\\laravel\\framework\\src\\Illuminate\\Container\\Util.php(43): Illuminate\\Container\\BoundMethod::Illuminate\\Container\\{closure}()
#9 C:\\Users\\Stefan\\Desktop\\Iteh\\EbibliotekaV2\\vendor\\laravel\\framework\\src\\Illuminate\\Container\\BoundMethod.php(96): Illuminate\\Container\\Util::unwrapIfClosure(Object(Closure))
#10 C:\\Users\\Stefan\\Desktop\\Iteh\\EbibliotekaV2\\vendor\\laravel\\framework\\src\\Illuminate\\Container\\BoundMethod.php(35): Illuminate\\Container\\BoundMethod::callBoundMethod(Object(Illuminate\\Foundation\\Application), Array, Object(Closure))
#11 C:\\Users\\Stefan\\Desktop\\Iteh\\EbibliotekaV2\\vendor\\laravel\\framework\\src\\Illuminate\\Container\\Container.php(835): Illuminate\\Container\\BoundMethod::call(Object(Illuminate\\Foundation\\Application), Array, Array, NULL)
#12 C:\\Users\\Stefan\\Desktop\\Iteh\\EbibliotekaV2\\vendor\\laravel\\framework\\src\\Illuminate\\Console\\Command.php(211): Illuminate\\Container\\Container->call(Array)
#13 C:\\Users\\Stefan\\Desktop\\Iteh\\EbibliotekaV2\\vendor\\symfony\\console\\Command\\Command.php(318): Illuminate\\Console\\Command->execute(Object(Symfony\\Component\\Console\\Input\\ArgvInput), Object(Illuminate\\Console\\OutputStyle))
#14 C:\\Users\\Stefan\\Desktop\\Iteh\\EbibliotekaV2\\vendor\\laravel\\framework\\src\\Illuminate\\Console\\Command.php(180): Symfony\\Component\\Console\\Command\\Command->run(Object(Symfony\\Component\\Console\\Input\\ArgvInput), Object(Illuminate\\Console\\OutputStyle))
#15 C:\\Users\\Stefan\\Desktop\\Iteh\\EbibliotekaV2\\vendor\\symfony\\console\\Application.php(1092): Illuminate\\Console\\Command->run(Object(Symfony\\Component\\Console\\Input\\ArgvInput), Object(Symfony\\Component\\Console\\Output\\ConsoleOutput))
#16 C:\\Users\\Stefan\\Desktop\\Iteh\\EbibliotekaV2\\vendor\\symfony\\console\\Application.php(341): Symfony\\Component\\Console\\Application->doRunCommand(Object(Illuminate\\Cache\\Console\\ClearCommand), Object(Symfony\\Component\\Console\\Input\\ArgvInput), Object(Symfony\\Component\\Console\\Output\\ConsoleOutput))
#17 C:\\Users\\Stefan\\Desktop\\Iteh\\EbibliotekaV2\\vendor\\symfony\\console\\Application.php(192): Symfony\\Component\\Console\\Application->doRun(Object(Symfony\\Component\\Console\\Input\\ArgvInput), Object(Symfony\\Component\\Console\\Output\\ConsoleOutput))
#18 C:\\Users\\Stefan\\Desktop\\Iteh\\EbibliotekaV2\\vendor\\laravel\\framework\\src\\Illuminate\\Foundation\\Console\\Kernel.php(197): Symfony\\Component\\Console\\Application->run(Object(Symfony\\Component\\Console\\Input\\ArgvInput), Object(Symfony\\Component\\Console\\Output\\ConsoleOutput))
#19 C:\\Users\\Stefan\\Desktop\\Iteh\\EbibliotekaV2\\vendor\\laravel\\framework\\src\\Illuminate\\Foundation\\Application.php(1234): Illuminate\\Foundation\\Console\\Kernel->handle(Object(Symfony\\Component\\Console\\Input\\ArgvInput), Object(Symfony\\Component\\Console\\Output\\ConsoleOutput))
#20 C:\\Users\\Stefan\\Desktop\\Iteh\\EbibliotekaV2\\artisan(16): Illuminate\\Foundation\\Application->handleCommand(Object(Symfony\\Component\\Console\\Input\\ArgvInput))
#21 {main}

[previous exception] [object] (PDOException(code: 42S02): SQLSTATE[42S02]: Base table or view not found: 1146 Table 'baza_ebibliotekav2.cache' doesn't exist at C:\\Users\\Stefan\\Desktop\\Iteh\\EbibliotekaV2\\vendor\\laravel\\framework\\src\\Illuminate\\Database\\Connection.php:591)
[stacktrace]
#0 C:\\Users\\Stefan\\Desktop\\Iteh\\EbibliotekaV2\\vendor\\laravel\\framework\\src\\Illuminate\\Database\\Connection.php(591): PDO->prepare('delete from `ca...')
#1 C:\\Users\\Stefan\\Desktop\\Iteh\\EbibliotekaV2\\vendor\\laravel\\framework\\src\\Illuminate\\Database\\Connection.php(811): Illuminate\\Database\\Connection->Illuminate\\Database\\{closure}('delete from `ca...', Array)
#2 C:\\Users\\Stefan\\Desktop\\Iteh\\EbibliotekaV2\\vendor\\laravel\\framework\\src\\Illuminate\\Database\\Connection.php(778): Illuminate\\Database\\Connection->runQueryCallback('delete from `ca...', Array, Object(Closure))
#3 C:\\Users\\Stefan\\Desktop\\Iteh\\EbibliotekaV2\\vendor\\laravel\\framework\\src\\Illuminate\\Database\\Connection.php(583): Illuminate\\Database\\Connection->run('delete from `ca...', Array, Object(Closure))
#4 C:\\Users\\Stefan\\Desktop\\Iteh\\EbibliotekaV2\\vendor\\laravel\\framework\\src\\Illuminate\\Database\\Connection.php(547): Illuminate\\Database\\Connection->affectingStatement('delete from `ca...', Array)
#5 C:\\Users\\Stefan\\Desktop\\Iteh\\EbibliotekaV2\\vendor\\laravel\\framework\\src\\Illuminate\\Database\\Query\\Builder.php(4109): Illuminate\\Database\\Connection->delete('delete from `ca...', Array)
#6 C:\\Users\\Stefan\\Desktop\\Iteh\\EbibliotekaV2\\vendor\\laravel\\framework\\src\\Illuminate\\Cache\\DatabaseStore.php(423): Illuminate\\Database\\Query\\Builder->delete()
#7 C:\\Users\\Stefan\\Desktop\\Iteh\\EbibliotekaV2\\vendor\\laravel\\framework\\src\\Illuminate\\Cache\\Repository.php(807): Illuminate\\Cache\\DatabaseStore->flush()
#8 C:\\Users\\Stefan\\Desktop\\Iteh\\EbibliotekaV2\\vendor\\laravel\\framework\\src\\Illuminate\\Cache\\Console\\ClearCommand.php(68): Illuminate\\Cache\\Repository->__call('flush', Array)
#9 C:\\Users\\Stefan\\Desktop\\Iteh\\EbibliotekaV2\\vendor\\laravel\\framework\\src\\Illuminate\\Container\\BoundMethod.php(36): Illuminate\\Cache\\Console\\ClearCommand->handle()
#10 C:\\Users\\Stefan\\Desktop\\Iteh\\EbibliotekaV2\\vendor\\laravel\\framework\\src\\Illuminate\\Container\\Util.php(43): Illuminate\\Container\\BoundMethod::Illuminate\\Container\\{closure}()
#11 C:\\Users\\Stefan\\Desktop\\Iteh\\EbibliotekaV2\\vendor\\laravel\\framework\\src\\Illuminate\\Container\\BoundMethod.php(96): Illuminate\\Container\\Util::unwrapIfClosure(Object(Closure))
#12 C:\\Users\\Stefan\\Desktop\\Iteh\\EbibliotekaV2\\vendor\\laravel\\framework\\src\\Illuminate\\Container\\BoundMethod.php(35): Illuminate\\Container\\BoundMethod::callBoundMethod(Object(Illuminate\\Foundation\\Application), Array, Object(Closure))
#13 C:\\Users\\Stefan\\Desktop\\Iteh\\EbibliotekaV2\\vendor\\laravel\\framework\\src\\Illuminate\\Container\\Container.php(835): Illuminate\\Container\\BoundMethod::call(Object(Illuminate\\Foundation\\Application), Array, Array, NULL)
#14 C:\\Users\\Stefan\\Desktop\\Iteh\\EbibliotekaV2\\vendor\\laravel\\framework\\src\\Illuminate\\Console\\Command.php(211): Illuminate\\Container\\Container->call(Array)
#15 C:\\Users\\Stefan\\Desktop\\Iteh\\EbibliotekaV2\\vendor\\symfony\\console\\Command\\Command.php(318): Illuminate\\Console\\Command->execute(Object(Symfony\\Component\\Console\\Input\\ArgvInput), Object(Illuminate\\Console\\OutputStyle))
#16 C:\\Users\\Stefan\\Desktop\\Iteh\\EbibliotekaV2\\vendor\\laravel\\framework\\src\\Illuminate\\Console\\Command.php(180): Symfony\\Component\\Console\\Command\\Command->run(Object(Symfony\\Component\\Console\\Input\\ArgvInput), Object(Illuminate\\Console\\OutputStyle))
#17 C:\\Users\\Stefan\\Desktop\\Iteh\\EbibliotekaV2\\vendor\\symfony\\console\\Application.php(1092): Illuminate\\Console\\Command->run(Object(Symfony\\Component\\Console\\Input\\ArgvInput), Object(Symfony\\Component\\Console\\Output\\ConsoleOutput))
#18 C:\\Users\\Stefan\\Desktop\\Iteh\\EbibliotekaV2\\vendor\\symfony\\console\\Application.php(341): Symfony\\Component\\Console\\Application->doRunCommand(Object(Illuminate\\Cache\\Console\\ClearCommand), Object(Symfony\\Component\\Console\\Input\\ArgvInput), Object(Symfony\\Component\\Console\\Output\\ConsoleOutput))
#19 C:\\Users\\Stefan\\Desktop\\Iteh\\EbibliotekaV2\\vendor\\symfony\\console\\Application.php(192): Symfony\\Component\\Console\\Application->doRun(Object(Symfony\\Component\\Console\\Input\\ArgvInput), Object(Symfony\\Component\\Console\\Output\\ConsoleOutput))
#20 C:\\Users\\Stefan\\Desktop\\Iteh\\EbibliotekaV2\\vendor\\laravel\\framework\\src\\Illuminate\\Foundation\\Console\\Kernel.php(197): Symfony\\Component\\Console\\Application->run(Object(Symfony\\Component\\Console\\Input\\ArgvInput), Object(Symfony\\Component\\Console\\Output\\ConsoleOutput))
#21 C:\\Users\\Stefan\\Desktop\\Iteh\\EbibliotekaV2\\vendor\\laravel\\framework\\src\\Illuminate\\Foundation\\Application.php(1234): Illuminate\\Foundation\\Console\\Kernel->handle(Object(Symfony\\Component\\Console\\Input\\ArgvInput), Object(Symfony\\Component\\Console\\Output\\ConsoleOutput))
#22 C:\\Users\\Stefan\\Desktop\\Iteh\\EbibliotekaV2\\artisan(16): Illuminate\\Foundation\\Application->handleCommand(Object(Symfony\\Component\\Console\\Input\\ArgvInput))
#23 {main}
"} 
[2025-09-14 19:50:24] local.ERROR: SQLSTATE[42S22]: Column not found: 1054 Unknown column 'email' in 'users' (Connection: mysql, SQL: alter table `users` add `membership_level` varchar(255) not null default 'basic' after `email`) {"exception":"[object] (Illuminate\\Database\\QueryException(code: 42S22): SQLSTATE[42S22]: Column not found: 1054 Unknown column 'email' in 'users' (Connection: mysql, SQL: alter table `users` add `membership_level` varchar(255) not null default 'basic' after `email`) at C:\\Users\\Stefan\\Desktop\\Iteh\\EbibliotekaV2\\vendor\\laravel\\framework\\src\\Illuminate\\Database\\Connection.php:824)
[stacktrace]
#0 C:\\Users\\Stefan\\Desktop\\Iteh\\EbibliotekaV2\\vendor\\laravel\\framework\\src\\Illuminate\\Database\\Connection.php(778): Illuminate\\Database\\Connection->runQueryCallback('alter table `us...', Array, Object(Closure))
#1 C:\\Users\\Stefan\\Desktop\\Iteh\\EbibliotekaV2\\vendor\\laravel\\framework\\src\\Illuminate\\Database\\Connection.php(559): Illuminate\\Database\\Connection->run('alter table `us...', Array, Object(Closure))
#2 C:\\Users\\Stefan\\Desktop\\Iteh\\EbibliotekaV2\\vendor\\laravel\\framework\\src\\Illuminate\\Database\\Schema\\Blueprint.php(121): Illuminate\\Database\\Connection->statement('alter table `us...')
#3 C:\\Users\\Stefan\\Desktop\\Iteh\\EbibliotekaV2\\vendor\\laravel\\framework\\src\\Illuminate\\Database\\Schema\\Builder.php(618): Illuminate\\Database\\Schema\\Blueprint->build()
#4 C:\\Users\\Stefan\\Desktop\\Iteh\\EbibliotekaV2\\vendor\\laravel\\framework\\src\\Illuminate\\Database\\Schema\\Builder.php(460): Illuminate\\Database\\Schema\\Builder->build(Object(Illuminate\\Database\\Schema\\Blueprint))
#5 C:\\Users\\Stefan\\Desktop\\Iteh\\EbibliotekaV2\\vendor\\laravel\\framework\\src\\Illuminate\\Support\\Facades\\Facade.php(363): Illuminate\\Database\\Schema\\Builder->table('users', Object(Closure))
#6 C:\\Users\\Stefan\\Desktop\\Iteh\\EbibliotekaV2\\database\\migrations\\2025_09_14_194837_add_membership_level_to_users_table.php(11): Illuminate\\Support\\Facades\\Facade::__callStatic('table', Array)
#7 C:\\Users\\Stefan\\Desktop\\Iteh\\EbibliotekaV2\\vendor\\laravel\\framework\\src\\Illuminate\\Database\\Migrations\\Migrator.php(514): Illuminate\\Database\\Migrations\\Migration@anonymous->up()
#8 C:\\Users\\Stefan\\Desktop\\Iteh\\EbibliotekaV2\\vendor\\laravel\\framework\\src\\Illuminate\\Database\\Migrations\\Migrator.php(439): Illuminate\\Database\\Migrations\\Migrator->runMethod(Object(Illuminate\\Database\\MySqlConnection), Object(Illuminate\\Database\\Migrations\\Migration@anonymous), 'up')
#9 C:\\Users\\Stefan\\Desktop\\Iteh\\EbibliotekaV2\\vendor\\laravel\\framework\\src\\Illuminate\\Database\\Migrations\\Migrator.php(448): Illuminate\\Database\\Migrations\\Migrator->Illuminate\\Database\\Migrations\\{closure}()
#10 C:\\Users\\Stefan\\Desktop\\Iteh\\EbibliotekaV2\\vendor\\laravel\\framework\\src\\Illuminate\\Database\\Migrations\\Migrator.php(250): Illuminate\\Database\\Migrations\\Migrator->runMigration(Object(Illuminate\\Database\\Migrations\\Migration@anonymous), 'up')
#11 C:\\Users\\Stefan\\Desktop\\Iteh\\EbibliotekaV2\\vendor\\laravel\\framework\\src\\Illuminate\\Console\\View\\Components\\Task.php(41): Illuminate\\Database\\Migrations\\Migrator->Illuminate\\Database\\Migrations\\{closure}()
#12 C:\\Users\\Stefan\\Desktop\\Iteh\\EbibliotekaV2\\vendor\\laravel\\framework\\src\\Illuminate\\Database\\Migrations\\Migrator.php(809): Illuminate\\Console\\View\\Components\\Task->render('2025_09_14_1948...', Object(Closure))
#13 C:\\Users\\Stefan\\Desktop\\Iteh\\EbibliotekaV2\\vendor\\laravel\\framework\\src\\Illuminate\\Database\\Migrations\\Migrator.php(250): Illuminate\\Database\\Migrations\\Migrator->write('Illuminate\\\\Cons...', '2025_09_14_1948...', Object(Closure))
#14 C:\\Users\\Stefan\\Desktop\\Iteh\\EbibliotekaV2\\vendor\\laravel\\framework\\src\\Illuminate\\Database\\Migrations\\Migrator.php(210): Illuminate\\Database\\Migrations\\Migrator->runUp('C:\\\\Users\\\\Stefan...', 2, false)
#15 C:\\Users\\Stefan\\Desktop\\Iteh\\EbibliotekaV2\\vendor\\laravel\\framework\\src\\Illuminate\\Database\\Migrations\\Migrator.php(137): Illuminate\\Database\\Migrations\\Migrator->runPending(Array, Array)
#16 C:\\Users\\Stefan\\Desktop\\Iteh\\EbibliotekaV2\\vendor\\laravel\\framework\\src\\Illuminate\\Database\\Console\\Migrations\\MigrateCommand.php(116): Illuminate\\Database\\Migrations\\Migrator->run(Array, Array)
#17 C:\\Users\\Stefan\\Desktop\\Iteh\\EbibliotekaV2\\vendor\\laravel\\framework\\src\\Illuminate\\Database\\Migrations\\Migrator.php(666): Illuminate\\Database\\Console\\Migrations\\MigrateCommand->Illuminate\\Database\\Console\\Migrations\\{closure}()
#18 C:\\Users\\Stefan\\Desktop\\Iteh\\EbibliotekaV2\\vendor\\laravel\\framework\\src\\Illuminate\\Database\\Console\\Migrations\\MigrateCommand.php(109): Illuminate\\Database\\Migrations\\Migrator->usingConnection(NULL, Object(Closure))
#19 C:\\Users\\Stefan\\Desktop\\Iteh\\EbibliotekaV2\\vendor\\laravel\\framework\\src\\Illuminate\\Database\\Console\\Migrations\\MigrateCommand.php(88): Illuminate\\Database\\Console\\Migrations\\MigrateCommand->runMigrations()
#20 C:\\Users\\Stefan\\Desktop\\Iteh\\EbibliotekaV2\\vendor\\laravel\\framework\\src\\Illuminate\\Container\\BoundMethod.php(36): Illuminate\\Database\\Console\\Migrations\\MigrateCommand->handle()
#21 C:\\Users\\Stefan\\Desktop\\Iteh\\EbibliotekaV2\\vendor\\laravel\\framework\\src\\Illuminate\\Container\\Util.php(43): Illuminate\\Container\\BoundMethod::Illuminate\\Container\\{closure}()
#22 C:\\Users\\Stefan\\Desktop\\Iteh\\EbibliotekaV2\\vendor\\laravel\\framework\\src\\Illuminate\\Container\\BoundMethod.php(96): Illuminate\\Container\\Util::unwrapIfClosure(Object(Closure))
#23 C:\\Users\\Stefan\\Desktop\\Iteh\\EbibliotekaV2\\vendor\\laravel\\framework\\src\\Illuminate\\Container\\BoundMethod.php(35): Illuminate\\Container\\BoundMethod::callBoundMethod(Object(Illuminate\\Foundation\\Application), Array, Object(Closure))
#24 C:\\Users\\Stefan\\Desktop\\Iteh\\EbibliotekaV2\\vendor\\laravel\\framework\\src\\Illuminate\\Container\\Container.php(835): Illuminate\\Container\\BoundMethod::call(Object(Illuminate\\Foundation\\Application), Array, Array, NULL)
#25 C:\\Users\\Stefan\\Desktop\\Iteh\\EbibliotekaV2\\vendor\\laravel\\framework\\src\\Illuminate\\Console\\Command.php(211): Illuminate\\Container\\Container->call(Array)
#26 C:\\Users\\Stefan\\Desktop\\Iteh\\EbibliotekaV2\\vendor\\symfony\\console\\Command\\Command.php(318): Illuminate\\Console\\Command->execute(Object(Symfony\\Component\\Console\\Input\\ArgvInput), Object(Illuminate\\Console\\OutputStyle))
#27 C:\\Users\\Stefan\\Desktop\\Iteh\\EbibliotekaV2\\vendor\\laravel\\framework\\src\\Illuminate\\Console\\Command.php(180): Symfony\\Component\\Console\\Command\\Command->run(Object(Symfony\\Component\\Console\\Input\\ArgvInput), Object(Illuminate\\Console\\OutputStyle))
#28 C:\\Users\\Stefan\\Desktop\\Iteh\\EbibliotekaV2\\vendor\\symfony\\console\\Application.php(1092): Illuminate\\Console\\Command->run(Object(Symfony\\Component\\Console\\Input\\ArgvInput), Object(Symfony\\Component\\Console\\Output\\ConsoleOutput))
#29 C:\\Users\\Stefan\\Desktop\\Iteh\\EbibliotekaV2\\vendor\\symfony\\console\\Application.php(341): Symfony\\Component\\Console\\Application->doRunCommand(Object(Illuminate\\Database\\Console\\Migrations\\MigrateCommand), Object(Symfony\\Component\\Console\\Input\\ArgvInput), Object(Symfony\\Component\\Console\\Output\\ConsoleOutput))
#30 C:\\Users\\Stefan\\Desktop\\Iteh\\EbibliotekaV2\\vendor\\symfony\\console\\Application.php(192): Symfony\\Component\\Console\\Application->doRun(Object(Symfony\\Component\\Console\\Input\\ArgvInput), Object(Symfony\\Component\\Console\\Output\\ConsoleOutput))
#31 C:\\Users\\Stefan\\Desktop\\Iteh\\EbibliotekaV2\\vendor\\laravel\\framework\\src\\Illuminate\\Foundation\\Console\\Kernel.php(197): Symfony\\Component\\Console\\Application->run(Object(Symfony\\Component\\Console\\Input\\ArgvInput), Object(Symfony\\Component\\Console\\Output\\ConsoleOutput))
#32 C:\\Users\\Stefan\\Desktop\\Iteh\\EbibliotekaV2\\vendor\\laravel\\framework\\src\\Illuminate\\Foundation\\Application.php(1234): Illuminate\\Foundation\\Console\\Kernel->handle(Object(Symfony\\Component\\Console\\Input\\ArgvInput), Object(Symfony\\Component\\Console\\Output\\ConsoleOutput))
#33 C:\\Users\\Stefan\\Desktop\\Iteh\\EbibliotekaV2\\artisan(16): Illuminate\\Foundation\\Application->handleCommand(Object(Symfony\\Component\\Console\\Input\\ArgvInput))
#34 {main}

[previous exception] [object] (PDOException(code: 42S22): SQLSTATE[42S22]: Column not found: 1054 Unknown column 'email' in 'users' at C:\\Users\\Stefan\\Desktop\\Iteh\\EbibliotekaV2\\vendor\\laravel\\framework\\src\\Illuminate\\Database\\Connection.php:570)
[stacktrace]
#0 C:\\Users\\Stefan\\Desktop\\Iteh\\EbibliotekaV2\\vendor\\laravel\\framework\\src\\Illuminate\\Database\\Connection.php(570): PDOStatement->execute()
#1 C:\\Users\\Stefan\\Desktop\\Iteh\\EbibliotekaV2\\vendor\\laravel\\framework\\src\\Illuminate\\Database\\Connection.php(811): Illuminate\\Database\\Connection->Illuminate\\Database\\{closure}('alter table `us...', Array)
#2 C:\\Users\\Stefan\\Desktop\\Iteh\\EbibliotekaV2\\vendor\\laravel\\framework\\src\\Illuminate\\Database\\Connection.php(778): Illuminate\\Database\\Connection->runQueryCallback('alter table `us...', Array, Object(Closure))
#3 C:\\Users\\Stefan\\Desktop\\Iteh\\EbibliotekaV2\\vendor\\laravel\\framework\\src\\Illuminate\\Database\\Connection.php(559): Illuminate\\Database\\Connection->run('alter table `us...', Array, Object(Closure))
#4 C:\\Users\\Stefan\\Desktop\\Iteh\\EbibliotekaV2\\vendor\\laravel\\framework\\src\\Illuminate\\Database\\Schema\\Blueprint.php(121): Illuminate\\Database\\Connection->statement('alter table `us...')
#5 C:\\Users\\Stefan\\Desktop\\Iteh\\EbibliotekaV2\\vendor\\laravel\\framework\\src\\Illuminate\\Database\\Schema\\Builder.php(618): Illuminate\\Database\\Schema\\Blueprint->build()
#6 C:\\Users\\Stefan\\Desktop\\Iteh\\EbibliotekaV2\\vendor\\laravel\\framework\\src\\Illuminate\\Database\\Schema\\Builder.php(460): Illuminate\\Database\\Schema\\Builder->build(Object(Illuminate\\Database\\Schema\\Blueprint))
#7 C:\\Users\\Stefan\\Desktop\\Iteh\\EbibliotekaV2\\vendor\\laravel\\framework\\src\\Illuminate\\Support\\Facades\\Facade.php(363): Illuminate\\Database\\Schema\\Builder->table('users', Object(Closure))
#8 C:\\Users\\Stefan\\Desktop\\Iteh\\EbibliotekaV2\\database\\migrations\\2025_09_14_194837_add_membership_level_to_users_table.php(11): Illuminate\\Support\\Facades\\Facade::__callStatic('table', Array)
#9 C:\\Users\\Stefan\\Desktop\\Iteh\\EbibliotekaV2\\vendor\\laravel\\framework\\src\\Illuminate\\Database\\Migrations\\Migrator.php(514): Illuminate\\Database\\Migrations\\Migration@anonymous->up()
#10 C:\\Users\\Stefan\\Desktop\\Iteh\\EbibliotekaV2\\vendor\\laravel\\framework\\src\\Illuminate\\Database\\Migrations\\Migrator.php(439): Illuminate\\Database\\Migrations\\Migrator->runMethod(Object(Illuminate\\Database\\MySqlConnection), Object(Illuminate\\Database\\Migrations\\Migration@anonymous), 'up')
#11 C:\\Users\\Stefan\\Desktop\\Iteh\\EbibliotekaV2\\vendor\\laravel\\framework\\src\\Illuminate\\Database\\Migrations\\Migrator.php(448): Illuminate\\Database\\Migrations\\Migrator->Illuminate\\Database\\Migrations\\{closure}()
#12 C:\\Users\\Stefan\\Desktop\\Iteh\\EbibliotekaV2\\vendor\\laravel\\framework\\src\\Illuminate\\Database\\Migrations\\Migrator.php(250): Illuminate\\Database\\Migrations\\Migrator->runMigration(Object(Illuminate\\Database\\Migrations\\Migration@anonymous), 'up')
#13 C:\\Users\\Stefan\\Desktop\\Iteh\\EbibliotekaV2\\vendor\\laravel\\framework\\src\\Illuminate\\Console\\View\\Components\\Task.php(41): Illuminate\\Database\\Migrations\\Migrator->Illuminate\\Database\\Migrations\\{closure}()
#14 C:\\Users\\Stefan\\Desktop\\Iteh\\EbibliotekaV2\\vendor\\laravel\\framework\\src\\Illuminate\\Database\\Migrations\\Migrator.php(809): Illuminate\\Console\\View\\Components\\Task->render('2025_09_14_1948...', Object(Closure))
#15 C:\\Users\\Stefan\\Desktop\\Iteh\\EbibliotekaV2\\vendor\\laravel\\framework\\src\\Illuminate\\Database\\Migrations\\Migrator.php(250): Illuminate\\Database\\Migrations\\Migrator->write('Illuminate\\\\Cons...', '2025_09_14_1948...', Object(Closure))
#16 C:\\Users\\Stefan\\Desktop\\Iteh\\EbibliotekaV2\\vendor\\laravel\\framework\\src\\Illuminate\\Database\\Migrations\\Migrator.php(210): Illuminate\\Database\\Migrations\\Migrator->runUp('C:\\\\Users\\\\Stefan...', 2, false)
#17 C:\\Users\\Stefan\\Desktop\\Iteh\\EbibliotekaV2\\vendor\\laravel\\framework\\src\\Illuminate\\Database\\Migrations\\Migrator.php(137): Illuminate\\Database\\Migrations\\Migrator->runPending(Array, Array)
#18 C:\\Users\\Stefan\\Desktop\\Iteh\\EbibliotekaV2\\vendor\\laravel\\framework\\src\\Illuminate\\Database\\Console\\Migrations\\MigrateCommand.php(116): Illuminate\\Database\\Migrations\\Migrator->run(Array, Array)
#19 C:\\Users\\Stefan\\Desktop\\Iteh\\EbibliotekaV2\\vendor\\laravel\\framework\\src\\Illuminate\\Database\\Migrations\\Migrator.php(666): Illuminate\\Database\\Console\\Migrations\\MigrateCommand->Illuminate\\Database\\Console\\Migrations\\{closure}()
#20 C:\\Users\\Stefan\\Desktop\\Iteh\\EbibliotekaV2\\vendor\\laravel\\framework\\src\\Illuminate\\Database\\Console\\Migrations\\MigrateCommand.php(109): Illuminate\\Database\\Migrations\\Migrator->usingConnection(NULL, Object(Closure))
#21 C:\\Users\\Stefan\\Desktop\\Iteh\\EbibliotekaV2\\vendor\\laravel\\framework\\src\\Illuminate\\Database\\Console\\Migrations\\MigrateCommand.php(88): Illuminate\\Database\\Console\\Migrations\\MigrateCommand->runMigrations()
#22 C:\\Users\\Stefan\\Desktop\\Iteh\\EbibliotekaV2\\vendor\\laravel\\framework\\src\\Illuminate\\Container\\BoundMethod.php(36): Illuminate\\Database\\Console\\Migrations\\MigrateCommand->handle()
#23 C:\\Users\\Stefan\\Desktop\\Iteh\\EbibliotekaV2\\vendor\\laravel\\framework\\src\\Illuminate\\Container\\Util.php(43): Illuminate\\Container\\BoundMethod::Illuminate\\Container\\{closure}()
#24 C:\\Users\\Stefan\\Desktop\\Iteh\\EbibliotekaV2\\vendor\\laravel\\framework\\src\\Illuminate\\Container\\BoundMethod.php(96): Illuminate\\Container\\Util::unwrapIfClosure(Object(Closure))
#25 C:\\Users\\Stefan\\Desktop\\Iteh\\EbibliotekaV2\\vendor\\laravel\\framework\\src\\Illuminate\\Container\\BoundMethod.php(35): Illuminate\\Container\\BoundMethod::callBoundMethod(Object(Illuminate\\Foundation\\Application), Array, Object(Closure))
#26 C:\\Users\\Stefan\\Desktop\\Iteh\\EbibliotekaV2\\vendor\\laravel\\framework\\src\\Illuminate\\Container\\Container.php(835): Illuminate\\Container\\BoundMethod::call(Object(Illuminate\\Foundation\\Application), Array, Array, NULL)
#27 C:\\Users\\Stefan\\Desktop\\Iteh\\EbibliotekaV2\\vendor\\laravel\\framework\\src\\Illuminate\\Console\\Command.php(211): Illuminate\\Container\\Container->call(Array)
#28 C:\\Users\\Stefan\\Desktop\\Iteh\\EbibliotekaV2\\vendor\\symfony\\console\\Command\\Command.php(318): Illuminate\\Console\\Command->execute(Object(Symfony\\Component\\Console\\Input\\ArgvInput), Object(Illuminate\\Console\\OutputStyle))
#29 C:\\Users\\Stefan\\Desktop\\Iteh\\EbibliotekaV2\\vendor\\laravel\\framework\\src\\Illuminate\\Console\\Command.php(180): Symfony\\Component\\Console\\Command\\Command->run(Object(Symfony\\Component\\Console\\Input\\ArgvInput), Object(Illuminate\\Console\\OutputStyle))
#30 C:\\Users\\Stefan\\Desktop\\Iteh\\EbibliotekaV2\\vendor\\symfony\\console\\Application.php(1092): Illuminate\\Console\\Command->run(Object(Symfony\\Component\\Console\\Input\\ArgvInput), Object(Symfony\\Component\\Console\\Output\\ConsoleOutput))
#31 C:\\Users\\Stefan\\Desktop\\Iteh\\EbibliotekaV2\\vendor\\symfony\\console\\Application.php(341): Symfony\\Component\\Console\\Application->doRunCommand(Object(Illuminate\\Database\\Console\\Migrations\\MigrateCommand), Object(Symfony\\Component\\Console\\Input\\ArgvInput), Object(Symfony\\Component\\Console\\Output\\ConsoleOutput))
#32 C:\\Users\\Stefan\\Desktop\\Iteh\\EbibliotekaV2\\vendor\\symfony\\console\\Application.php(192): Symfony\\Component\\Console\\Application->doRun(Object(Symfony\\Component\\Console\\Input\\ArgvInput), Object(Symfony\\Component\\Console\\Output\\ConsoleOutput))
#33 C:\\Users\\Stefan\\Desktop\\Iteh\\EbibliotekaV2\\vendor\\laravel\\framework\\src\\Illuminate\\Foundation\\Console\\Kernel.php(197): Symfony\\Component\\Console\\Application->run(Object(Symfony\\Component\\Console\\Input\\ArgvInput), Object(Symfony\\Component\\Console\\Output\\ConsoleOutput))
#34 C:\\Users\\Stefan\\Desktop\\Iteh\\EbibliotekaV2\\vendor\\laravel\\framework\\src\\Illuminate\\Foundation\\Application.php(1234): Illuminate\\Foundation\\Console\\Kernel->handle(Object(Symfony\\Component\\Console\\Input\\ArgvInput), Object(Symfony\\Component\\Console\\Output\\ConsoleOutput))
#35 C:\\Users\\Stefan\\Desktop\\Iteh\\EbibliotekaV2\\artisan(16): Illuminate\\Foundation\\Application->handleCommand(Object(Symfony\\Component\\Console\\Input\\ArgvInput))
#36 {main}
"} 
[2025-09-14 19:51:14] local.ERROR: SQLSTATE[42S22]: Column not found: 1054 Unknown column 'email' in 'users' (Connection: mysql, SQL: alter table `users` add `membership_level` varchar(255) not null default 'basic' after `email`) {"exception":"[object] (Illuminate\\Database\\QueryException(code: 42S22): SQLSTATE[42S22]: Column not found: 1054 Unknown column 'email' in 'users' (Connection: mysql, SQL: alter table `users` add `membership_level` varchar(255) not null default 'basic' after `email`) at C:\\Users\\Stefan\\Desktop\\Iteh\\EbibliotekaV2\\vendor\\laravel\\framework\\src\\Illuminate\\Database\\Connection.php:824)
[stacktrace]
#0 C:\\Users\\Stefan\\Desktop\\Iteh\\EbibliotekaV2\\vendor\\laravel\\framework\\src\\Illuminate\\Database\\Connection.php(778): Illuminate\\Database\\Connection->runQueryCallback('alter table `us...', Array, Object(Closure))
#1 C:\\Users\\Stefan\\Desktop\\Iteh\\EbibliotekaV2\\vendor\\laravel\\framework\\src\\Illuminate\\Database\\Connection.php(559): Illuminate\\Database\\Connection->run('alter table `us...', Array, Object(Closure))
#2 C:\\Users\\Stefan\\Desktop\\Iteh\\EbibliotekaV2\\vendor\\laravel\\framework\\src\\Illuminate\\Database\\Schema\\Blueprint.php(121): Illuminate\\Database\\Connection->statement('alter table `us...')
#3 C:\\Users\\Stefan\\Desktop\\Iteh\\EbibliotekaV2\\vendor\\laravel\\framework\\src\\Illuminate\\Database\\Schema\\Builder.php(618): Illuminate\\Database\\Schema\\Blueprint->build()
#4 C:\\Users\\Stefan\\Desktop\\Iteh\\EbibliotekaV2\\vendor\\laravel\\framework\\src\\Illuminate\\Database\\Schema\\Builder.php(460): Illuminate\\Database\\Schema\\Builder->build(Object(Illuminate\\Database\\Schema\\Blueprint))
#5 C:\\Users\\Stefan\\Desktop\\Iteh\\EbibliotekaV2\\vendor\\laravel\\framework\\src\\Illuminate\\Support\\Facades\\Facade.php(363): Illuminate\\Database\\Schema\\Builder->table('users', Object(Closure))
#6 C:\\Users\\Stefan\\Desktop\\Iteh\\EbibliotekaV2\\database\\migrations\\2025_09_14_194837_add_membership_level_to_users_table.php(11): Illuminate\\Support\\Facades\\Facade::__callStatic('table', Array)
#7 C:\\Users\\Stefan\\Desktop\\Iteh\\EbibliotekaV2\\vendor\\laravel\\framework\\src\\Illuminate\\Database\\Migrations\\Migrator.php(514): Illuminate\\Database\\Migrations\\Migration@anonymous->up()
#8 C:\\Users\\Stefan\\Desktop\\Iteh\\EbibliotekaV2\\vendor\\laravel\\framework\\src\\Illuminate\\Database\\Migrations\\Migrator.php(439): Illuminate\\Database\\Migrations\\Migrator->runMethod(Object(Illuminate\\Database\\MySqlConnection), Object(Illuminate\\Database\\Migrations\\Migration@anonymous), 'up')
#9 C:\\Users\\Stefan\\Desktop\\Iteh\\EbibliotekaV2\\vendor\\laravel\\framework\\src\\Illuminate\\Database\\Migrations\\Migrator.php(448): Illuminate\\Database\\Migrations\\Migrator->Illuminate\\Database\\Migrations\\{closure}()
#10 C:\\Users\\Stefan\\Desktop\\Iteh\\EbibliotekaV2\\vendor\\laravel\\framework\\src\\Illuminate\\Database\\Migrations\\Migrator.php(250): Illuminate\\Database\\Migrations\\Migrator->runMigration(Object(Illuminate\\Database\\Migrations\\Migration@anonymous), 'up')
#11 C:\\Users\\Stefan\\Desktop\\Iteh\\EbibliotekaV2\\vendor\\laravel\\framework\\src\\Illuminate\\Console\\View\\Components\\Task.php(41): Illuminate\\Database\\Migrations\\Migrator->Illuminate\\Database\\Migrations\\{closure}()
#12 C:\\Users\\Stefan\\Desktop\\Iteh\\EbibliotekaV2\\vendor\\laravel\\framework\\src\\Illuminate\\Database\\Migrations\\Migrator.php(809): Illuminate\\Console\\View\\Components\\Task->render('2025_09_14_1948...', Object(Closure))
#13 C:\\Users\\Stefan\\Desktop\\Iteh\\EbibliotekaV2\\vendor\\laravel\\framework\\src\\Illuminate\\Database\\Migrations\\Migrator.php(250): Illuminate\\Database\\Migrations\\Migrator->write('Illuminate\\\\Cons...', '2025_09_14_1948...', Object(Closure))
#14 C:\\Users\\Stefan\\Desktop\\Iteh\\EbibliotekaV2\\vendor\\laravel\\framework\\src\\Illuminate\\Database\\Migrations\\Migrator.php(210): Illuminate\\Database\\Migrations\\Migrator->runUp('C:\\\\Users\\\\Stefan...', 3, false)
#15 C:\\Users\\Stefan\\Desktop\\Iteh\\EbibliotekaV2\\vendor\\laravel\\framework\\src\\Illuminate\\Database\\Migrations\\Migrator.php(137): Illuminate\\Database\\Migrations\\Migrator->runPending(Array, Array)
#16 C:\\Users\\Stefan\\Desktop\\Iteh\\EbibliotekaV2\\vendor\\laravel\\framework\\src\\Illuminate\\Database\\Console\\Migrations\\MigrateCommand.php(116): Illuminate\\Database\\Migrations\\Migrator->run(Array, Array)
#17 C:\\Users\\Stefan\\Desktop\\Iteh\\EbibliotekaV2\\vendor\\laravel\\framework\\src\\Illuminate\\Database\\Migrations\\Migrator.php(666): Illuminate\\Database\\Console\\Migrations\\MigrateCommand->Illuminate\\Database\\Console\\Migrations\\{closure}()
#18 C:\\Users\\Stefan\\Desktop\\Iteh\\EbibliotekaV2\\vendor\\laravel\\framework\\src\\Illuminate\\Database\\Console\\Migrations\\MigrateCommand.php(109): Illuminate\\Database\\Migrations\\Migrator->usingConnection(NULL, Object(Closure))
#19 C:\\Users\\Stefan\\Desktop\\Iteh\\EbibliotekaV2\\vendor\\laravel\\framework\\src\\Illuminate\\Database\\Console\\Migrations\\MigrateCommand.php(88): Illuminate\\Database\\Console\\Migrations\\MigrateCommand->runMigrations()
#20 C:\\Users\\Stefan\\Desktop\\Iteh\\EbibliotekaV2\\vendor\\laravel\\framework\\src\\Illuminate\\Container\\BoundMethod.php(36): Illuminate\\Database\\Console\\Migrations\\MigrateCommand->handle()
#21 C:\\Users\\Stefan\\Desktop\\Iteh\\EbibliotekaV2\\vendor\\laravel\\framework\\src\\Illuminate\\Container\\Util.php(43): Illuminate\\Container\\BoundMethod::Illuminate\\Container\\{closure}()
#22 C:\\Users\\Stefan\\Desktop\\Iteh\\EbibliotekaV2\\vendor\\laravel\\framework\\src\\Illuminate\\Container\\BoundMethod.php(96): Illuminate\\Container\\Util::unwrapIfClosure(Object(Closure))
#23 C:\\Users\\Stefan\\Desktop\\Iteh\\EbibliotekaV2\\vendor\\laravel\\framework\\src\\Illuminate\\Container\\BoundMethod.php(35): Illuminate\\Container\\BoundMethod::callBoundMethod(Object(Illuminate\\Foundation\\Application), Array, Object(Closure))
#24 C:\\Users\\Stefan\\Desktop\\Iteh\\EbibliotekaV2\\vendor\\laravel\\framework\\src\\Illuminate\\Container\\Container.php(835): Illuminate\\Container\\BoundMethod::call(Object(Illuminate\\Foundation\\Application), Array, Array, NULL)
#25 C:\\Users\\Stefan\\Desktop\\Iteh\\EbibliotekaV2\\vendor\\laravel\\framework\\src\\Illuminate\\Console\\Command.php(211): Illuminate\\Container\\Container->call(Array)
#26 C:\\Users\\Stefan\\Desktop\\Iteh\\EbibliotekaV2\\vendor\\symfony\\console\\Command\\Command.php(318): Illuminate\\Console\\Command->execute(Object(Symfony\\Component\\Console\\Input\\ArgvInput), Object(Illuminate\\Console\\OutputStyle))
#27 C:\\Users\\Stefan\\Desktop\\Iteh\\EbibliotekaV2\\vendor\\laravel\\framework\\src\\Illuminate\\Console\\Command.php(180): Symfony\\Component\\Console\\Command\\Command->run(Object(Symfony\\Component\\Console\\Input\\ArgvInput), Object(Illuminate\\Console\\OutputStyle))
#28 C:\\Users\\Stefan\\Desktop\\Iteh\\EbibliotekaV2\\vendor\\symfony\\console\\Application.php(1092): Illuminate\\Console\\Command->run(Object(Symfony\\Component\\Console\\Input\\ArgvInput), Object(Symfony\\Component\\Console\\Output\\ConsoleOutput))
#29 C:\\Users\\Stefan\\Desktop\\Iteh\\EbibliotekaV2\\vendor\\symfony\\console\\Application.php(341): Symfony\\Component\\Console\\Application->doRunCommand(Object(Illuminate\\Database\\Console\\Migrations\\MigrateCommand), Object(Symfony\\Component\\Console\\Input\\ArgvInput), Object(Symfony\\Component\\Console\\Output\\ConsoleOutput))
#30 C:\\Users\\Stefan\\Desktop\\Iteh\\EbibliotekaV2\\vendor\\symfony\\console\\Application.php(192): Symfony\\Component\\Console\\Application->doRun(Object(Symfony\\Component\\Console\\Input\\ArgvInput), Object(Symfony\\Component\\Console\\Output\\ConsoleOutput))
#31 C:\\Users\\Stefan\\Desktop\\Iteh\\EbibliotekaV2\\vendor\\laravel\\framework\\src\\Illuminate\\Foundation\\Console\\Kernel.php(197): Symfony\\Component\\Console\\Application->run(Object(Symfony\\Component\\Console\\Input\\ArgvInput), Object(Symfony\\Component\\Console\\Output\\ConsoleOutput))
#32 C:\\Users\\Stefan\\Desktop\\Iteh\\EbibliotekaV2\\vendor\\laravel\\framework\\src\\Illuminate\\Foundation\\Application.php(1234): Illuminate\\Foundation\\Console\\Kernel->handle(Object(Symfony\\Component\\Console\\Input\\ArgvInput), Object(Symfony\\Component\\Console\\Output\\ConsoleOutput))
#33 C:\\Users\\Stefan\\Desktop\\Iteh\\EbibliotekaV2\\artisan(16): Illuminate\\Foundation\\Application->handleCommand(Object(Symfony\\Component\\Console\\Input\\ArgvInput))
#34 {main}

[previous exception] [object] (PDOException(code: 42S22): SQLSTATE[42S22]: Column not found: 1054 Unknown column 'email' in 'users' at C:\\Users\\Stefan\\Desktop\\Iteh\\EbibliotekaV2\\vendor\\laravel\\framework\\src\\Illuminate\\Database\\Connection.php:570)
[stacktrace]
#0 C:\\Users\\Stefan\\Desktop\\Iteh\\EbibliotekaV2\\vendor\\laravel\\framework\\src\\Illuminate\\Database\\Connection.php(570): PDOStatement->execute()
#1 C:\\Users\\Stefan\\Desktop\\Iteh\\EbibliotekaV2\\vendor\\laravel\\framework\\src\\Illuminate\\Database\\Connection.php(811): Illuminate\\Database\\Connection->Illuminate\\Database\\{closure}('alter table `us...', Array)
#2 C:\\Users\\Stefan\\Desktop\\Iteh\\EbibliotekaV2\\vendor\\laravel\\framework\\src\\Illuminate\\Database\\Connection.php(778): Illuminate\\Database\\Connection->runQueryCallback('alter table `us...', Array, Object(Closure))
#3 C:\\Users\\Stefan\\Desktop\\Iteh\\EbibliotekaV2\\vendor\\laravel\\framework\\src\\Illuminate\\Database\\Connection.php(559): Illuminate\\Database\\Connection->run('alter table `us...', Array, Object(Closure))
#4 C:\\Users\\Stefan\\Desktop\\Iteh\\EbibliotekaV2\\vendor\\laravel\\framework\\src\\Illuminate\\Database\\Schema\\Blueprint.php(121): Illuminate\\Database\\Connection->statement('alter table `us...')
#5 C:\\Users\\Stefan\\Desktop\\Iteh\\EbibliotekaV2\\vendor\\laravel\\framework\\src\\Illuminate\\Database\\Schema\\Builder.php(618): Illuminate\\Database\\Schema\\Blueprint->build()
#6 C:\\Users\\Stefan\\Desktop\\Iteh\\EbibliotekaV2\\vendor\\laravel\\framework\\src\\Illuminate\\Database\\Schema\\Builder.php(460): Illuminate\\Database\\Schema\\Builder->build(Object(Illuminate\\Database\\Schema\\Blueprint))
#7 C:\\Users\\Stefan\\Desktop\\Iteh\\EbibliotekaV2\\vendor\\laravel\\framework\\src\\Illuminate\\Support\\Facades\\Facade.php(363): Illuminate\\Database\\Schema\\Builder->table('users', Object(Closure))
#8 C:\\Users\\Stefan\\Desktop\\Iteh\\EbibliotekaV2\\database\\migrations\\2025_09_14_194837_add_membership_level_to_users_table.php(11): Illuminate\\Support\\Facades\\Facade::__callStatic('table', Array)
#9 C:\\Users\\Stefan\\Desktop\\Iteh\\EbibliotekaV2\\vendor\\laravel\\framework\\src\\Illuminate\\Database\\Migrations\\Migrator.php(514): Illuminate\\Database\\Migrations\\Migration@anonymous->up()
#10 C:\\Users\\Stefan\\Desktop\\Iteh\\EbibliotekaV2\\vendor\\laravel\\framework\\src\\Illuminate\\Database\\Migrations\\Migrator.php(439): Illuminate\\Database\\Migrations\\Migrator->runMethod(Object(Illuminate\\Database\\MySqlConnection), Object(Illuminate\\Database\\Migrations\\Migration@anonymous), 'up')
#11 C:\\Users\\Stefan\\Desktop\\Iteh\\EbibliotekaV2\\vendor\\laravel\\framework\\src\\Illuminate\\Database\\Migrations\\Migrator.php(448): Illuminate\\Database\\Migrations\\Migrator->Illuminate\\Database\\Migrations\\{closure}()
#12 C:\\Users\\Stefan\\Desktop\\Iteh\\EbibliotekaV2\\vendor\\laravel\\framework\\src\\Illuminate\\Database\\Migrations\\Migrator.php(250): Illuminate\\Database\\Migrations\\Migrator->runMigration(Object(Illuminate\\Database\\Migrations\\Migration@anonymous), 'up')
#13 C:\\Users\\Stefan\\Desktop\\Iteh\\EbibliotekaV2\\vendor\\laravel\\framework\\src\\Illuminate\\Console\\View\\Components\\Task.php(41): Illuminate\\Database\\Migrations\\Migrator->Illuminate\\Database\\Migrations\\{closure}()
#14 C:\\Users\\Stefan\\Desktop\\Iteh\\EbibliotekaV2\\vendor\\laravel\\framework\\src\\Illuminate\\Database\\Migrations\\Migrator.php(809): Illuminate\\Console\\View\\Components\\Task->render('2025_09_14_1948...', Object(Closure))
#15 C:\\Users\\Stefan\\Desktop\\Iteh\\EbibliotekaV2\\vendor\\laravel\\framework\\src\\Illuminate\\Database\\Migrations\\Migrator.php(250): Illuminate\\Database\\Migrations\\Migrator->write('Illuminate\\\\Cons...', '2025_09_14_1948...', Object(Closure))
#16 C:\\Users\\Stefan\\Desktop\\Iteh\\EbibliotekaV2\\vendor\\laravel\\framework\\src\\Illuminate\\Database\\Migrations\\Migrator.php(210): Illuminate\\Database\\Migrations\\Migrator->runUp('C:\\\\Users\\\\Stefan...', 3, false)
#17 C:\\Users\\Stefan\\Desktop\\Iteh\\EbibliotekaV2\\vendor\\laravel\\framework\\src\\Illuminate\\Database\\Migrations\\Migrator.php(137): Illuminate\\Database\\Migrations\\Migrator->runPending(Array, Array)
#18 C:\\Users\\Stefan\\Desktop\\Iteh\\EbibliotekaV2\\vendor\\laravel\\framework\\src\\Illuminate\\Database\\Console\\Migrations\\MigrateCommand.php(116): Illuminate\\Database\\Migrations\\Migrator->run(Array, Array)
#19 C:\\Users\\Stefan\\Desktop\\Iteh\\EbibliotekaV2\\vendor\\laravel\\framework\\src\\Illuminate\\Database\\Migrations\\Migrator.php(666): Illuminate\\Database\\Console\\Migrations\\MigrateCommand->Illuminate\\Database\\Console\\Migrations\\{closure}()
#20 C:\\Users\\Stefan\\Desktop\\Iteh\\EbibliotekaV2\\vendor\\laravel\\framework\\src\\Illuminate\\Database\\Console\\Migrations\\MigrateCommand.php(109): Illuminate\\Database\\Migrations\\Migrator->usingConnection(NULL, Object(Closure))
#21 C:\\Users\\Stefan\\Desktop\\Iteh\\EbibliotekaV2\\vendor\\laravel\\framework\\src\\Illuminate\\Database\\Console\\Migrations\\MigrateCommand.php(88): Illuminate\\Database\\Console\\Migrations\\MigrateCommand->runMigrations()
#22 C:\\Users\\Stefan\\Desktop\\Iteh\\EbibliotekaV2\\vendor\\laravel\\framework\\src\\Illuminate\\Container\\BoundMethod.php(36): Illuminate\\Database\\Console\\Migrations\\MigrateCommand->handle()
#23 C:\\Users\\Stefan\\Desktop\\Iteh\\EbibliotekaV2\\vendor\\laravel\\framework\\src\\Illuminate\\Container\\Util.php(43): Illuminate\\Container\\BoundMethod::Illuminate\\Container\\{closure}()
#24 C:\\Users\\Stefan\\Desktop\\Iteh\\EbibliotekaV2\\vendor\\laravel\\framework\\src\\Illuminate\\Container\\BoundMethod.php(96): Illuminate\\Container\\Util::unwrapIfClosure(Object(Closure))
#25 C:\\Users\\Stefan\\Desktop\\Iteh\\EbibliotekaV2\\vendor\\laravel\\framework\\src\\Illuminate\\Container\\BoundMethod.php(35): Illuminate\\Container\\BoundMethod::callBoundMethod(Object(Illuminate\\Foundation\\Application), Array, Object(Closure))
#26 C:\\Users\\Stefan\\Desktop\\Iteh\\EbibliotekaV2\\vendor\\laravel\\framework\\src\\Illuminate\\Container\\Container.php(835): Illuminate\\Container\\BoundMethod::call(Object(Illuminate\\Foundation\\Application), Array, Array, NULL)
#27 C:\\Users\\Stefan\\Desktop\\Iteh\\EbibliotekaV2\\vendor\\laravel\\framework\\src\\Illuminate\\Console\\Command.php(211): Illuminate\\Container\\Container->call(Array)
#28 C:\\Users\\Stefan\\Desktop\\Iteh\\EbibliotekaV2\\vendor\\symfony\\console\\Command\\Command.php(318): Illuminate\\Console\\Command->execute(Object(Symfony\\Component\\Console\\Input\\ArgvInput), Object(Illuminate\\Console\\OutputStyle))
#29 C:\\Users\\Stefan\\Desktop\\Iteh\\EbibliotekaV2\\vendor\\laravel\\framework\\src\\Illuminate\\Console\\Command.php(180): Symfony\\Component\\Console\\Command\\Command->run(Object(Symfony\\Component\\Console\\Input\\ArgvInput), Object(Illuminate\\Console\\OutputStyle))
#30 C:\\Users\\Stefan\\Desktop\\Iteh\\EbibliotekaV2\\vendor\\symfony\\console\\Application.php(1092): Illuminate\\Console\\Command->run(Object(Symfony\\Component\\Console\\Input\\ArgvInput), Object(Symfony\\Component\\Console\\Output\\ConsoleOutput))
#31 C:\\Users\\Stefan\\Desktop\\Iteh\\EbibliotekaV2\\vendor\\symfony\\console\\Application.php(341): Symfony\\Component\\Console\\Application->doRunCommand(Object(Illuminate\\Database\\Console\\Migrations\\MigrateCommand), Object(Symfony\\Component\\Console\\Input\\ArgvInput), Object(Symfony\\Component\\Console\\Output\\ConsoleOutput))
#32 C:\\Users\\Stefan\\Desktop\\Iteh\\EbibliotekaV2\\vendor\\symfony\\console\\Application.php(192): Symfony\\Component\\Console\\Application->doRun(Object(Symfony\\Component\\Console\\Input\\ArgvInput), Object(Symfony\\Component\\Console\\Output\\ConsoleOutput))
#33 C:\\Users\\Stefan\\Desktop\\Iteh\\EbibliotekaV2\\vendor\\laravel\\framework\\src\\Illuminate\\Foundation\\Console\\Kernel.php(197): Symfony\\Component\\Console\\Application->run(Object(Symfony\\Component\\Console\\Input\\ArgvInput), Object(Symfony\\Component\\Console\\Output\\ConsoleOutput))
#34 C:\\Users\\Stefan\\Desktop\\Iteh\\EbibliotekaV2\\vendor\\laravel\\framework\\src\\Illuminate\\Foundation\\Application.php(1234): Illuminate\\Foundation\\Console\\Kernel->handle(Object(Symfony\\Component\\Console\\Input\\ArgvInput), Object(Symfony\\Component\\Console\\Output\\ConsoleOutput))
#35 C:\\Users\\Stefan\\Desktop\\Iteh\\EbibliotekaV2\\artisan(16): Illuminate\\Foundation\\Application->handleCommand(Object(Symfony\\Component\\Console\\Input\\ArgvInput))
#36 {main}
"} 
[2025-09-14 20:01:07] local.ERROR: SQLSTATE[42S21]: Column already exists: 1060 Duplicate column name 'user_id' (Connection: mysql, SQL: alter table `subscriptions` add `user_id` bigint unsigned not null after `id`) {"exception":"[object] (Illuminate\\Database\\QueryException(code: 42S21): SQLSTATE[42S21]: Column already exists: 1060 Duplicate column name 'user_id' (Connection: mysql, SQL: alter table `subscriptions` add `user_id` bigint unsigned not null after `id`) at C:\\Users\\Stefan\\Desktop\\Iteh\\EbibliotekaV2\\vendor\\laravel\\framework\\src\\Illuminate\\Database\\Connection.php:824)
[stacktrace]
#0 C:\\Users\\Stefan\\Desktop\\Iteh\\EbibliotekaV2\\vendor\\laravel\\framework\\src\\Illuminate\\Database\\Connection.php(778): Illuminate\\Database\\Connection->runQueryCallback('alter table `su...', Array, Object(Closure))
#1 C:\\Users\\Stefan\\Desktop\\Iteh\\EbibliotekaV2\\vendor\\laravel\\framework\\src\\Illuminate\\Database\\Connection.php(559): Illuminate\\Database\\Connection->run('alter table `su...', Array, Object(Closure))
#2 C:\\Users\\Stefan\\Desktop\\Iteh\\EbibliotekaV2\\vendor\\laravel\\framework\\src\\Illuminate\\Database\\Schema\\Blueprint.php(121): Illuminate\\Database\\Connection->statement('alter table `su...')
#3 C:\\Users\\Stefan\\Desktop\\Iteh\\EbibliotekaV2\\vendor\\laravel\\framework\\src\\Illuminate\\Database\\Schema\\Builder.php(618): Illuminate\\Database\\Schema\\Blueprint->build()
#4 C:\\Users\\Stefan\\Desktop\\Iteh\\EbibliotekaV2\\vendor\\laravel\\framework\\src\\Illuminate\\Database\\Schema\\Builder.php(460): Illuminate\\Database\\Schema\\Builder->build(Object(Illuminate\\Database\\Schema\\Blueprint))
#5 C:\\Users\\Stefan\\Desktop\\Iteh\\EbibliotekaV2\\vendor\\laravel\\framework\\src\\Illuminate\\Support\\Facades\\Facade.php(363): Illuminate\\Database\\Schema\\Builder->table('subscriptions', Object(Closure))
#6 C:\\Users\\Stefan\\Desktop\\Iteh\\EbibliotekaV2\\database\\migrations\\2025_09_14_200032_add_user_id_to_subscriptions_table.php(11): Illuminate\\Support\\Facades\\Facade::__callStatic('table', Array)
#7 C:\\Users\\Stefan\\Desktop\\Iteh\\EbibliotekaV2\\vendor\\laravel\\framework\\src\\Illuminate\\Database\\Migrations\\Migrator.php(514): Illuminate\\Database\\Migrations\\Migration@anonymous->up()
#8 C:\\Users\\Stefan\\Desktop\\Iteh\\EbibliotekaV2\\vendor\\laravel\\framework\\src\\Illuminate\\Database\\Migrations\\Migrator.php(439): Illuminate\\Database\\Migrations\\Migrator->runMethod(Object(Illuminate\\Database\\MySqlConnection), Object(Illuminate\\Database\\Migrations\\Migration@anonymous), 'up')
#9 C:\\Users\\Stefan\\Desktop\\Iteh\\EbibliotekaV2\\vendor\\laravel\\framework\\src\\Illuminate\\Database\\Migrations\\Migrator.php(448): Illuminate\\Database\\Migrations\\Migrator->Illuminate\\Database\\Migrations\\{closure}()
#10 C:\\Users\\Stefan\\Desktop\\Iteh\\EbibliotekaV2\\vendor\\laravel\\framework\\src\\Illuminate\\Database\\Migrations\\Migrator.php(250): Illuminate\\Database\\Migrations\\Migrator->runMigration(Object(Illuminate\\Database\\Migrations\\Migration@anonymous), 'up')
#11 C:\\Users\\Stefan\\Desktop\\Iteh\\EbibliotekaV2\\vendor\\laravel\\framework\\src\\Illuminate\\Console\\View\\Components\\Task.php(41): Illuminate\\Database\\Migrations\\Migrator->Illuminate\\Database\\Migrations\\{closure}()
#12 C:\\Users\\Stefan\\Desktop\\Iteh\\EbibliotekaV2\\vendor\\laravel\\framework\\src\\Illuminate\\Database\\Migrations\\Migrator.php(809): Illuminate\\Console\\View\\Components\\Task->render('2025_09_14_2000...', Object(Closure))
#13 C:\\Users\\Stefan\\Desktop\\Iteh\\EbibliotekaV2\\vendor\\laravel\\framework\\src\\Illuminate\\Database\\Migrations\\Migrator.php(250): Illuminate\\Database\\Migrations\\Migrator->write('Illuminate\\\\Cons...', '2025_09_14_2000...', Object(Closure))
#14 C:\\Users\\Stefan\\Desktop\\Iteh\\EbibliotekaV2\\vendor\\laravel\\framework\\src\\Illuminate\\Database\\Migrations\\Migrator.php(210): Illuminate\\Database\\Migrations\\Migrator->runUp('C:\\\\Users\\\\Stefan...', 6, false)
#15 C:\\Users\\Stefan\\Desktop\\Iteh\\EbibliotekaV2\\vendor\\laravel\\framework\\src\\Illuminate\\Database\\Migrations\\Migrator.php(137): Illuminate\\Database\\Migrations\\Migrator->runPending(Array, Array)
#16 C:\\Users\\Stefan\\Desktop\\Iteh\\EbibliotekaV2\\vendor\\laravel\\framework\\src\\Illuminate\\Database\\Console\\Migrations\\MigrateCommand.php(116): Illuminate\\Database\\Migrations\\Migrator->run(Array, Array)
#17 C:\\Users\\Stefan\\Desktop\\Iteh\\EbibliotekaV2\\vendor\\laravel\\framework\\src\\Illuminate\\Database\\Migrations\\Migrator.php(666): Illuminate\\Database\\Console\\Migrations\\MigrateCommand->Illuminate\\Database\\Console\\Migrations\\{closure}()
#18 C:\\Users\\Stefan\\Desktop\\Iteh\\EbibliotekaV2\\vendor\\laravel\\framework\\src\\Illuminate\\Database\\Console\\Migrations\\MigrateCommand.php(109): Illuminate\\Database\\Migrations\\Migrator->usingConnection(NULL, Object(Closure))
#19 C:\\Users\\Stefan\\Desktop\\Iteh\\EbibliotekaV2\\vendor\\laravel\\framework\\src\\Illuminate\\Database\\Console\\Migrations\\MigrateCommand.php(88): Illuminate\\Database\\Console\\Migrations\\MigrateCommand->runMigrations()
#20 C:\\Users\\Stefan\\Desktop\\Iteh\\EbibliotekaV2\\vendor\\laravel\\framework\\src\\Illuminate\\Container\\BoundMethod.php(36): Illuminate\\Database\\Console\\Migrations\\MigrateCommand->handle()
#21 C:\\Users\\Stefan\\Desktop\\Iteh\\EbibliotekaV2\\vendor\\laravel\\framework\\src\\Illuminate\\Container\\Util.php(43): Illuminate\\Container\\BoundMethod::Illuminate\\Container\\{closure}()
#22 C:\\Users\\Stefan\\Desktop\\Iteh\\EbibliotekaV2\\vendor\\laravel\\framework\\src\\Illuminate\\Container\\BoundMethod.php(96): Illuminate\\Container\\Util::unwrapIfClosure(Object(Closure))
#23 C:\\Users\\Stefan\\Desktop\\Iteh\\EbibliotekaV2\\vendor\\laravel\\framework\\src\\Illuminate\\Container\\BoundMethod.php(35): Illuminate\\Container\\BoundMethod::callBoundMethod(Object(Illuminate\\Foundation\\Application), Array, Object(Closure))
#24 C:\\Users\\Stefan\\Desktop\\Iteh\\EbibliotekaV2\\vendor\\laravel\\framework\\src\\Illuminate\\Container\\Container.php(835): Illuminate\\Container\\BoundMethod::call(Object(Illuminate\\Foundation\\Application), Array, Array, NULL)
#25 C:\\Users\\Stefan\\Desktop\\Iteh\\EbibliotekaV2\\vendor\\laravel\\framework\\src\\Illuminate\\Console\\Command.php(211): Illuminate\\Container\\Container->call(Array)
#26 C:\\Users\\Stefan\\Desktop\\Iteh\\EbibliotekaV2\\vendor\\symfony\\console\\Command\\Command.php(318): Illuminate\\Console\\Command->execute(Object(Symfony\\Component\\Console\\Input\\ArgvInput), Object(Illuminate\\Console\\OutputStyle))
#27 C:\\Users\\Stefan\\Desktop\\Iteh\\EbibliotekaV2\\vendor\\laravel\\framework\\src\\Illuminate\\Console\\Command.php(180): Symfony\\Component\\Console\\Command\\Command->run(Object(Symfony\\Component\\Console\\Input\\ArgvInput), Object(Illuminate\\Console\\OutputStyle))
#28 C:\\Users\\Stefan\\Desktop\\Iteh\\EbibliotekaV2\\vendor\\symfony\\console\\Application.php(1092): Illuminate\\Console\\Command->run(Object(Symfony\\Component\\Console\\Input\\ArgvInput), Object(Symfony\\Component\\Console\\Output\\ConsoleOutput))
#29 C:\\Users\\Stefan\\Desktop\\Iteh\\EbibliotekaV2\\vendor\\symfony\\console\\Application.php(341): Symfony\\Component\\Console\\Application->doRunCommand(Object(Illuminate\\Database\\Console\\Migrations\\MigrateCommand), Object(Symfony\\Component\\Console\\Input\\ArgvInput), Object(Symfony\\Component\\Console\\Output\\ConsoleOutput))
#30 C:\\Users\\Stefan\\Desktop\\Iteh\\EbibliotekaV2\\vendor\\symfony\\console\\Application.php(192): Symfony\\Component\\Console\\Application->doRun(Object(Symfony\\Component\\Console\\Input\\ArgvInput), Object(Symfony\\Component\\Console\\Output\\ConsoleOutput))
#31 C:\\Users\\Stefan\\Desktop\\Iteh\\EbibliotekaV2\\vendor\\laravel\\framework\\src\\Illuminate\\Foundation\\Console\\Kernel.php(197): Symfony\\Component\\Console\\Application->run(Object(Symfony\\Component\\Console\\Input\\ArgvInput), Object(Symfony\\Component\\Console\\Output\\ConsoleOutput))
#32 C:\\Users\\Stefan\\Desktop\\Iteh\\EbibliotekaV2\\vendor\\laravel\\framework\\src\\Illuminate\\Foundation\\Application.php(1234): Illuminate\\Foundation\\Console\\Kernel->handle(Object(Symfony\\Component\\Console\\Input\\ArgvInput), Object(Symfony\\Component\\Console\\Output\\ConsoleOutput))
#33 C:\\Users\\Stefan\\Desktop\\Iteh\\EbibliotekaV2\\artisan(16): Illuminate\\Foundation\\Application->handleCommand(Object(Symfony\\Component\\Console\\Input\\ArgvInput))
#34 {main}

[previous exception] [object] (PDOException(code: 42S21): SQLSTATE[42S21]: Column already exists: 1060 Duplicate column name 'user_id' at C:\\Users\\Stefan\\Desktop\\Iteh\\EbibliotekaV2\\vendor\\laravel\\framework\\src\\Illuminate\\Database\\Connection.php:570)
[stacktrace]
#0 C:\\Users\\Stefan\\Desktop\\Iteh\\EbibliotekaV2\\vendor\\laravel\\framework\\src\\Illuminate\\Database\\Connection.php(570): PDOStatement->execute()
#1 C:\\Users\\Stefan\\Desktop\\Iteh\\EbibliotekaV2\\vendor\\laravel\\framework\\src\\Illuminate\\Database\\Connection.php(811): Illuminate\\Database\\Connection->Illuminate\\Database\\{closure}('alter table `su...', Array)
#2 C:\\Users\\Stefan\\Desktop\\Iteh\\EbibliotekaV2\\vendor\\laravel\\framework\\src\\Illuminate\\Database\\Connection.php(778): Illuminate\\Database\\Connection->runQueryCallback('alter table `su...', Array, Object(Closure))
#3 C:\\Users\\Stefan\\Desktop\\Iteh\\EbibliotekaV2\\vendor\\laravel\\framework\\src\\Illuminate\\Database\\Connection.php(559): Illuminate\\Database\\Connection->run('alter table `su...', Array, Object(Closure))
#4 C:\\Users\\Stefan\\Desktop\\Iteh\\EbibliotekaV2\\vendor\\laravel\\framework\\src\\Illuminate\\Database\\Schema\\Blueprint.php(121): Illuminate\\Database\\Connection->statement('alter table `su...')
#5 C:\\Users\\Stefan\\Desktop\\Iteh\\EbibliotekaV2\\vendor\\laravel\\framework\\src\\Illuminate\\Database\\Schema\\Builder.php(618): Illuminate\\Database\\Schema\\Blueprint->build()
#6 C:\\Users\\Stefan\\Desktop\\Iteh\\EbibliotekaV2\\vendor\\laravel\\framework\\src\\Illuminate\\Database\\Schema\\Builder.php(460): Illuminate\\Database\\Schema\\Builder->build(Object(Illuminate\\Database\\Schema\\Blueprint))
#7 C:\\Users\\Stefan\\Desktop\\Iteh\\EbibliotekaV2\\vendor\\laravel\\framework\\src\\Illuminate\\Support\\Facades\\Facade.php(363): Illuminate\\Database\\Schema\\Builder->table('subscriptions', Object(Closure))
#8 C:\\Users\\Stefan\\Desktop\\Iteh\\EbibliotekaV2\\database\\migrations\\2025_09_14_200032_add_user_id_to_subscriptions_table.php(11): Illuminate\\Support\\Facades\\Facade::__callStatic('table', Array)
#9 C:\\Users\\Stefan\\Desktop\\Iteh\\EbibliotekaV2\\vendor\\laravel\\framework\\src\\Illuminate\\Database\\Migrations\\Migrator.php(514): Illuminate\\Database\\Migrations\\Migration@anonymous->up()
#10 C:\\Users\\Stefan\\Desktop\\Iteh\\EbibliotekaV2\\vendor\\laravel\\framework\\src\\Illuminate\\Database\\Migrations\\Migrator.php(439): Illuminate\\Database\\Migrations\\Migrator->runMethod(Object(Illuminate\\Database\\MySqlConnection), Object(Illuminate\\Database\\Migrations\\Migration@anonymous), 'up')
#11 C:\\Users\\Stefan\\Desktop\\Iteh\\EbibliotekaV2\\vendor\\laravel\\framework\\src\\Illuminate\\Database\\Migrations\\Migrator.php(448): Illuminate\\Database\\Migrations\\Migrator->Illuminate\\Database\\Migrations\\{closure}()
#12 C:\\Users\\Stefan\\Desktop\\Iteh\\EbibliotekaV2\\vendor\\laravel\\framework\\src\\Illuminate\\Database\\Migrations\\Migrator.php(250): Illuminate\\Database\\Migrations\\Migrator->runMigration(Object(Illuminate\\Database\\Migrations\\Migration@anonymous), 'up')
#13 C:\\Users\\Stefan\\Desktop\\Iteh\\EbibliotekaV2\\vendor\\laravel\\framework\\src\\Illuminate\\Console\\View\\Components\\Task.php(41): Illuminate\\Database\\Migrations\\Migrator->Illuminate\\Database\\Migrations\\{closure}()
#14 C:\\Users\\Stefan\\Desktop\\Iteh\\EbibliotekaV2\\vendor\\laravel\\framework\\src\\Illuminate\\Database\\Migrations\\Migrator.php(809): Illuminate\\Console\\View\\Components\\Task->render('2025_09_14_2000...', Object(Closure))
#15 C:\\Users\\Stefan\\Desktop\\Iteh\\EbibliotekaV2\\vendor\\laravel\\framework\\src\\Illuminate\\Database\\Migrations\\Migrator.php(250): Illuminate\\Database\\Migrations\\Migrator->write('Illuminate\\\\Cons...', '2025_09_14_2000...', Object(Closure))
#16 C:\\Users\\Stefan\\Desktop\\Iteh\\EbibliotekaV2\\vendor\\laravel\\framework\\src\\Illuminate\\Database\\Migrations\\Migrator.php(210): Illuminate\\Database\\Migrations\\Migrator->runUp('C:\\\\Users\\\\Stefan...', 6, false)
#17 C:\\Users\\Stefan\\Desktop\\Iteh\\EbibliotekaV2\\vendor\\laravel\\framework\\src\\Illuminate\\Database\\Migrations\\Migrator.php(137): Illuminate\\Database\\Migrations\\Migrator->runPending(Array, Array)
#18 C:\\Users\\Stefan\\Desktop\\Iteh\\EbibliotekaV2\\vendor\\laravel\\framework\\src\\Illuminate\\Database\\Console\\Migrations\\MigrateCommand.php(116): Illuminate\\Database\\Migrations\\Migrator->run(Array, Array)
#19 C:\\Users\\Stefan\\Desktop\\Iteh\\EbibliotekaV2\\vendor\\laravel\\framework\\src\\Illuminate\\Database\\Migrations\\Migrator.php(666): Illuminate\\Database\\Console\\Migrations\\MigrateCommand->Illuminate\\Database\\Console\\Migrations\\{closure}()
#20 C:\\Users\\Stefan\\Desktop\\Iteh\\EbibliotekaV2\\vendor\\laravel\\framework\\src\\Illuminate\\Database\\Console\\Migrations\\MigrateCommand.php(109): Illuminate\\Database\\Migrations\\Migrator->usingConnection(NULL, Object(Closure))
#21 C:\\Users\\Stefan\\Desktop\\Iteh\\EbibliotekaV2\\vendor\\laravel\\framework\\src\\Illuminate\\Database\\Console\\Migrations\\MigrateCommand.php(88): Illuminate\\Database\\Console\\Migrations\\MigrateCommand->runMigrations()
#22 C:\\Users\\Stefan\\Desktop\\Iteh\\EbibliotekaV2\\vendor\\laravel\\framework\\src\\Illuminate\\Container\\BoundMethod.php(36): Illuminate\\Database\\Console\\Migrations\\MigrateCommand->handle()
#23 C:\\Users\\Stefan\\Desktop\\Iteh\\EbibliotekaV2\\vendor\\laravel\\framework\\src\\Illuminate\\Container\\Util.php(43): Illuminate\\Container\\BoundMethod::Illuminate\\Container\\{closure}()
#24 C:\\Users\\Stefan\\Desktop\\Iteh\\EbibliotekaV2\\vendor\\laravel\\framework\\src\\Illuminate\\Container\\BoundMethod.php(96): Illuminate\\Container\\Util::unwrapIfClosure(Object(Closure))
#25 C:\\Users\\Stefan\\Desktop\\Iteh\\EbibliotekaV2\\vendor\\laravel\\framework\\src\\Illuminate\\Container\\BoundMethod.php(35): Illuminate\\Container\\BoundMethod::callBoundMethod(Object(Illuminate\\Foundation\\Application), Array, Object(Closure))
#26 C:\\Users\\Stefan\\Desktop\\Iteh\\EbibliotekaV2\\vendor\\laravel\\framework\\src\\Illuminate\\Container\\Container.php(835): Illuminate\\Container\\BoundMethod::call(Object(Illuminate\\Foundation\\Application), Array, Array, NULL)
#27 C:\\Users\\Stefan\\Desktop\\Iteh\\EbibliotekaV2\\vendor\\laravel\\framework\\src\\Illuminate\\Console\\Command.php(211): Illuminate\\Container\\Container->call(Array)
#28 C:\\Users\\Stefan\\Desktop\\Iteh\\EbibliotekaV2\\vendor\\symfony\\console\\Command\\Command.php(318): Illuminate\\Console\\Command->execute(Object(Symfony\\Component\\Console\\Input\\ArgvInput), Object(Illuminate\\Console\\OutputStyle))
#29 C:\\Users\\Stefan\\Desktop\\Iteh\\EbibliotekaV2\\vendor\\laravel\\framework\\src\\Illuminate\\Console\\Command.php(180): Symfony\\Component\\Console\\Command\\Command->run(Object(Symfony\\Component\\Console\\Input\\ArgvInput), Object(Illuminate\\Console\\OutputStyle))
#30 C:\\Users\\Stefan\\Desktop\\Iteh\\EbibliotekaV2\\vendor\\symfony\\console\\Application.php(1092): Illuminate\\Console\\Command->run(Object(Symfony\\Component\\Console\\Input\\ArgvInput), Object(Symfony\\Component\\Console\\Output\\ConsoleOutput))
#31 C:\\Users\\Stefan\\Desktop\\Iteh\\EbibliotekaV2\\vendor\\symfony\\console\\Application.php(341): Symfony\\Component\\Console\\Application->doRunCommand(Object(Illuminate\\Database\\Console\\Migrations\\MigrateCommand), Object(Symfony\\Component\\Console\\Input\\ArgvInput), Object(Symfony\\Component\\Console\\Output\\ConsoleOutput))
#32 C:\\Users\\Stefan\\Desktop\\Iteh\\EbibliotekaV2\\vendor\\symfony\\console\\Application.php(192): Symfony\\Component\\Console\\Application->doRun(Object(Symfony\\Component\\Console\\Input\\ArgvInput), Object(Symfony\\Component\\Console\\Output\\ConsoleOutput))
#33 C:\\Users\\Stefan\\Desktop\\Iteh\\EbibliotekaV2\\vendor\\laravel\\framework\\src\\Illuminate\\Foundation\\Console\\Kernel.php(197): Symfony\\Component\\Console\\Application->run(Object(Symfony\\Component\\Console\\Input\\ArgvInput), Object(Symfony\\Component\\Console\\Output\\ConsoleOutput))
#34 C:\\Users\\Stefan\\Desktop\\Iteh\\EbibliotekaV2\\vendor\\laravel\\framework\\src\\Illuminate\\Foundation\\Application.php(1234): Illuminate\\Foundation\\Console\\Kernel->handle(Object(Symfony\\Component\\Console\\Input\\ArgvInput), Object(Symfony\\Component\\Console\\Output\\ConsoleOutput))
#35 C:\\Users\\Stefan\\Desktop\\Iteh\\EbibliotekaV2\\artisan(16): Illuminate\\Foundation\\Application->handleCommand(Object(Symfony\\Component\\Console\\Input\\ArgvInput))
#36 {main}
"} 
[2025-09-14 20:05:03] local.ERROR: SQLSTATE[42S21]: Column already exists: 1060 Duplicate column name 'user_id' (Connection: mysql, SQL: alter table `subscriptions` add `user_id` bigint unsigned not null after `id`) {"exception":"[object] (Illuminate\\Database\\QueryException(code: 42S21): SQLSTATE[42S21]: Column already exists: 1060 Duplicate column name 'user_id' (Connection: mysql, SQL: alter table `subscriptions` add `user_id` bigint unsigned not null after `id`) at C:\\Users\\Stefan\\Desktop\\Iteh\\EbibliotekaV2\\vendor\\laravel\\framework\\src\\Illuminate\\Database\\Connection.php:824)
[stacktrace]
#0 C:\\Users\\Stefan\\Desktop\\Iteh\\EbibliotekaV2\\vendor\\laravel\\framework\\src\\Illuminate\\Database\\Connection.php(778): Illuminate\\Database\\Connection->runQueryCallback('alter table `su...', Array, Object(Closure))
#1 C:\\Users\\Stefan\\Desktop\\Iteh\\EbibliotekaV2\\vendor\\laravel\\framework\\src\\Illuminate\\Database\\Connection.php(559): Illuminate\\Database\\Connection->run('alter table `su...', Array, Object(Closure))
#2 C:\\Users\\Stefan\\Desktop\\Iteh\\EbibliotekaV2\\vendor\\laravel\\framework\\src\\Illuminate\\Database\\Schema\\Blueprint.php(121): Illuminate\\Database\\Connection->statement('alter table `su...')
#3 C:\\Users\\Stefan\\Desktop\\Iteh\\EbibliotekaV2\\vendor\\laravel\\framework\\src\\Illuminate\\Database\\Schema\\Builder.php(618): Illuminate\\Database\\Schema\\Blueprint->build()
#4 C:\\Users\\Stefan\\Desktop\\Iteh\\EbibliotekaV2\\vendor\\laravel\\framework\\src\\Illuminate\\Database\\Schema\\Builder.php(460): Illuminate\\Database\\Schema\\Builder->build(Object(Illuminate\\Database\\Schema\\Blueprint))
#5 C:\\Users\\Stefan\\Desktop\\Iteh\\EbibliotekaV2\\vendor\\laravel\\framework\\src\\Illuminate\\Support\\Facades\\Facade.php(363): Illuminate\\Database\\Schema\\Builder->table('subscriptions', Object(Closure))
#6 C:\\Users\\Stefan\\Desktop\\Iteh\\EbibliotekaV2\\database\\migrations\\2025_09_14_200032_add_user_id_to_subscriptions_table.php(11): Illuminate\\Support\\Facades\\Facade::__callStatic('table', Array)
#7 C:\\Users\\Stefan\\Desktop\\Iteh\\EbibliotekaV2\\vendor\\laravel\\framework\\src\\Illuminate\\Database\\Migrations\\Migrator.php(514): Illuminate\\Database\\Migrations\\Migration@anonymous->up()
#8 C:\\Users\\Stefan\\Desktop\\Iteh\\EbibliotekaV2\\vendor\\laravel\\framework\\src\\Illuminate\\Database\\Migrations\\Migrator.php(439): Illuminate\\Database\\Migrations\\Migrator->runMethod(Object(Illuminate\\Database\\MySqlConnection), Object(Illuminate\\Database\\Migrations\\Migration@anonymous), 'up')
#9 C:\\Users\\Stefan\\Desktop\\Iteh\\EbibliotekaV2\\vendor\\laravel\\framework\\src\\Illuminate\\Database\\Migrations\\Migrator.php(448): Illuminate\\Database\\Migrations\\Migrator->Illuminate\\Database\\Migrations\\{closure}()
#10 C:\\Users\\Stefan\\Desktop\\Iteh\\EbibliotekaV2\\vendor\\laravel\\framework\\src\\Illuminate\\Database\\Migrations\\Migrator.php(250): Illuminate\\Database\\Migrations\\Migrator->runMigration(Object(Illuminate\\Database\\Migrations\\Migration@anonymous), 'up')
#11 C:\\Users\\Stefan\\Desktop\\Iteh\\EbibliotekaV2\\vendor\\laravel\\framework\\src\\Illuminate\\Console\\View\\Components\\Task.php(41): Illuminate\\Database\\Migrations\\Migrator->Illuminate\\Database\\Migrations\\{closure}()
#12 C:\\Users\\Stefan\\Desktop\\Iteh\\EbibliotekaV2\\vendor\\laravel\\framework\\src\\Illuminate\\Database\\Migrations\\Migrator.php(809): Illuminate\\Console\\View\\Components\\Task->render('2025_09_14_2000...', Object(Closure))
#13 C:\\Users\\Stefan\\Desktop\\Iteh\\EbibliotekaV2\\vendor\\laravel\\framework\\src\\Illuminate\\Database\\Migrations\\Migrator.php(250): Illuminate\\Database\\Migrations\\Migrator->write('Illuminate\\\\Cons...', '2025_09_14_2000...', Object(Closure))
#14 C:\\Users\\Stefan\\Desktop\\Iteh\\EbibliotekaV2\\vendor\\laravel\\framework\\src\\Illuminate\\Database\\Migrations\\Migrator.php(210): Illuminate\\Database\\Migrations\\Migrator->runUp('C:\\\\Users\\\\Stefan...', 6, false)
#15 C:\\Users\\Stefan\\Desktop\\Iteh\\EbibliotekaV2\\vendor\\laravel\\framework\\src\\Illuminate\\Database\\Migrations\\Migrator.php(137): Illuminate\\Database\\Migrations\\Migrator->runPending(Array, Array)
#16 C:\\Users\\Stefan\\Desktop\\Iteh\\EbibliotekaV2\\vendor\\laravel\\framework\\src\\Illuminate\\Database\\Console\\Migrations\\MigrateCommand.php(116): Illuminate\\Database\\Migrations\\Migrator->run(Array, Array)
#17 C:\\Users\\Stefan\\Desktop\\Iteh\\EbibliotekaV2\\vendor\\laravel\\framework\\src\\Illuminate\\Database\\Migrations\\Migrator.php(666): Illuminate\\Database\\Console\\Migrations\\MigrateCommand->Illuminate\\Database\\Console\\Migrations\\{closure}()
#18 C:\\Users\\Stefan\\Desktop\\Iteh\\EbibliotekaV2\\vendor\\laravel\\framework\\src\\Illuminate\\Database\\Console\\Migrations\\MigrateCommand.php(109): Illuminate\\Database\\Migrations\\Migrator->usingConnection(NULL, Object(Closure))
#19 C:\\Users\\Stefan\\Desktop\\Iteh\\EbibliotekaV2\\vendor\\laravel\\framework\\src\\Illuminate\\Database\\Console\\Migrations\\MigrateCommand.php(88): Illuminate\\Database\\Console\\Migrations\\MigrateCommand->runMigrations()
#20 C:\\Users\\Stefan\\Desktop\\Iteh\\EbibliotekaV2\\vendor\\laravel\\framework\\src\\Illuminate\\Container\\BoundMethod.php(36): Illuminate\\Database\\Console\\Migrations\\MigrateCommand->handle()
#21 C:\\Users\\Stefan\\Desktop\\Iteh\\EbibliotekaV2\\vendor\\laravel\\framework\\src\\Illuminate\\Container\\Util.php(43): Illuminate\\Container\\BoundMethod::Illuminate\\Container\\{closure}()
#22 C:\\Users\\Stefan\\Desktop\\Iteh\\EbibliotekaV2\\vendor\\laravel\\framework\\src\\Illuminate\\Container\\BoundMethod.php(96): Illuminate\\Container\\Util::unwrapIfClosure(Object(Closure))
#23 C:\\Users\\Stefan\\Desktop\\Iteh\\EbibliotekaV2\\vendor\\laravel\\framework\\src\\Illuminate\\Container\\BoundMethod.php(35): Illuminate\\Container\\BoundMethod::callBoundMethod(Object(Illuminate\\Foundation\\Application), Array, Object(Closure))
#24 C:\\Users\\Stefan\\Desktop\\Iteh\\EbibliotekaV2\\vendor\\laravel\\framework\\src\\Illuminate\\Container\\Container.php(835): Illuminate\\Container\\BoundMethod::call(Object(Illuminate\\Foundation\\Application), Array, Array, NULL)
#25 C:\\Users\\Stefan\\Desktop\\Iteh\\EbibliotekaV2\\vendor\\laravel\\framework\\src\\Illuminate\\Console\\Command.php(211): Illuminate\\Container\\Container->call(Array)
#26 C:\\Users\\Stefan\\Desktop\\Iteh\\EbibliotekaV2\\vendor\\symfony\\console\\Command\\Command.php(318): Illuminate\\Console\\Command->execute(Object(Symfony\\Component\\Console\\Input\\ArgvInput), Object(Illuminate\\Console\\OutputStyle))
#27 C:\\Users\\Stefan\\Desktop\\Iteh\\EbibliotekaV2\\vendor\\laravel\\framework\\src\\Illuminate\\Console\\Command.php(180): Symfony\\Component\\Console\\Command\\Command->run(Object(Symfony\\Component\\Console\\Input\\ArgvInput), Object(Illuminate\\Console\\OutputStyle))
#28 C:\\Users\\Stefan\\Desktop\\Iteh\\EbibliotekaV2\\vendor\\symfony\\console\\Application.php(1092): Illuminate\\Console\\Command->run(Object(Symfony\\Component\\Console\\Input\\ArgvInput), Object(Symfony\\Component\\Console\\Output\\ConsoleOutput))
#29 C:\\Users\\Stefan\\Desktop\\Iteh\\EbibliotekaV2\\vendor\\symfony\\console\\Application.php(341): Symfony\\Component\\Console\\Application->doRunCommand(Object(Illuminate\\Database\\Console\\Migrations\\MigrateCommand), Object(Symfony\\Component\\Console\\Input\\ArgvInput), Object(Symfony\\Component\\Console\\Output\\ConsoleOutput))
#30 C:\\Users\\Stefan\\Desktop\\Iteh\\EbibliotekaV2\\vendor\\symfony\\console\\Application.php(192): Symfony\\Component\\Console\\Application->doRun(Object(Symfony\\Component\\Console\\Input\\ArgvInput), Object(Symfony\\Component\\Console\\Output\\ConsoleOutput))
#31 C:\\Users\\Stefan\\Desktop\\Iteh\\EbibliotekaV2\\vendor\\laravel\\framework\\src\\Illuminate\\Foundation\\Console\\Kernel.php(197): Symfony\\Component\\Console\\Application->run(Object(Symfony\\Component\\Console\\Input\\ArgvInput), Object(Symfony\\Component\\Console\\Output\\ConsoleOutput))
#32 C:\\Users\\Stefan\\Desktop\\Iteh\\EbibliotekaV2\\vendor\\laravel\\framework\\src\\Illuminate\\Foundation\\Application.php(1234): Illuminate\\Foundation\\Console\\Kernel->handle(Object(Symfony\\Component\\Console\\Input\\ArgvInput), Object(Symfony\\Component\\Console\\Output\\ConsoleOutput))
#33 C:\\Users\\Stefan\\Desktop\\Iteh\\EbibliotekaV2\\artisan(16): Illuminate\\Foundation\\Application->handleCommand(Object(Symfony\\Component\\Console\\Input\\ArgvInput))
#34 {main}

[previous exception] [object] (PDOException(code: 42S21): SQLSTATE[42S21]: Column already exists: 1060 Duplicate column name 'user_id' at C:\\Users\\Stefan\\Desktop\\Iteh\\EbibliotekaV2\\vendor\\laravel\\framework\\src\\Illuminate\\Database\\Connection.php:570)
[stacktrace]
#0 C:\\Users\\Stefan\\Desktop\\Iteh\\EbibliotekaV2\\vendor\\laravel\\framework\\src\\Illuminate\\Database\\Connection.php(570): PDOStatement->execute()
#1 C:\\Users\\Stefan\\Desktop\\Iteh\\EbibliotekaV2\\vendor\\laravel\\framework\\src\\Illuminate\\Database\\Connection.php(811): Illuminate\\Database\\Connection->Illuminate\\Database\\{closure}('alter table `su...', Array)
#2 C:\\Users\\Stefan\\Desktop\\Iteh\\EbibliotekaV2\\vendor\\laravel\\framework\\src\\Illuminate\\Database\\Connection.php(778): Illuminate\\Database\\Connection->runQueryCallback('alter table `su...', Array, Object(Closure))
#3 C:\\Users\\Stefan\\Desktop\\Iteh\\EbibliotekaV2\\vendor\\laravel\\framework\\src\\Illuminate\\Database\\Connection.php(559): Illuminate\\Database\\Connection->run('alter table `su...', Array, Object(Closure))
#4 C:\\Users\\Stefan\\Desktop\\Iteh\\EbibliotekaV2\\vendor\\laravel\\framework\\src\\Illuminate\\Database\\Schema\\Blueprint.php(121): Illuminate\\Database\\Connection->statement('alter table `su...')
#5 C:\\Users\\Stefan\\Desktop\\Iteh\\EbibliotekaV2\\vendor\\laravel\\framework\\src\\Illuminate\\Database\\Schema\\Builder.php(618): Illuminate\\Database\\Schema\\Blueprint->build()
#6 C:\\Users\\Stefan\\Desktop\\Iteh\\EbibliotekaV2\\vendor\\laravel\\framework\\src\\Illuminate\\Database\\Schema\\Builder.php(460): Illuminate\\Database\\Schema\\Builder->build(Object(Illuminate\\Database\\Schema\\Blueprint))
#7 C:\\Users\\Stefan\\Desktop\\Iteh\\EbibliotekaV2\\vendor\\laravel\\framework\\src\\Illuminate\\Support\\Facades\\Facade.php(363): Illuminate\\Database\\Schema\\Builder->table('subscriptions', Object(Closure))
#8 C:\\Users\\Stefan\\Desktop\\Iteh\\EbibliotekaV2\\database\\migrations\\2025_09_14_200032_add_user_id_to_subscriptions_table.php(11): Illuminate\\Support\\Facades\\Facade::__callStatic('table', Array)
#9 C:\\Users\\Stefan\\Desktop\\Iteh\\EbibliotekaV2\\vendor\\laravel\\framework\\src\\Illuminate\\Database\\Migrations\\Migrator.php(514): Illuminate\\Database\\Migrations\\Migration@anonymous->up()
#10 C:\\Users\\Stefan\\Desktop\\Iteh\\EbibliotekaV2\\vendor\\laravel\\framework\\src\\Illuminate\\Database\\Migrations\\Migrator.php(439): Illuminate\\Database\\Migrations\\Migrator->runMethod(Object(Illuminate\\Database\\MySqlConnection), Object(Illuminate\\Database\\Migrations\\Migration@anonymous), 'up')
#11 C:\\Users\\Stefan\\Desktop\\Iteh\\EbibliotekaV2\\vendor\\laravel\\framework\\src\\Illuminate\\Database\\Migrations\\Migrator.php(448): Illuminate\\Database\\Migrations\\Migrator->Illuminate\\Database\\Migrations\\{closure}()
#12 C:\\Users\\Stefan\\Desktop\\Iteh\\EbibliotekaV2\\vendor\\laravel\\framework\\src\\Illuminate\\Database\\Migrations\\Migrator.php(250): Illuminate\\Database\\Migrations\\Migrator->runMigration(Object(Illuminate\\Database\\Migrations\\Migration@anonymous), 'up')
#13 C:\\Users\\Stefan\\Desktop\\Iteh\\EbibliotekaV2\\vendor\\laravel\\framework\\src\\Illuminate\\Console\\View\\Components\\Task.php(41): Illuminate\\Database\\Migrations\\Migrator->Illuminate\\Database\\Migrations\\{closure}()
#14 C:\\Users\\Stefan\\Desktop\\Iteh\\EbibliotekaV2\\vendor\\laravel\\framework\\src\\Illuminate\\Database\\Migrations\\Migrator.php(809): Illuminate\\Console\\View\\Components\\Task->render('2025_09_14_2000...', Object(Closure))
#15 C:\\Users\\Stefan\\Desktop\\Iteh\\EbibliotekaV2\\vendor\\laravel\\framework\\src\\Illuminate\\Database\\Migrations\\Migrator.php(250): Illuminate\\Database\\Migrations\\Migrator->write('Illuminate\\\\Cons...', '2025_09_14_2000...', Object(Closure))
#16 C:\\Users\\Stefan\\Desktop\\Iteh\\EbibliotekaV2\\vendor\\laravel\\framework\\src\\Illuminate\\Database\\Migrations\\Migrator.php(210): Illuminate\\Database\\Migrations\\Migrator->runUp('C:\\\\Users\\\\Stefan...', 6, false)
#17 C:\\Users\\Stefan\\Desktop\\Iteh\\EbibliotekaV2\\vendor\\laravel\\framework\\src\\Illuminate\\Database\\Migrations\\Migrator.php(137): Illuminate\\Database\\Migrations\\Migrator->runPending(Array, Array)
#18 C:\\Users\\Stefan\\Desktop\\Iteh\\EbibliotekaV2\\vendor\\laravel\\framework\\src\\Illuminate\\Database\\Console\\Migrations\\MigrateCommand.php(116): Illuminate\\Database\\Migrations\\Migrator->run(Array, Array)
#19 C:\\Users\\Stefan\\Desktop\\Iteh\\EbibliotekaV2\\vendor\\laravel\\framework\\src\\Illuminate\\Database\\Migrations\\Migrator.php(666): Illuminate\\Database\\Console\\Migrations\\MigrateCommand->Illuminate\\Database\\Console\\Migrations\\{closure}()
#20 C:\\Users\\Stefan\\Desktop\\Iteh\\EbibliotekaV2\\vendor\\laravel\\framework\\src\\Illuminate\\Database\\Console\\Migrations\\MigrateCommand.php(109): Illuminate\\Database\\Migrations\\Migrator->usingConnection(NULL, Object(Closure))
#21 C:\\Users\\Stefan\\Desktop\\Iteh\\EbibliotekaV2\\vendor\\laravel\\framework\\src\\Illuminate\\Database\\Console\\Migrations\\MigrateCommand.php(88): Illuminate\\Database\\Console\\Migrations\\MigrateCommand->runMigrations()
#22 C:\\Users\\Stefan\\Desktop\\Iteh\\EbibliotekaV2\\vendor\\laravel\\framework\\src\\Illuminate\\Container\\BoundMethod.php(36): Illuminate\\Database\\Console\\Migrations\\MigrateCommand->handle()
#23 C:\\Users\\Stefan\\Desktop\\Iteh\\EbibliotekaV2\\vendor\\laravel\\framework\\src\\Illuminate\\Container\\Util.php(43): Illuminate\\Container\\BoundMethod::Illuminate\\Container\\{closure}()
#24 C:\\Users\\Stefan\\Desktop\\Iteh\\EbibliotekaV2\\vendor\\laravel\\framework\\src\\Illuminate\\Container\\BoundMethod.php(96): Illuminate\\Container\\Util::unwrapIfClosure(Object(Closure))
#25 C:\\Users\\Stefan\\Desktop\\Iteh\\EbibliotekaV2\\vendor\\laravel\\framework\\src\\Illuminate\\Container\\BoundMethod.php(35): Illuminate\\Container\\BoundMethod::callBoundMethod(Object(Illuminate\\Foundation\\Application), Array, Object(Closure))
#26 C:\\Users\\Stefan\\Desktop\\Iteh\\EbibliotekaV2\\vendor\\laravel\\framework\\src\\Illuminate\\Container\\Container.php(835): Illuminate\\Container\\BoundMethod::call(Object(Illuminate\\Foundation\\Application), Array, Array, NULL)
#27 C:\\Users\\Stefan\\Desktop\\Iteh\\EbibliotekaV2\\vendor\\laravel\\framework\\src\\Illuminate\\Console\\Command.php(211): Illuminate\\Container\\Container->call(Array)
#28 C:\\Users\\Stefan\\Desktop\\Iteh\\EbibliotekaV2\\vendor\\symfony\\console\\Command\\Command.php(318): Illuminate\\Console\\Command->execute(Object(Symfony\\Component\\Console\\Input\\ArgvInput), Object(Illuminate\\Console\\OutputStyle))
#29 C:\\Users\\Stefan\\Desktop\\Iteh\\EbibliotekaV2\\vendor\\laravel\\framework\\src\\Illuminate\\Console\\Command.php(180): Symfony\\Component\\Console\\Command\\Command->run(Object(Symfony\\Component\\Console\\Input\\ArgvInput), Object(Illuminate\\Console\\OutputStyle))
#30 C:\\Users\\Stefan\\Desktop\\Iteh\\EbibliotekaV2\\vendor\\symfony\\console\\Application.php(1092): Illuminate\\Console\\Command->run(Object(Symfony\\Component\\Console\\Input\\ArgvInput), Object(Symfony\\Component\\Console\\Output\\ConsoleOutput))
#31 C:\\Users\\Stefan\\Desktop\\Iteh\\EbibliotekaV2\\vendor\\symfony\\console\\Application.php(341): Symfony\\Component\\Console\\Application->doRunCommand(Object(Illuminate\\Database\\Console\\Migrations\\MigrateCommand), Object(Symfony\\Component\\Console\\Input\\ArgvInput), Object(Symfony\\Component\\Console\\Output\\ConsoleOutput))
#32 C:\\Users\\Stefan\\Desktop\\Iteh\\EbibliotekaV2\\vendor\\symfony\\console\\Application.php(192): Symfony\\Component\\Console\\Application->doRun(Object(Symfony\\Component\\Console\\Input\\ArgvInput), Object(Symfony\\Component\\Console\\Output\\ConsoleOutput))
#33 C:\\Users\\Stefan\\Desktop\\Iteh\\EbibliotekaV2\\vendor\\laravel\\framework\\src\\Illuminate\\Foundation\\Console\\Kernel.php(197): Symfony\\Component\\Console\\Application->run(Object(Symfony\\Component\\Console\\Input\\ArgvInput), Object(Symfony\\Component\\Console\\Output\\ConsoleOutput))
#34 C:\\Users\\Stefan\\Desktop\\Iteh\\EbibliotekaV2\\vendor\\laravel\\framework\\src\\Illuminate\\Foundation\\Application.php(1234): Illuminate\\Foundation\\Console\\Kernel->handle(Object(Symfony\\Component\\Console\\Input\\ArgvInput), Object(Symfony\\Component\\Console\\Output\\ConsoleOutput))
#35 C:\\Users\\Stefan\\Desktop\\Iteh\\EbibliotekaV2\\artisan(16): Illuminate\\Foundation\\Application->handleCommand(Object(Symfony\\Component\\Console\\Input\\ArgvInput))
#36 {main}
"} 
[2025-09-15 14:52:44] local.ERROR: Class "App\Http\Controllers\AuthController" does not exist {"exception":"[object] (ReflectionException(code: -1): Class \"App\\Http\\Controllers\\AuthController\" does not exist at C:\\Users\\Stefan\\Desktop\\Iteh\\EbibliotekaV2\\vendor\\laravel\\framework\\src\\Illuminate\\Foundation\\Console\\RouteListCommand.php:235)
[stacktrace]
#0 C:\\Users\\Stefan\\Desktop\\Iteh\\EbibliotekaV2\\vendor\\laravel\\framework\\src\\Illuminate\\Foundation\\Console\\RouteListCommand.php(235): ReflectionClass->__construct('App\\\\Http\\\\Contro...')
#1 C:\\Users\\Stefan\\Desktop\\Iteh\\EbibliotekaV2\\vendor\\laravel\\framework\\src\\Illuminate\\Foundation\\Console\\RouteListCommand.php(149): Illuminate\\Foundation\\Console\\RouteListCommand->isVendorRoute(Object(Illuminate\\Routing\\Route))
#2 C:\\Users\\Stefan\\Desktop\\Iteh\\EbibliotekaV2\\vendor\\laravel\\framework\\src\\Illuminate\\Foundation\\Console\\RouteListCommand.php(117): Illuminate\\Foundation\\Console\\RouteListCommand->getRouteInformation(Object(Illuminate\\Routing\\Route))
#3 [internal function]: Illuminate\\Foundation\\Console\\RouteListCommand->Illuminate\\Foundation\\Console\\{closure}(Object(Illuminate\\Routing\\Route), 1)
#4 C:\\Users\\Stefan\\Desktop\\Iteh\\EbibliotekaV2\\vendor\\laravel\\framework\\src\\Illuminate\\Collections\\Arr.php(774): array_map(Object(Closure), Array, Array)
#5 C:\\Users\\Stefan\\Desktop\\Iteh\\EbibliotekaV2\\vendor\\laravel\\framework\\src\\Illuminate\\Collections\\Collection.php(807): Illuminate\\Support\\Arr::map(Array, Object(Closure))
#6 C:\\Users\\Stefan\\Desktop\\Iteh\\EbibliotekaV2\\vendor\\laravel\\framework\\src\\Illuminate\\Foundation\\Console\\RouteListCommand.php(117): Illuminate\\Support\\Collection->map(Object(Closure))
#7 C:\\Users\\Stefan\\Desktop\\Iteh\\EbibliotekaV2\\vendor\\laravel\\framework\\src\\Illuminate\\Foundation\\Console\\RouteListCommand.php(102): Illuminate\\Foundation\\Console\\RouteListCommand->getRoutes()
#8 C:\\Users\\Stefan\\Desktop\\Iteh\\EbibliotekaV2\\vendor\\laravel\\framework\\src\\Illuminate\\Container\\BoundMethod.php(36): Illuminate\\Foundation\\Console\\RouteListCommand->handle()
#9 C:\\Users\\Stefan\\Desktop\\Iteh\\EbibliotekaV2\\vendor\\laravel\\framework\\src\\Illuminate\\Container\\Util.php(43): Illuminate\\Container\\BoundMethod::Illuminate\\Container\\{closure}()
#10 C:\\Users\\Stefan\\Desktop\\Iteh\\EbibliotekaV2\\vendor\\laravel\\framework\\src\\Illuminate\\Container\\BoundMethod.php(96): Illuminate\\Container\\Util::unwrapIfClosure(Object(Closure))
#11 C:\\Users\\Stefan\\Desktop\\Iteh\\EbibliotekaV2\\vendor\\laravel\\framework\\src\\Illuminate\\Container\\BoundMethod.php(35): Illuminate\\Container\\BoundMethod::callBoundMethod(Object(Illuminate\\Foundation\\Application), Array, Object(Closure))
#12 C:\\Users\\Stefan\\Desktop\\Iteh\\EbibliotekaV2\\vendor\\laravel\\framework\\src\\Illuminate\\Container\\Container.php(835): Illuminate\\Container\\BoundMethod::call(Object(Illuminate\\Foundation\\Application), Array, Array, NULL)
#13 C:\\Users\\Stefan\\Desktop\\Iteh\\EbibliotekaV2\\vendor\\laravel\\framework\\src\\Illuminate\\Console\\Command.php(211): Illuminate\\Container\\Container->call(Array)
#14 C:\\Users\\Stefan\\Desktop\\Iteh\\EbibliotekaV2\\vendor\\symfony\\console\\Command\\Command.php(318): Illuminate\\Console\\Command->execute(Object(Symfony\\Component\\Console\\Input\\ArgvInput), Object(Illuminate\\Console\\OutputStyle))
#15 C:\\Users\\Stefan\\Desktop\\Iteh\\EbibliotekaV2\\vendor\\laravel\\framework\\src\\Illuminate\\Console\\Command.php(180): Symfony\\Component\\Console\\Command\\Command->run(Object(Symfony\\Component\\Console\\Input\\ArgvInput), Object(Illuminate\\Console\\OutputStyle))
#16 C:\\Users\\Stefan\\Desktop\\Iteh\\EbibliotekaV2\\vendor\\symfony\\console\\Application.php(1092): Illuminate\\Console\\Command->run(Object(Symfony\\Component\\Console\\Input\\ArgvInput), Object(Symfony\\Component\\Console\\Output\\ConsoleOutput))
#17 C:\\Users\\Stefan\\Desktop\\Iteh\\EbibliotekaV2\\vendor\\symfony\\console\\Application.php(341): Symfony\\Component\\Console\\Application->doRunCommand(Object(Illuminate\\Foundation\\Console\\RouteListCommand), Object(Symfony\\Component\\Console\\Input\\ArgvInput), Object(Symfony\\Component\\Console\\Output\\ConsoleOutput))
#18 C:\\Users\\Stefan\\Desktop\\Iteh\\EbibliotekaV2\\vendor\\symfony\\console\\Application.php(192): Symfony\\Component\\Console\\Application->doRun(Object(Symfony\\Component\\Console\\Input\\ArgvInput), Object(Symfony\\Component\\Console\\Output\\ConsoleOutput))
#19 C:\\Users\\Stefan\\Desktop\\Iteh\\EbibliotekaV2\\vendor\\laravel\\framework\\src\\Illuminate\\Foundation\\Console\\Kernel.php(197): Symfony\\Component\\Console\\Application->run(Object(Symfony\\Component\\Console\\Input\\ArgvInput), Object(Symfony\\Component\\Console\\Output\\ConsoleOutput))
#20 C:\\Users\\Stefan\\Desktop\\Iteh\\EbibliotekaV2\\vendor\\laravel\\framework\\src\\Illuminate\\Foundation\\Application.php(1234): Illuminate\\Foundation\\Console\\Kernel->handle(Object(Symfony\\Component\\Console\\Input\\ArgvInput), Object(Symfony\\Component\\Console\\Output\\ConsoleOutput))
#21 C:\\Users\\Stefan\\Desktop\\Iteh\\EbibliotekaV2\\artisan(16): Illuminate\\Foundation\\Application->handleCommand(Object(Symfony\\Component\\Console\\Input\\ArgvInput))
#22 {main}
"} 
[2025-09-15 14:55:13] local.ERROR: Class "App\Http\Controllers\Controller" not found {"exception":"[object] (Error(code: 0): Class \"App\\Http\\Controllers\\Controller\" not found at C:\\Users\\Stefan\\Desktop\\Iteh\\EbibliotekaV2\\app\\Http\\Controllers\\API\\AuthController.php:10)
[stacktrace]
#0 C:\\Users\\Stefan\\Desktop\\Iteh\\EbibliotekaV2\\vendor\\composer\\ClassLoader.php(576): include()
#1 C:\\Users\\Stefan\\Desktop\\Iteh\\EbibliotekaV2\\vendor\\composer\\ClassLoader.php(427): Composer\\Autoload\\{closure}('C:\\\\Users\\\\Stefan...')
#2 [internal function]: Composer\\Autoload\\ClassLoader->loadClass('App\\\\Http\\\\Contro...')
#3 C:\\Users\\Stefan\\Desktop\\Iteh\\EbibliotekaV2\\vendor\\laravel\\framework\\src\\Illuminate\\Routing\\Route.php(1119): is_a('App\\\\Http\\\\Contro...', 'Illuminate\\\\Rout...', true)
#4 C:\\Users\\Stefan\\Desktop\\Iteh\\EbibliotekaV2\\vendor\\laravel\\framework\\src\\Illuminate\\Routing\\Route.php(1056): Illuminate\\Routing\\Route->controllerMiddleware()
#5 C:\\Users\\Stefan\\Desktop\\Iteh\\EbibliotekaV2\\vendor\\laravel\\framework\\src\\Illuminate\\Routing\\Router.php(834): Illuminate\\Routing\\Route->gatherMiddleware()
#6 C:\\Users\\Stefan\\Desktop\\Iteh\\EbibliotekaV2\\vendor\\laravel\\framework\\src\\Illuminate\\Foundation\\Console\\RouteListCommand.php(211): Illuminate\\Routing\\Router->gatherRouteMiddleware(Object(Illuminate\\Routing\\Route))
#7 C:\\Users\\Stefan\\Desktop\\Iteh\\EbibliotekaV2\\vendor\\laravel\\framework\\src\\Illuminate\\Foundation\\Console\\RouteListCommand.php(148): Illuminate\\Foundation\\Console\\RouteListCommand->getMiddleware(Object(Illuminate\\Routing\\Route))
#8 C:\\Users\\Stefan\\Desktop\\Iteh\\EbibliotekaV2\\vendor\\laravel\\framework\\src\\Illuminate\\Foundation\\Console\\RouteListCommand.php(117): Illuminate\\Foundation\\Console\\RouteListCommand->getRouteInformation(Object(Illuminate\\Routing\\Route))
#9 [internal function]: Illuminate\\Foundation\\Console\\RouteListCommand->Illuminate\\Foundation\\Console\\{closure}(Object(Illuminate\\Routing\\Route), 2)
#10 C:\\Users\\Stefan\\Desktop\\Iteh\\EbibliotekaV2\\vendor\\laravel\\framework\\src\\Illuminate\\Collections\\Arr.php(774): array_map(Object(Closure), Array, Array)
#11 C:\\Users\\Stefan\\Desktop\\Iteh\\EbibliotekaV2\\vendor\\laravel\\framework\\src\\Illuminate\\Collections\\Collection.php(807): Illuminate\\Support\\Arr::map(Array, Object(Closure))
#12 C:\\Users\\Stefan\\Desktop\\Iteh\\EbibliotekaV2\\vendor\\laravel\\framework\\src\\Illuminate\\Foundation\\Console\\RouteListCommand.php(117): Illuminate\\Support\\Collection->map(Object(Closure))
#13 C:\\Users\\Stefan\\Desktop\\Iteh\\EbibliotekaV2\\vendor\\laravel\\framework\\src\\Illuminate\\Foundation\\Console\\RouteListCommand.php(102): Illuminate\\Foundation\\Console\\RouteListCommand->getRoutes()
#14 C:\\Users\\Stefan\\Desktop\\Iteh\\EbibliotekaV2\\vendor\\laravel\\framework\\src\\Illuminate\\Container\\BoundMethod.php(36): Illuminate\\Foundation\\Console\\RouteListCommand->handle()
#15 C:\\Users\\Stefan\\Desktop\\Iteh\\EbibliotekaV2\\vendor\\laravel\\framework\\src\\Illuminate\\Container\\Util.php(43): Illuminate\\Container\\BoundMethod::Illuminate\\Container\\{closure}()
#16 C:\\Users\\Stefan\\Desktop\\Iteh\\EbibliotekaV2\\vendor\\laravel\\framework\\src\\Illuminate\\Container\\BoundMethod.php(96): Illuminate\\Container\\Util::unwrapIfClosure(Object(Closure))
#17 C:\\Users\\Stefan\\Desktop\\Iteh\\EbibliotekaV2\\vendor\\laravel\\framework\\src\\Illuminate\\Container\\BoundMethod.php(35): Illuminate\\Container\\BoundMethod::callBoundMethod(Object(Illuminate\\Foundation\\Application), Array, Object(Closure))
#18 C:\\Users\\Stefan\\Desktop\\Iteh\\EbibliotekaV2\\vendor\\laravel\\framework\\src\\Illuminate\\Container\\Container.php(835): Illuminate\\Container\\BoundMethod::call(Object(Illuminate\\Foundation\\Application), Array, Array, NULL)
#19 C:\\Users\\Stefan\\Desktop\\Iteh\\EbibliotekaV2\\vendor\\laravel\\framework\\src\\Illuminate\\Console\\Command.php(211): Illuminate\\Container\\Container->call(Array)
#20 C:\\Users\\Stefan\\Desktop\\Iteh\\EbibliotekaV2\\vendor\\symfony\\console\\Command\\Command.php(318): Illuminate\\Console\\Command->execute(Object(Symfony\\Component\\Console\\Input\\ArgvInput), Object(Illuminate\\Console\\OutputStyle))
#21 C:\\Users\\Stefan\\Desktop\\Iteh\\EbibliotekaV2\\vendor\\laravel\\framework\\src\\Illuminate\\Console\\Command.php(180): Symfony\\Component\\Console\\Command\\Command->run(Object(Symfony\\Component\\Console\\Input\\ArgvInput), Object(Illuminate\\Console\\OutputStyle))
#22 C:\\Users\\Stefan\\Desktop\\Iteh\\EbibliotekaV2\\vendor\\symfony\\console\\Application.php(1092): Illuminate\\Console\\Command->run(Object(Symfony\\Component\\Console\\Input\\ArgvInput), Object(Symfony\\Component\\Console\\Output\\ConsoleOutput))
#23 C:\\Users\\Stefan\\Desktop\\Iteh\\EbibliotekaV2\\vendor\\symfony\\console\\Application.php(341): Symfony\\Component\\Console\\Application->doRunCommand(Object(Illuminate\\Foundation\\Console\\RouteListCommand), Object(Symfony\\Component\\Console\\Input\\ArgvInput), Object(Symfony\\Component\\Console\\Output\\ConsoleOutput))
#24 C:\\Users\\Stefan\\Desktop\\Iteh\\EbibliotekaV2\\vendor\\symfony\\console\\Application.php(192): Symfony\\Component\\Console\\Application->doRun(Object(Symfony\\Component\\Console\\Input\\ArgvInput), Object(Symfony\\Component\\Console\\Output\\ConsoleOutput))
#25 C:\\Users\\Stefan\\Desktop\\Iteh\\EbibliotekaV2\\vendor\\laravel\\framework\\src\\Illuminate\\Foundation\\Console\\Kernel.php(197): Symfony\\Component\\Console\\Application->run(Object(Symfony\\Component\\Console\\Input\\ArgvInput), Object(Symfony\\Component\\Console\\Output\\ConsoleOutput))
#26 C:\\Users\\Stefan\\Desktop\\Iteh\\EbibliotekaV2\\vendor\\laravel\\framework\\src\\Illuminate\\Foundation\\Application.php(1234): Illuminate\\Foundation\\Console\\Kernel->handle(Object(Symfony\\Component\\Console\\Input\\ArgvInput), Object(Symfony\\Component\\Console\\Output\\ConsoleOutput))
#27 C:\\Users\\Stefan\\Desktop\\Iteh\\EbibliotekaV2\\artisan(16): Illuminate\\Foundation\\Application->handleCommand(Object(Symfony\\Component\\Console\\Input\\ArgvInput))
#28 {main}
"} 
[2025-09-15 14:55:52] local.ERROR: Class "App\Http\Controllers\API\Controller" not found {"exception":"[object] (Error(code: 0): Class \"App\\Http\\Controllers\\API\\Controller\" not found at C:\\Users\\Stefan\\Desktop\\Iteh\\EbibliotekaV2\\app\\Http\\Controllers\\API\\AuthController.php:10)
[stacktrace]
#0 C:\\Users\\Stefan\\Desktop\\Iteh\\EbibliotekaV2\\vendor\\composer\\ClassLoader.php(576): include()
#1 C:\\Users\\Stefan\\Desktop\\Iteh\\EbibliotekaV2\\vendor\\composer\\ClassLoader.php(427): Composer\\Autoload\\{closure}('C:\\\\Users\\\\Stefan...')
#2 [internal function]: Composer\\Autoload\\ClassLoader->loadClass('App\\\\Http\\\\Contro...')
#3 C:\\Users\\Stefan\\Desktop\\Iteh\\EbibliotekaV2\\vendor\\laravel\\framework\\src\\Illuminate\\Routing\\Route.php(1119): is_a('App\\\\Http\\\\Contro...', 'Illuminate\\\\Rout...', true)
#4 C:\\Users\\Stefan\\Desktop\\Iteh\\EbibliotekaV2\\vendor\\laravel\\framework\\src\\Illuminate\\Routing\\Route.php(1056): Illuminate\\Routing\\Route->controllerMiddleware()
#5 C:\\Users\\Stefan\\Desktop\\Iteh\\EbibliotekaV2\\vendor\\laravel\\framework\\src\\Illuminate\\Routing\\Router.php(834): Illuminate\\Routing\\Route->gatherMiddleware()
#6 C:\\Users\\Stefan\\Desktop\\Iteh\\EbibliotekaV2\\vendor\\laravel\\framework\\src\\Illuminate\\Foundation\\Console\\RouteListCommand.php(211): Illuminate\\Routing\\Router->gatherRouteMiddleware(Object(Illuminate\\Routing\\Route))
#7 C:\\Users\\Stefan\\Desktop\\Iteh\\EbibliotekaV2\\vendor\\laravel\\framework\\src\\Illuminate\\Foundation\\Console\\RouteListCommand.php(148): Illuminate\\Foundation\\Console\\RouteListCommand->getMiddleware(Object(Illuminate\\Routing\\Route))
#8 C:\\Users\\Stefan\\Desktop\\Iteh\\EbibliotekaV2\\vendor\\laravel\\framework\\src\\Illuminate\\Foundation\\Console\\RouteListCommand.php(117): Illuminate\\Foundation\\Console\\RouteListCommand->getRouteInformation(Object(Illuminate\\Routing\\Route))
#9 [internal function]: Illuminate\\Foundation\\Console\\RouteListCommand->Illuminate\\Foundation\\Console\\{closure}(Object(Illuminate\\Routing\\Route), 2)
#10 C:\\Users\\Stefan\\Desktop\\Iteh\\EbibliotekaV2\\vendor\\laravel\\framework\\src\\Illuminate\\Collections\\Arr.php(774): array_map(Object(Closure), Array, Array)
#11 C:\\Users\\Stefan\\Desktop\\Iteh\\EbibliotekaV2\\vendor\\laravel\\framework\\src\\Illuminate\\Collections\\Collection.php(807): Illuminate\\Support\\Arr::map(Array, Object(Closure))
#12 C:\\Users\\Stefan\\Desktop\\Iteh\\EbibliotekaV2\\vendor\\laravel\\framework\\src\\Illuminate\\Foundation\\Console\\RouteListCommand.php(117): Illuminate\\Support\\Collection->map(Object(Closure))
#13 C:\\Users\\Stefan\\Desktop\\Iteh\\EbibliotekaV2\\vendor\\laravel\\framework\\src\\Illuminate\\Foundation\\Console\\RouteListCommand.php(102): Illuminate\\Foundation\\Console\\RouteListCommand->getRoutes()
#14 C:\\Users\\Stefan\\Desktop\\Iteh\\EbibliotekaV2\\vendor\\laravel\\framework\\src\\Illuminate\\Container\\BoundMethod.php(36): Illuminate\\Foundation\\Console\\RouteListCommand->handle()
#15 C:\\Users\\Stefan\\Desktop\\Iteh\\EbibliotekaV2\\vendor\\laravel\\framework\\src\\Illuminate\\Container\\Util.php(43): Illuminate\\Container\\BoundMethod::Illuminate\\Container\\{closure}()
#16 C:\\Users\\Stefan\\Desktop\\Iteh\\EbibliotekaV2\\vendor\\laravel\\framework\\src\\Illuminate\\Container\\BoundMethod.php(96): Illuminate\\Container\\Util::unwrapIfClosure(Object(Closure))
#17 C:\\Users\\Stefan\\Desktop\\Iteh\\EbibliotekaV2\\vendor\\laravel\\framework\\src\\Illuminate\\Container\\BoundMethod.php(35): Illuminate\\Container\\BoundMethod::callBoundMethod(Object(Illuminate\\Foundation\\Application), Array, Object(Closure))
#18 C:\\Users\\Stefan\\Desktop\\Iteh\\EbibliotekaV2\\vendor\\laravel\\framework\\src\\Illuminate\\Container\\Container.php(835): Illuminate\\Container\\BoundMethod::call(Object(Illuminate\\Foundation\\Application), Array, Array, NULL)
#19 C:\\Users\\Stefan\\Desktop\\Iteh\\EbibliotekaV2\\vendor\\laravel\\framework\\src\\Illuminate\\Console\\Command.php(211): Illuminate\\Container\\Container->call(Array)
#20 C:\\Users\\Stefan\\Desktop\\Iteh\\EbibliotekaV2\\vendor\\symfony\\console\\Command\\Command.php(318): Illuminate\\Console\\Command->execute(Object(Symfony\\Component\\Console\\Input\\ArgvInput), Object(Illuminate\\Console\\OutputStyle))
#21 C:\\Users\\Stefan\\Desktop\\Iteh\\EbibliotekaV2\\vendor\\laravel\\framework\\src\\Illuminate\\Console\\Command.php(180): Symfony\\Component\\Console\\Command\\Command->run(Object(Symfony\\Component\\Console\\Input\\ArgvInput), Object(Illuminate\\Console\\OutputStyle))
#22 C:\\Users\\Stefan\\Desktop\\Iteh\\EbibliotekaV2\\vendor\\symfony\\console\\Application.php(1092): Illuminate\\Console\\Command->run(Object(Symfony\\Component\\Console\\Input\\ArgvInput), Object(Symfony\\Component\\Console\\Output\\ConsoleOutput))
#23 C:\\Users\\Stefan\\Desktop\\Iteh\\EbibliotekaV2\\vendor\\symfony\\console\\Application.php(341): Symfony\\Component\\Console\\Application->doRunCommand(Object(Illuminate\\Foundation\\Console\\RouteListCommand), Object(Symfony\\Component\\Console\\Input\\ArgvInput), Object(Symfony\\Component\\Console\\Output\\ConsoleOutput))
#24 C:\\Users\\Stefan\\Desktop\\Iteh\\EbibliotekaV2\\vendor\\symfony\\console\\Application.php(192): Symfony\\Component\\Console\\Application->doRun(Object(Symfony\\Component\\Console\\Input\\ArgvInput), Object(Symfony\\Component\\Console\\Output\\ConsoleOutput))
#25 C:\\Users\\Stefan\\Desktop\\Iteh\\EbibliotekaV2\\vendor\\laravel\\framework\\src\\Illuminate\\Foundation\\Console\\Kernel.php(197): Symfony\\Component\\Console\\Application->run(Object(Symfony\\Component\\Console\\Input\\ArgvInput), Object(Symfony\\Component\\Console\\Output\\ConsoleOutput))
#26 C:\\Users\\Stefan\\Desktop\\Iteh\\EbibliotekaV2\\vendor\\laravel\\framework\\src\\Illuminate\\Foundation\\Application.php(1234): Illuminate\\Foundation\\Console\\Kernel->handle(Object(Symfony\\Component\\Console\\Input\\ArgvInput), Object(Symfony\\Component\\Console\\Output\\ConsoleOutput))
#27 C:\\Users\\Stefan\\Desktop\\Iteh\\EbibliotekaV2\\artisan(16): Illuminate\\Foundation\\Application->handleCommand(Object(Symfony\\Component\\Console\\Input\\ArgvInput))
#28 {main}
"} 
[2025-09-15 14:58:01] local.ERROR: Class "App\Http\Controllers\API\Controller" not found {"exception":"[object] (Error(code: 0): Class \"App\\Http\\Controllers\\API\\Controller\" not found at C:\\Users\\Stefan\\Desktop\\Iteh\\EbibliotekaV2\\app\\Http\\Controllers\\API\\AuthController.php:10)
[stacktrace]
#0 C:\\Users\\Stefan\\Desktop\\Iteh\\EbibliotekaV2\\vendor\\composer\\ClassLoader.php(576): include()
#1 C:\\Users\\Stefan\\Desktop\\Iteh\\EbibliotekaV2\\vendor\\composer\\ClassLoader.php(427): Composer\\Autoload\\{closure}('C:\\\\Users\\\\Stefan...')
#2 [internal function]: Composer\\Autoload\\ClassLoader->loadClass('App\\\\Http\\\\Contro...')
#3 C:\\Users\\Stefan\\Desktop\\Iteh\\EbibliotekaV2\\vendor\\laravel\\framework\\src\\Illuminate\\Routing\\Route.php(1119): is_a('App\\\\Http\\\\Contro...', 'Illuminate\\\\Rout...', true)
#4 C:\\Users\\Stefan\\Desktop\\Iteh\\EbibliotekaV2\\vendor\\laravel\\framework\\src\\Illuminate\\Routing\\Route.php(1056): Illuminate\\Routing\\Route->controllerMiddleware()
#5 C:\\Users\\Stefan\\Desktop\\Iteh\\EbibliotekaV2\\vendor\\laravel\\framework\\src\\Illuminate\\Routing\\Router.php(834): Illuminate\\Routing\\Route->gatherMiddleware()
#6 C:\\Users\\Stefan\\Desktop\\Iteh\\EbibliotekaV2\\vendor\\laravel\\framework\\src\\Illuminate\\Foundation\\Console\\RouteListCommand.php(211): Illuminate\\Routing\\Router->gatherRouteMiddleware(Object(Illuminate\\Routing\\Route))
#7 C:\\Users\\Stefan\\Desktop\\Iteh\\EbibliotekaV2\\vendor\\laravel\\framework\\src\\Illuminate\\Foundation\\Console\\RouteListCommand.php(148): Illuminate\\Foundation\\Console\\RouteListCommand->getMiddleware(Object(Illuminate\\Routing\\Route))
#8 C:\\Users\\Stefan\\Desktop\\Iteh\\EbibliotekaV2\\vendor\\laravel\\framework\\src\\Illuminate\\Foundation\\Console\\RouteListCommand.php(117): Illuminate\\Foundation\\Console\\RouteListCommand->getRouteInformation(Object(Illuminate\\Routing\\Route))
#9 [internal function]: Illuminate\\Foundation\\Console\\RouteListCommand->Illuminate\\Foundation\\Console\\{closure}(Object(Illuminate\\Routing\\Route), 2)
#10 C:\\Users\\Stefan\\Desktop\\Iteh\\EbibliotekaV2\\vendor\\laravel\\framework\\src\\Illuminate\\Collections\\Arr.php(774): array_map(Object(Closure), Array, Array)
#11 C:\\Users\\Stefan\\Desktop\\Iteh\\EbibliotekaV2\\vendor\\laravel\\framework\\src\\Illuminate\\Collections\\Collection.php(807): Illuminate\\Support\\Arr::map(Array, Object(Closure))
#12 C:\\Users\\Stefan\\Desktop\\Iteh\\EbibliotekaV2\\vendor\\laravel\\framework\\src\\Illuminate\\Foundation\\Console\\RouteListCommand.php(117): Illuminate\\Support\\Collection->map(Object(Closure))
#13 C:\\Users\\Stefan\\Desktop\\Iteh\\EbibliotekaV2\\vendor\\laravel\\framework\\src\\Illuminate\\Foundation\\Console\\RouteListCommand.php(102): Illuminate\\Foundation\\Console\\RouteListCommand->getRoutes()
#14 C:\\Users\\Stefan\\Desktop\\Iteh\\EbibliotekaV2\\vendor\\laravel\\framework\\src\\Illuminate\\Container\\BoundMethod.php(36): Illuminate\\Foundation\\Console\\RouteListCommand->handle()
#15 C:\\Users\\Stefan\\Desktop\\Iteh\\EbibliotekaV2\\vendor\\laravel\\framework\\src\\Illuminate\\Container\\Util.php(43): Illuminate\\Container\\BoundMethod::Illuminate\\Container\\{closure}()
#16 C:\\Users\\Stefan\\Desktop\\Iteh\\EbibliotekaV2\\vendor\\laravel\\framework\\src\\Illuminate\\Container\\BoundMethod.php(96): Illuminate\\Container\\Util::unwrapIfClosure(Object(Closure))
#17 C:\\Users\\Stefan\\Desktop\\Iteh\\EbibliotekaV2\\vendor\\laravel\\framework\\src\\Illuminate\\Container\\BoundMethod.php(35): Illuminate\\Container\\BoundMethod::callBoundMethod(Object(Illuminate\\Foundation\\Application), Array, Object(Closure))
#18 C:\\Users\\Stefan\\Desktop\\Iteh\\EbibliotekaV2\\vendor\\laravel\\framework\\src\\Illuminate\\Container\\Container.php(835): Illuminate\\Container\\BoundMethod::call(Object(Illuminate\\Foundation\\Application), Array, Array, NULL)
#19 C:\\Users\\Stefan\\Desktop\\Iteh\\EbibliotekaV2\\vendor\\laravel\\framework\\src\\Illuminate\\Console\\Command.php(211): Illuminate\\Container\\Container->call(Array)
#20 C:\\Users\\Stefan\\Desktop\\Iteh\\EbibliotekaV2\\vendor\\symfony\\console\\Command\\Command.php(318): Illuminate\\Console\\Command->execute(Object(Symfony\\Component\\Console\\Input\\ArgvInput), Object(Illuminate\\Console\\OutputStyle))
#21 C:\\Users\\Stefan\\Desktop\\Iteh\\EbibliotekaV2\\vendor\\laravel\\framework\\src\\Illuminate\\Console\\Command.php(180): Symfony\\Component\\Console\\Command\\Command->run(Object(Symfony\\Component\\Console\\Input\\ArgvInput), Object(Illuminate\\Console\\OutputStyle))
#22 C:\\Users\\Stefan\\Desktop\\Iteh\\EbibliotekaV2\\vendor\\symfony\\console\\Application.php(1092): Illuminate\\Console\\Command->run(Object(Symfony\\Component\\Console\\Input\\ArgvInput), Object(Symfony\\Component\\Console\\Output\\ConsoleOutput))
#23 C:\\Users\\Stefan\\Desktop\\Iteh\\EbibliotekaV2\\vendor\\symfony\\console\\Application.php(341): Symfony\\Component\\Console\\Application->doRunCommand(Object(Illuminate\\Foundation\\Console\\RouteListCommand), Object(Symfony\\Component\\Console\\Input\\ArgvInput), Object(Symfony\\Component\\Console\\Output\\ConsoleOutput))
#24 C:\\Users\\Stefan\\Desktop\\Iteh\\EbibliotekaV2\\vendor\\symfony\\console\\Application.php(192): Symfony\\Component\\Console\\Application->doRun(Object(Symfony\\Component\\Console\\Input\\ArgvInput), Object(Symfony\\Component\\Console\\Output\\ConsoleOutput))
#25 C:\\Users\\Stefan\\Desktop\\Iteh\\EbibliotekaV2\\vendor\\laravel\\framework\\src\\Illuminate\\Foundation\\Console\\Kernel.php(197): Symfony\\Component\\Console\\Application->run(Object(Symfony\\Component\\Console\\Input\\ArgvInput), Object(Symfony\\Component\\Console\\Output\\ConsoleOutput))
#26 C:\\Users\\Stefan\\Desktop\\Iteh\\EbibliotekaV2\\vendor\\laravel\\framework\\src\\Illuminate\\Foundation\\Application.php(1234): Illuminate\\Foundation\\Console\\Kernel->handle(Object(Symfony\\Component\\Console\\Input\\ArgvInput), Object(Symfony\\Component\\Console\\Output\\ConsoleOutput))
#27 C:\\Users\\Stefan\\Desktop\\Iteh\\EbibliotekaV2\\artisan(16): Illuminate\\Foundation\\Application->handleCommand(Object(Symfony\\Component\\Console\\Input\\ArgvInput))
#28 {main}
"} 
[2025-09-15 14:59:52] local.ERROR: Class "App\Http\Controllers\API\AuthController" does not exist {"exception":"[object] (ReflectionException(code: -1): Class \"App\\Http\\Controllers\\API\\AuthController\" does not exist at C:\\Users\\Stefan\\Desktop\\Iteh\\EbibliotekaV2\\vendor\\laravel\\framework\\src\\Illuminate\\Foundation\\Console\\RouteListCommand.php:235)
[stacktrace]
#0 C:\\Users\\Stefan\\Desktop\\Iteh\\EbibliotekaV2\\vendor\\laravel\\framework\\src\\Illuminate\\Foundation\\Console\\RouteListCommand.php(235): ReflectionClass->__construct('App\\\\Http\\\\Contro...')
#1 C:\\Users\\Stefan\\Desktop\\Iteh\\EbibliotekaV2\\vendor\\laravel\\framework\\src\\Illuminate\\Foundation\\Console\\RouteListCommand.php(149): Illuminate\\Foundation\\Console\\RouteListCommand->isVendorRoute(Object(Illuminate\\Routing\\Route))
#2 C:\\Users\\Stefan\\Desktop\\Iteh\\EbibliotekaV2\\vendor\\laravel\\framework\\src\\Illuminate\\Foundation\\Console\\RouteListCommand.php(117): Illuminate\\Foundation\\Console\\RouteListCommand->getRouteInformation(Object(Illuminate\\Routing\\Route))
#3 [internal function]: Illuminate\\Foundation\\Console\\RouteListCommand->Illuminate\\Foundation\\Console\\{closure}(Object(Illuminate\\Routing\\Route), 2)
#4 C:\\Users\\Stefan\\Desktop\\Iteh\\EbibliotekaV2\\vendor\\laravel\\framework\\src\\Illuminate\\Collections\\Arr.php(774): array_map(Object(Closure), Array, Array)
#5 C:\\Users\\Stefan\\Desktop\\Iteh\\EbibliotekaV2\\vendor\\laravel\\framework\\src\\Illuminate\\Collections\\Collection.php(807): Illuminate\\Support\\Arr::map(Array, Object(Closure))
#6 C:\\Users\\Stefan\\Desktop\\Iteh\\EbibliotekaV2\\vendor\\laravel\\framework\\src\\Illuminate\\Foundation\\Console\\RouteListCommand.php(117): Illuminate\\Support\\Collection->map(Object(Closure))
#7 C:\\Users\\Stefan\\Desktop\\Iteh\\EbibliotekaV2\\vendor\\laravel\\framework\\src\\Illuminate\\Foundation\\Console\\RouteListCommand.php(102): Illuminate\\Foundation\\Console\\RouteListCommand->getRoutes()
#8 C:\\Users\\Stefan\\Desktop\\Iteh\\EbibliotekaV2\\vendor\\laravel\\framework\\src\\Illuminate\\Container\\BoundMethod.php(36): Illuminate\\Foundation\\Console\\RouteListCommand->handle()
#9 C:\\Users\\Stefan\\Desktop\\Iteh\\EbibliotekaV2\\vendor\\laravel\\framework\\src\\Illuminate\\Container\\Util.php(43): Illuminate\\Container\\BoundMethod::Illuminate\\Container\\{closure}()
#10 C:\\Users\\Stefan\\Desktop\\Iteh\\EbibliotekaV2\\vendor\\laravel\\framework\\src\\Illuminate\\Container\\BoundMethod.php(96): Illuminate\\Container\\Util::unwrapIfClosure(Object(Closure))
#11 C:\\Users\\Stefan\\Desktop\\Iteh\\EbibliotekaV2\\vendor\\laravel\\framework\\src\\Illuminate\\Container\\BoundMethod.php(35): Illuminate\\Container\\BoundMethod::callBoundMethod(Object(Illuminate\\Foundation\\Application), Array, Object(Closure))
#12 C:\\Users\\Stefan\\Desktop\\Iteh\\EbibliotekaV2\\vendor\\laravel\\framework\\src\\Illuminate\\Container\\Container.php(835): Illuminate\\Container\\BoundMethod::call(Object(Illuminate\\Foundation\\Application), Array, Array, NULL)
#13 C:\\Users\\Stefan\\Desktop\\Iteh\\EbibliotekaV2\\vendor\\laravel\\framework\\src\\Illuminate\\Console\\Command.php(211): Illuminate\\Container\\Container->call(Array)
#14 C:\\Users\\Stefan\\Desktop\\Iteh\\EbibliotekaV2\\vendor\\symfony\\console\\Command\\Command.php(318): Illuminate\\Console\\Command->execute(Object(Symfony\\Component\\Console\\Input\\ArgvInput), Object(Illuminate\\Console\\OutputStyle))
#15 C:\\Users\\Stefan\\Desktop\\Iteh\\EbibliotekaV2\\vendor\\laravel\\framework\\src\\Illuminate\\Console\\Command.php(180): Symfony\\Component\\Console\\Command\\Command->run(Object(Symfony\\Component\\Console\\Input\\ArgvInput), Object(Illuminate\\Console\\OutputStyle))
#16 C:\\Users\\Stefan\\Desktop\\Iteh\\EbibliotekaV2\\vendor\\symfony\\console\\Application.php(1092): Illuminate\\Console\\Command->run(Object(Symfony\\Component\\Console\\Input\\ArgvInput), Object(Symfony\\Component\\Console\\Output\\ConsoleOutput))
#17 C:\\Users\\Stefan\\Desktop\\Iteh\\EbibliotekaV2\\vendor\\symfony\\console\\Application.php(341): Symfony\\Component\\Console\\Application->doRunCommand(Object(Illuminate\\Foundation\\Console\\RouteListCommand), Object(Symfony\\Component\\Console\\Input\\ArgvInput), Object(Symfony\\Component\\Console\\Output\\ConsoleOutput))
#18 C:\\Users\\Stefan\\Desktop\\Iteh\\EbibliotekaV2\\vendor\\symfony\\console\\Application.php(192): Symfony\\Component\\Console\\Application->doRun(Object(Symfony\\Component\\Console\\Input\\ArgvInput), Object(Symfony\\Component\\Console\\Output\\ConsoleOutput))
#19 C:\\Users\\Stefan\\Desktop\\Iteh\\EbibliotekaV2\\vendor\\laravel\\framework\\src\\Illuminate\\Foundation\\Console\\Kernel.php(197): Symfony\\Component\\Console\\Application->run(Object(Symfony\\Component\\Console\\Input\\ArgvInput), Object(Symfony\\Component\\Console\\Output\\ConsoleOutput))
#20 C:\\Users\\Stefan\\Desktop\\Iteh\\EbibliotekaV2\\vendor\\laravel\\framework\\src\\Illuminate\\Foundation\\Application.php(1234): Illuminate\\Foundation\\Console\\Kernel->handle(Object(Symfony\\Component\\Console\\Input\\ArgvInput), Object(Symfony\\Component\\Console\\Output\\ConsoleOutput))
#21 C:\\Users\\Stefan\\Desktop\\Iteh\\EbibliotekaV2\\artisan(16): Illuminate\\Foundation\\Application->handleCommand(Object(Symfony\\Component\\Console\\Input\\ArgvInput))
#22 {main}
"} 
[2025-09-15 15:02:55] local.ERROR: SQLSTATE[HY000] [2002] No connection could be made because the target machine actively refused it (Connection: mysql, SQL: delete from `cache`) {"exception":"[object] (Illuminate\\Database\\QueryException(code: 2002): SQLSTATE[HY000] [2002] No connection could be made because the target machine actively refused it (Connection: mysql, SQL: delete from `cache`) at C:\\Users\\Stefan\\Desktop\\Iteh\\EbibliotekaV2\\vendor\\laravel\\framework\\src\\Illuminate\\Database\\Connection.php:824)
[stacktrace]
#0 C:\\Users\\Stefan\\Desktop\\Iteh\\EbibliotekaV2\\vendor\\laravel\\framework\\src\\Illuminate\\Database\\Connection.php(978): Illuminate\\Database\\Connection->runQueryCallback('delete from `ca...', Array, Object(Closure))
#1 C:\\Users\\Stefan\\Desktop\\Iteh\\EbibliotekaV2\\vendor\\laravel\\framework\\src\\Illuminate\\Database\\Connection.php(957): Illuminate\\Database\\Connection->tryAgainIfCausedByLostConnection(Object(Illuminate\\Database\\QueryException), 'delete from `ca...', Array, Object(Closure))
#2 C:\\Users\\Stefan\\Desktop\\Iteh\\EbibliotekaV2\\vendor\\laravel\\framework\\src\\Illuminate\\Database\\Connection.php(780): Illuminate\\Database\\Connection->handleQueryException(Object(Illuminate\\Database\\QueryException), 'delete from `ca...', Array, Object(Closure))
#3 C:\\Users\\Stefan\\Desktop\\Iteh\\EbibliotekaV2\\vendor\\laravel\\framework\\src\\Illuminate\\Database\\Connection.php(583): Illuminate\\Database\\Connection->run('delete from `ca...', Array, Object(Closure))
#4 C:\\Users\\Stefan\\Desktop\\Iteh\\EbibliotekaV2\\vendor\\laravel\\framework\\src\\Illuminate\\Database\\Connection.php(547): Illuminate\\Database\\Connection->affectingStatement('delete from `ca...', Array)
#5 C:\\Users\\Stefan\\Desktop\\Iteh\\EbibliotekaV2\\vendor\\laravel\\framework\\src\\Illuminate\\Database\\Query\\Builder.php(4109): Illuminate\\Database\\Connection->delete('delete from `ca...', Array)
#6 C:\\Users\\Stefan\\Desktop\\Iteh\\EbibliotekaV2\\vendor\\laravel\\framework\\src\\Illuminate\\Cache\\DatabaseStore.php(423): Illuminate\\Database\\Query\\Builder->delete()
#7 C:\\Users\\Stefan\\Desktop\\Iteh\\EbibliotekaV2\\vendor\\laravel\\framework\\src\\Illuminate\\Cache\\Repository.php(807): Illuminate\\Cache\\DatabaseStore->flush()
#8 C:\\Users\\Stefan\\Desktop\\Iteh\\EbibliotekaV2\\vendor\\laravel\\framework\\src\\Illuminate\\Cache\\Console\\ClearCommand.php(68): Illuminate\\Cache\\Repository->__call('flush', Array)
#9 C:\\Users\\Stefan\\Desktop\\Iteh\\EbibliotekaV2\\vendor\\laravel\\framework\\src\\Illuminate\\Container\\BoundMethod.php(36): Illuminate\\Cache\\Console\\ClearCommand->handle()
#10 C:\\Users\\Stefan\\Desktop\\Iteh\\EbibliotekaV2\\vendor\\laravel\\framework\\src\\Illuminate\\Container\\Util.php(43): Illuminate\\Container\\BoundMethod::Illuminate\\Container\\{closure}()
#11 C:\\Users\\Stefan\\Desktop\\Iteh\\EbibliotekaV2\\vendor\\laravel\\framework\\src\\Illuminate\\Container\\BoundMethod.php(96): Illuminate\\Container\\Util::unwrapIfClosure(Object(Closure))
#12 C:\\Users\\Stefan\\Desktop\\Iteh\\EbibliotekaV2\\vendor\\laravel\\framework\\src\\Illuminate\\Container\\BoundMethod.php(35): Illuminate\\Container\\BoundMethod::callBoundMethod(Object(Illuminate\\Foundation\\Application), Array, Object(Closure))
#13 C:\\Users\\Stefan\\Desktop\\Iteh\\EbibliotekaV2\\vendor\\laravel\\framework\\src\\Illuminate\\Container\\Container.php(835): Illuminate\\Container\\BoundMethod::call(Object(Illuminate\\Foundation\\Application), Array, Array, NULL)
#14 C:\\Users\\Stefan\\Desktop\\Iteh\\EbibliotekaV2\\vendor\\laravel\\framework\\src\\Illuminate\\Console\\Command.php(211): Illuminate\\Container\\Container->call(Array)
#15 C:\\Users\\Stefan\\Desktop\\Iteh\\EbibliotekaV2\\vendor\\symfony\\console\\Command\\Command.php(318): Illuminate\\Console\\Command->execute(Object(Symfony\\Component\\Console\\Input\\ArgvInput), Object(Illuminate\\Console\\OutputStyle))
#16 C:\\Users\\Stefan\\Desktop\\Iteh\\EbibliotekaV2\\vendor\\laravel\\framework\\src\\Illuminate\\Console\\Command.php(180): Symfony\\Component\\Console\\Command\\Command->run(Object(Symfony\\Component\\Console\\Input\\ArgvInput), Object(Illuminate\\Console\\OutputStyle))
#17 C:\\Users\\Stefan\\Desktop\\Iteh\\EbibliotekaV2\\vendor\\symfony\\console\\Application.php(1092): Illuminate\\Console\\Command->run(Object(Symfony\\Component\\Console\\Input\\ArgvInput), Object(Symfony\\Component\\Console\\Output\\ConsoleOutput))
#18 C:\\Users\\Stefan\\Desktop\\Iteh\\EbibliotekaV2\\vendor\\symfony\\console\\Application.php(341): Symfony\\Component\\Console\\Application->doRunCommand(Object(Illuminate\\Cache\\Console\\ClearCommand), Object(Symfony\\Component\\Console\\Input\\ArgvInput), Object(Symfony\\Component\\Console\\Output\\ConsoleOutput))
#19 C:\\Users\\Stefan\\Desktop\\Iteh\\EbibliotekaV2\\vendor\\symfony\\console\\Application.php(192): Symfony\\Component\\Console\\Application->doRun(Object(Symfony\\Component\\Console\\Input\\ArgvInput), Object(Symfony\\Component\\Console\\Output\\ConsoleOutput))
#20 C:\\Users\\Stefan\\Desktop\\Iteh\\EbibliotekaV2\\vendor\\laravel\\framework\\src\\Illuminate\\Foundation\\Console\\Kernel.php(197): Symfony\\Component\\Console\\Application->run(Object(Symfony\\Component\\Console\\Input\\ArgvInput), Object(Symfony\\Component\\Console\\Output\\ConsoleOutput))
#21 C:\\Users\\Stefan\\Desktop\\Iteh\\EbibliotekaV2\\vendor\\laravel\\framework\\src\\Illuminate\\Foundation\\Application.php(1234): Illuminate\\Foundation\\Console\\Kernel->handle(Object(Symfony\\Component\\Console\\Input\\ArgvInput), Object(Symfony\\Component\\Console\\Output\\ConsoleOutput))
#22 C:\\Users\\Stefan\\Desktop\\Iteh\\EbibliotekaV2\\artisan(16): Illuminate\\Foundation\\Application->handleCommand(Object(Symfony\\Component\\Console\\Input\\ArgvInput))
#23 {main}

[previous exception] [object] (PDOException(code: 2002): SQLSTATE[HY000] [2002] No connection could be made because the target machine actively refused it at C:\\Users\\Stefan\\Desktop\\Iteh\\EbibliotekaV2\\vendor\\laravel\\framework\\src\\Illuminate\\Database\\Connectors\\Connector.php:66)
[stacktrace]
#0 C:\\Users\\Stefan\\Desktop\\Iteh\\EbibliotekaV2\\vendor\\laravel\\framework\\src\\Illuminate\\Database\\Connectors\\Connector.php(66): PDO->__construct('mysql:host=127....', 'root', Object(SensitiveParameterValue), Array)
#1 C:\\Users\\Stefan\\Desktop\\Iteh\\EbibliotekaV2\\vendor\\laravel\\framework\\src\\Illuminate\\Database\\Connectors\\Connector.php(85): Illuminate\\Database\\Connectors\\Connector->createPdoConnection('mysql:host=127....', 'root', Object(SensitiveParameterValue), Array)
#2 C:\\Users\\Stefan\\Desktop\\Iteh\\EbibliotekaV2\\vendor\\laravel\\framework\\src\\Illuminate\\Database\\Connectors\\Connector.php(48): Illuminate\\Database\\Connectors\\Connector->tryAgainIfCausedByLostConnection(Object(PDOException), 'mysql:host=127....', 'root', Object(SensitiveParameterValue), Array)
#3 C:\\Users\\Stefan\\Desktop\\Iteh\\EbibliotekaV2\\vendor\\laravel\\framework\\src\\Illuminate\\Database\\Connectors\\MySqlConnector.php(24): Illuminate\\Database\\Connectors\\Connector->createConnection('mysql:host=127....', Array, Array)
#4 C:\\Users\\Stefan\\Desktop\\Iteh\\EbibliotekaV2\\vendor\\laravel\\framework\\src\\Illuminate\\Database\\Connectors\\ConnectionFactory.php(184): Illuminate\\Database\\Connectors\\MySqlConnector->connect(Array)
#5 [internal function]: Illuminate\\Database\\Connectors\\ConnectionFactory->Illuminate\\Database\\Connectors\\{closure}()
#6 C:\\Users\\Stefan\\Desktop\\Iteh\\EbibliotekaV2\\vendor\\laravel\\framework\\src\\Illuminate\\Database\\Connection.php(1230): call_user_func(Object(Closure))
#7 C:\\Users\\Stefan\\Desktop\\Iteh\\EbibliotekaV2\\vendor\\laravel\\framework\\src\\Illuminate\\Database\\Connection.php(591): Illuminate\\Database\\Connection->getPdo()
#8 C:\\Users\\Stefan\\Desktop\\Iteh\\EbibliotekaV2\\vendor\\laravel\\framework\\src\\Illuminate\\Database\\Connection.php(811): Illuminate\\Database\\Connection->Illuminate\\Database\\{closure}('delete from `ca...', Array)
#9 C:\\Users\\Stefan\\Desktop\\Iteh\\EbibliotekaV2\\vendor\\laravel\\framework\\src\\Illuminate\\Database\\Connection.php(978): Illuminate\\Database\\Connection->runQueryCallback('delete from `ca...', Array, Object(Closure))
#10 C:\\Users\\Stefan\\Desktop\\Iteh\\EbibliotekaV2\\vendor\\laravel\\framework\\src\\Illuminate\\Database\\Connection.php(957): Illuminate\\Database\\Connection->tryAgainIfCausedByLostConnection(Object(Illuminate\\Database\\QueryException), 'delete from `ca...', Array, Object(Closure))
#11 C:\\Users\\Stefan\\Desktop\\Iteh\\EbibliotekaV2\\vendor\\laravel\\framework\\src\\Illuminate\\Database\\Connection.php(780): Illuminate\\Database\\Connection->handleQueryException(Object(Illuminate\\Database\\QueryException), 'delete from `ca...', Array, Object(Closure))
#12 C:\\Users\\Stefan\\Desktop\\Iteh\\EbibliotekaV2\\vendor\\laravel\\framework\\src\\Illuminate\\Database\\Connection.php(583): Illuminate\\Database\\Connection->run('delete from `ca...', Array, Object(Closure))
#13 C:\\Users\\Stefan\\Desktop\\Iteh\\EbibliotekaV2\\vendor\\laravel\\framework\\src\\Illuminate\\Database\\Connection.php(547): Illuminate\\Database\\Connection->affectingStatement('delete from `ca...', Array)
#14 C:\\Users\\Stefan\\Desktop\\Iteh\\EbibliotekaV2\\vendor\\laravel\\framework\\src\\Illuminate\\Database\\Query\\Builder.php(4109): Illuminate\\Database\\Connection->delete('delete from `ca...', Array)
#15 C:\\Users\\Stefan\\Desktop\\Iteh\\EbibliotekaV2\\vendor\\laravel\\framework\\src\\Illuminate\\Cache\\DatabaseStore.php(423): Illuminate\\Database\\Query\\Builder->delete()
#16 C:\\Users\\Stefan\\Desktop\\Iteh\\EbibliotekaV2\\vendor\\laravel\\framework\\src\\Illuminate\\Cache\\Repository.php(807): Illuminate\\Cache\\DatabaseStore->flush()
#17 C:\\Users\\Stefan\\Desktop\\Iteh\\EbibliotekaV2\\vendor\\laravel\\framework\\src\\Illuminate\\Cache\\Console\\ClearCommand.php(68): Illuminate\\Cache\\Repository->__call('flush', Array)
#18 C:\\Users\\Stefan\\Desktop\\Iteh\\EbibliotekaV2\\vendor\\laravel\\framework\\src\\Illuminate\\Container\\BoundMethod.php(36): Illuminate\\Cache\\Console\\ClearCommand->handle()
#19 C:\\Users\\Stefan\\Desktop\\Iteh\\EbibliotekaV2\\vendor\\laravel\\framework\\src\\Illuminate\\Container\\Util.php(43): Illuminate\\Container\\BoundMethod::Illuminate\\Container\\{closure}()
#20 C:\\Users\\Stefan\\Desktop\\Iteh\\EbibliotekaV2\\vendor\\laravel\\framework\\src\\Illuminate\\Container\\BoundMethod.php(96): Illuminate\\Container\\Util::unwrapIfClosure(Object(Closure))
#21 C:\\Users\\Stefan\\Desktop\\Iteh\\EbibliotekaV2\\vendor\\laravel\\framework\\src\\Illuminate\\Container\\BoundMethod.php(35): Illuminate\\Container\\BoundMethod::callBoundMethod(Object(Illuminate\\Foundation\\Application), Array, Object(Closure))
#22 C:\\Users\\Stefan\\Desktop\\Iteh\\EbibliotekaV2\\vendor\\laravel\\framework\\src\\Illuminate\\Container\\Container.php(835): Illuminate\\Container\\BoundMethod::call(Object(Illuminate\\Foundation\\Application), Array, Array, NULL)
#23 C:\\Users\\Stefan\\Desktop\\Iteh\\EbibliotekaV2\\vendor\\laravel\\framework\\src\\Illuminate\\Console\\Command.php(211): Illuminate\\Container\\Container->call(Array)
#24 C:\\Users\\Stefan\\Desktop\\Iteh\\EbibliotekaV2\\vendor\\symfony\\console\\Command\\Command.php(318): Illuminate\\Console\\Command->execute(Object(Symfony\\Component\\Console\\Input\\ArgvInput), Object(Illuminate\\Console\\OutputStyle))
#25 C:\\Users\\Stefan\\Desktop\\Iteh\\EbibliotekaV2\\vendor\\laravel\\framework\\src\\Illuminate\\Console\\Command.php(180): Symfony\\Component\\Console\\Command\\Command->run(Object(Symfony\\Component\\Console\\Input\\ArgvInput), Object(Illuminate\\Console\\OutputStyle))
#26 C:\\Users\\Stefan\\Desktop\\Iteh\\EbibliotekaV2\\vendor\\symfony\\console\\Application.php(1092): Illuminate\\Console\\Command->run(Object(Symfony\\Component\\Console\\Input\\ArgvInput), Object(Symfony\\Component\\Console\\Output\\ConsoleOutput))
#27 C:\\Users\\Stefan\\Desktop\\Iteh\\EbibliotekaV2\\vendor\\symfony\\console\\Application.php(341): Symfony\\Component\\Console\\Application->doRunCommand(Object(Illuminate\\Cache\\Console\\ClearCommand), Object(Symfony\\Component\\Console\\Input\\ArgvInput), Object(Symfony\\Component\\Console\\Output\\ConsoleOutput))
#28 C:\\Users\\Stefan\\Desktop\\Iteh\\EbibliotekaV2\\vendor\\symfony\\console\\Application.php(192): Symfony\\Component\\Console\\Application->doRun(Object(Symfony\\Component\\Console\\Input\\ArgvInput), Object(Symfony\\Component\\Console\\Output\\ConsoleOutput))
#29 C:\\Users\\Stefan\\Desktop\\Iteh\\EbibliotekaV2\\vendor\\laravel\\framework\\src\\Illuminate\\Foundation\\Console\\Kernel.php(197): Symfony\\Component\\Console\\Application->run(Object(Symfony\\Component\\Console\\Input\\ArgvInput), Object(Symfony\\Component\\Console\\Output\\ConsoleOutput))
#30 C:\\Users\\Stefan\\Desktop\\Iteh\\EbibliotekaV2\\vendor\\laravel\\framework\\src\\Illuminate\\Foundation\\Application.php(1234): Illuminate\\Foundation\\Console\\Kernel->handle(Object(Symfony\\Component\\Console\\Input\\ArgvInput), Object(Symfony\\Component\\Console\\Output\\ConsoleOutput))
#31 C:\\Users\\Stefan\\Desktop\\Iteh\\EbibliotekaV2\\artisan(16): Illuminate\\Foundation\\Application->handleCommand(Object(Symfony\\Component\\Console\\Input\\ArgvInput))
#32 {main}
"} 
[2025-09-15 15:04:55] local.ERROR: SQLSTATE[HY000] [2002] No connection could be made because the target machine actively refused it (Connection: mysql, SQL: delete from `cache`) {"exception":"[object] (Illuminate\\Database\\QueryException(code: 2002): SQLSTATE[HY000] [2002] No connection could be made because the target machine actively refused it (Connection: mysql, SQL: delete from `cache`) at C:\\Users\\Stefan\\Desktop\\Iteh\\EbibliotekaV2\\vendor\\laravel\\framework\\src\\Illuminate\\Database\\Connection.php:824)
[stacktrace]
#0 C:\\Users\\Stefan\\Desktop\\Iteh\\EbibliotekaV2\\vendor\\laravel\\framework\\src\\Illuminate\\Database\\Connection.php(978): Illuminate\\Database\\Connection->runQueryCallback('delete from `ca...', Array, Object(Closure))
#1 C:\\Users\\Stefan\\Desktop\\Iteh\\EbibliotekaV2\\vendor\\laravel\\framework\\src\\Illuminate\\Database\\Connection.php(957): Illuminate\\Database\\Connection->tryAgainIfCausedByLostConnection(Object(Illuminate\\Database\\QueryException), 'delete from `ca...', Array, Object(Closure))
#2 C:\\Users\\Stefan\\Desktop\\Iteh\\EbibliotekaV2\\vendor\\laravel\\framework\\src\\Illuminate\\Database\\Connection.php(780): Illuminate\\Database\\Connection->handleQueryException(Object(Illuminate\\Database\\QueryException), 'delete from `ca...', Array, Object(Closure))
#3 C:\\Users\\Stefan\\Desktop\\Iteh\\EbibliotekaV2\\vendor\\laravel\\framework\\src\\Illuminate\\Database\\Connection.php(583): Illuminate\\Database\\Connection->run('delete from `ca...', Array, Object(Closure))
#4 C:\\Users\\Stefan\\Desktop\\Iteh\\EbibliotekaV2\\vendor\\laravel\\framework\\src\\Illuminate\\Database\\Connection.php(547): Illuminate\\Database\\Connection->affectingStatement('delete from `ca...', Array)
#5 C:\\Users\\Stefan\\Desktop\\Iteh\\EbibliotekaV2\\vendor\\laravel\\framework\\src\\Illuminate\\Database\\Query\\Builder.php(4109): Illuminate\\Database\\Connection->delete('delete from `ca...', Array)
#6 C:\\Users\\Stefan\\Desktop\\Iteh\\EbibliotekaV2\\vendor\\laravel\\framework\\src\\Illuminate\\Cache\\DatabaseStore.php(423): Illuminate\\Database\\Query\\Builder->delete()
#7 C:\\Users\\Stefan\\Desktop\\Iteh\\EbibliotekaV2\\vendor\\laravel\\framework\\src\\Illuminate\\Cache\\Repository.php(807): Illuminate\\Cache\\DatabaseStore->flush()
#8 C:\\Users\\Stefan\\Desktop\\Iteh\\EbibliotekaV2\\vendor\\laravel\\framework\\src\\Illuminate\\Cache\\Console\\ClearCommand.php(68): Illuminate\\Cache\\Repository->__call('flush', Array)
#9 C:\\Users\\Stefan\\Desktop\\Iteh\\EbibliotekaV2\\vendor\\laravel\\framework\\src\\Illuminate\\Container\\BoundMethod.php(36): Illuminate\\Cache\\Console\\ClearCommand->handle()
#10 C:\\Users\\Stefan\\Desktop\\Iteh\\EbibliotekaV2\\vendor\\laravel\\framework\\src\\Illuminate\\Container\\Util.php(43): Illuminate\\Container\\BoundMethod::Illuminate\\Container\\{closure}()
#11 C:\\Users\\Stefan\\Desktop\\Iteh\\EbibliotekaV2\\vendor\\laravel\\framework\\src\\Illuminate\\Container\\BoundMethod.php(96): Illuminate\\Container\\Util::unwrapIfClosure(Object(Closure))
#12 C:\\Users\\Stefan\\Desktop\\Iteh\\EbibliotekaV2\\vendor\\laravel\\framework\\src\\Illuminate\\Container\\BoundMethod.php(35): Illuminate\\Container\\BoundMethod::callBoundMethod(Object(Illuminate\\Foundation\\Application), Array, Object(Closure))
#13 C:\\Users\\Stefan\\Desktop\\Iteh\\EbibliotekaV2\\vendor\\laravel\\framework\\src\\Illuminate\\Container\\Container.php(835): Illuminate\\Container\\BoundMethod::call(Object(Illuminate\\Foundation\\Application), Array, Array, NULL)
#14 C:\\Users\\Stefan\\Desktop\\Iteh\\EbibliotekaV2\\vendor\\laravel\\framework\\src\\Illuminate\\Console\\Command.php(211): Illuminate\\Container\\Container->call(Array)
#15 C:\\Users\\Stefan\\Desktop\\Iteh\\EbibliotekaV2\\vendor\\symfony\\console\\Command\\Command.php(318): Illuminate\\Console\\Command->execute(Object(Symfony\\Component\\Console\\Input\\ArgvInput), Object(Illuminate\\Console\\OutputStyle))
#16 C:\\Users\\Stefan\\Desktop\\Iteh\\EbibliotekaV2\\vendor\\laravel\\framework\\src\\Illuminate\\Console\\Command.php(180): Symfony\\Component\\Console\\Command\\Command->run(Object(Symfony\\Component\\Console\\Input\\ArgvInput), Object(Illuminate\\Console\\OutputStyle))
#17 C:\\Users\\Stefan\\Desktop\\Iteh\\EbibliotekaV2\\vendor\\symfony\\console\\Application.php(1092): Illuminate\\Console\\Command->run(Object(Symfony\\Component\\Console\\Input\\ArgvInput), Object(Symfony\\Component\\Console\\Output\\ConsoleOutput))
#18 C:\\Users\\Stefan\\Desktop\\Iteh\\EbibliotekaV2\\vendor\\symfony\\console\\Application.php(341): Symfony\\Component\\Console\\Application->doRunCommand(Object(Illuminate\\Cache\\Console\\ClearCommand), Object(Symfony\\Component\\Console\\Input\\ArgvInput), Object(Symfony\\Component\\Console\\Output\\ConsoleOutput))
#19 C:\\Users\\Stefan\\Desktop\\Iteh\\EbibliotekaV2\\vendor\\symfony\\console\\Application.php(192): Symfony\\Component\\Console\\Application->doRun(Object(Symfony\\Component\\Console\\Input\\ArgvInput), Object(Symfony\\Component\\Console\\Output\\ConsoleOutput))
#20 C:\\Users\\Stefan\\Desktop\\Iteh\\EbibliotekaV2\\vendor\\laravel\\framework\\src\\Illuminate\\Foundation\\Console\\Kernel.php(197): Symfony\\Component\\Console\\Application->run(Object(Symfony\\Component\\Console\\Input\\ArgvInput), Object(Symfony\\Component\\Console\\Output\\ConsoleOutput))
#21 C:\\Users\\Stefan\\Desktop\\Iteh\\EbibliotekaV2\\vendor\\laravel\\framework\\src\\Illuminate\\Foundation\\Application.php(1234): Illuminate\\Foundation\\Console\\Kernel->handle(Object(Symfony\\Component\\Console\\Input\\ArgvInput), Object(Symfony\\Component\\Console\\Output\\ConsoleOutput))
#22 C:\\Users\\Stefan\\Desktop\\Iteh\\EbibliotekaV2\\artisan(16): Illuminate\\Foundation\\Application->handleCommand(Object(Symfony\\Component\\Console\\Input\\ArgvInput))
#23 {main}

[previous exception] [object] (PDOException(code: 2002): SQLSTATE[HY000] [2002] No connection could be made because the target machine actively refused it at C:\\Users\\Stefan\\Desktop\\Iteh\\EbibliotekaV2\\vendor\\laravel\\framework\\src\\Illuminate\\Database\\Connectors\\Connector.php:66)
[stacktrace]
#0 C:\\Users\\Stefan\\Desktop\\Iteh\\EbibliotekaV2\\vendor\\laravel\\framework\\src\\Illuminate\\Database\\Connectors\\Connector.php(66): PDO->__construct('mysql:host=127....', 'root', Object(SensitiveParameterValue), Array)
#1 C:\\Users\\Stefan\\Desktop\\Iteh\\EbibliotekaV2\\vendor\\laravel\\framework\\src\\Illuminate\\Database\\Connectors\\Connector.php(85): Illuminate\\Database\\Connectors\\Connector->createPdoConnection('mysql:host=127....', 'root', Object(SensitiveParameterValue), Array)
#2 C:\\Users\\Stefan\\Desktop\\Iteh\\EbibliotekaV2\\vendor\\laravel\\framework\\src\\Illuminate\\Database\\Connectors\\Connector.php(48): Illuminate\\Database\\Connectors\\Connector->tryAgainIfCausedByLostConnection(Object(PDOException), 'mysql:host=127....', 'root', Object(SensitiveParameterValue), Array)
#3 C:\\Users\\Stefan\\Desktop\\Iteh\\EbibliotekaV2\\vendor\\laravel\\framework\\src\\Illuminate\\Database\\Connectors\\MySqlConnector.php(24): Illuminate\\Database\\Connectors\\Connector->createConnection('mysql:host=127....', Array, Array)
#4 C:\\Users\\Stefan\\Desktop\\Iteh\\EbibliotekaV2\\vendor\\laravel\\framework\\src\\Illuminate\\Database\\Connectors\\ConnectionFactory.php(184): Illuminate\\Database\\Connectors\\MySqlConnector->connect(Array)
#5 [internal function]: Illuminate\\Database\\Connectors\\ConnectionFactory->Illuminate\\Database\\Connectors\\{closure}()
#6 C:\\Users\\Stefan\\Desktop\\Iteh\\EbibliotekaV2\\vendor\\laravel\\framework\\src\\Illuminate\\Database\\Connection.php(1230): call_user_func(Object(Closure))
#7 C:\\Users\\Stefan\\Desktop\\Iteh\\EbibliotekaV2\\vendor\\laravel\\framework\\src\\Illuminate\\Database\\Connection.php(591): Illuminate\\Database\\Connection->getPdo()
#8 C:\\Users\\Stefan\\Desktop\\Iteh\\EbibliotekaV2\\vendor\\laravel\\framework\\src\\Illuminate\\Database\\Connection.php(811): Illuminate\\Database\\Connection->Illuminate\\Database\\{closure}('delete from `ca...', Array)
#9 C:\\Users\\Stefan\\Desktop\\Iteh\\EbibliotekaV2\\vendor\\laravel\\framework\\src\\Illuminate\\Database\\Connection.php(978): Illuminate\\Database\\Connection->runQueryCallback('delete from `ca...', Array, Object(Closure))
#10 C:\\Users\\Stefan\\Desktop\\Iteh\\EbibliotekaV2\\vendor\\laravel\\framework\\src\\Illuminate\\Database\\Connection.php(957): Illuminate\\Database\\Connection->tryAgainIfCausedByLostConnection(Object(Illuminate\\Database\\QueryException), 'delete from `ca...', Array, Object(Closure))
#11 C:\\Users\\Stefan\\Desktop\\Iteh\\EbibliotekaV2\\vendor\\laravel\\framework\\src\\Illuminate\\Database\\Connection.php(780): Illuminate\\Database\\Connection->handleQueryException(Object(Illuminate\\Database\\QueryException), 'delete from `ca...', Array, Object(Closure))
#12 C:\\Users\\Stefan\\Desktop\\Iteh\\EbibliotekaV2\\vendor\\laravel\\framework\\src\\Illuminate\\Database\\Connection.php(583): Illuminate\\Database\\Connection->run('delete from `ca...', Array, Object(Closure))
#13 C:\\Users\\Stefan\\Desktop\\Iteh\\EbibliotekaV2\\vendor\\laravel\\framework\\src\\Illuminate\\Database\\Connection.php(547): Illuminate\\Database\\Connection->affectingStatement('delete from `ca...', Array)
#14 C:\\Users\\Stefan\\Desktop\\Iteh\\EbibliotekaV2\\vendor\\laravel\\framework\\src\\Illuminate\\Database\\Query\\Builder.php(4109): Illuminate\\Database\\Connection->delete('delete from `ca...', Array)
#15 C:\\Users\\Stefan\\Desktop\\Iteh\\EbibliotekaV2\\vendor\\laravel\\framework\\src\\Illuminate\\Cache\\DatabaseStore.php(423): Illuminate\\Database\\Query\\Builder->delete()
#16 C:\\Users\\Stefan\\Desktop\\Iteh\\EbibliotekaV2\\vendor\\laravel\\framework\\src\\Illuminate\\Cache\\Repository.php(807): Illuminate\\Cache\\DatabaseStore->flush()
#17 C:\\Users\\Stefan\\Desktop\\Iteh\\EbibliotekaV2\\vendor\\laravel\\framework\\src\\Illuminate\\Cache\\Console\\ClearCommand.php(68): Illuminate\\Cache\\Repository->__call('flush', Array)
#18 C:\\Users\\Stefan\\Desktop\\Iteh\\EbibliotekaV2\\vendor\\laravel\\framework\\src\\Illuminate\\Container\\BoundMethod.php(36): Illuminate\\Cache\\Console\\ClearCommand->handle()
#19 C:\\Users\\Stefan\\Desktop\\Iteh\\EbibliotekaV2\\vendor\\laravel\\framework\\src\\Illuminate\\Container\\Util.php(43): Illuminate\\Container\\BoundMethod::Illuminate\\Container\\{closure}()
#20 C:\\Users\\Stefan\\Desktop\\Iteh\\EbibliotekaV2\\vendor\\laravel\\framework\\src\\Illuminate\\Container\\BoundMethod.php(96): Illuminate\\Container\\Util::unwrapIfClosure(Object(Closure))
#21 C:\\Users\\Stefan\\Desktop\\Iteh\\EbibliotekaV2\\vendor\\laravel\\framework\\src\\Illuminate\\Container\\BoundMethod.php(35): Illuminate\\Container\\BoundMethod::callBoundMethod(Object(Illuminate\\Foundation\\Application), Array, Object(Closure))
#22 C:\\Users\\Stefan\\Desktop\\Iteh\\EbibliotekaV2\\vendor\\laravel\\framework\\src\\Illuminate\\Container\\Container.php(835): Illuminate\\Container\\BoundMethod::call(Object(Illuminate\\Foundation\\Application), Array, Array, NULL)
#23 C:\\Users\\Stefan\\Desktop\\Iteh\\EbibliotekaV2\\vendor\\laravel\\framework\\src\\Illuminate\\Console\\Command.php(211): Illuminate\\Container\\Container->call(Array)
#24 C:\\Users\\Stefan\\Desktop\\Iteh\\EbibliotekaV2\\vendor\\symfony\\console\\Command\\Command.php(318): Illuminate\\Console\\Command->execute(Object(Symfony\\Component\\Console\\Input\\ArgvInput), Object(Illuminate\\Console\\OutputStyle))
#25 C:\\Users\\Stefan\\Desktop\\Iteh\\EbibliotekaV2\\vendor\\laravel\\framework\\src\\Illuminate\\Console\\Command.php(180): Symfony\\Component\\Console\\Command\\Command->run(Object(Symfony\\Component\\Console\\Input\\ArgvInput), Object(Illuminate\\Console\\OutputStyle))
#26 C:\\Users\\Stefan\\Desktop\\Iteh\\EbibliotekaV2\\vendor\\symfony\\console\\Application.php(1092): Illuminate\\Console\\Command->run(Object(Symfony\\Component\\Console\\Input\\ArgvInput), Object(Symfony\\Component\\Console\\Output\\ConsoleOutput))
#27 C:\\Users\\Stefan\\Desktop\\Iteh\\EbibliotekaV2\\vendor\\symfony\\console\\Application.php(341): Symfony\\Component\\Console\\Application->doRunCommand(Object(Illuminate\\Cache\\Console\\ClearCommand), Object(Symfony\\Component\\Console\\Input\\ArgvInput), Object(Symfony\\Component\\Console\\Output\\ConsoleOutput))
#28 C:\\Users\\Stefan\\Desktop\\Iteh\\EbibliotekaV2\\vendor\\symfony\\console\\Application.php(192): Symfony\\Component\\Console\\Application->doRun(Object(Symfony\\Component\\Console\\Input\\ArgvInput), Object(Symfony\\Component\\Console\\Output\\ConsoleOutput))
#29 C:\\Users\\Stefan\\Desktop\\Iteh\\EbibliotekaV2\\vendor\\laravel\\framework\\src\\Illuminate\\Foundation\\Console\\Kernel.php(197): Symfony\\Component\\Console\\Application->run(Object(Symfony\\Component\\Console\\Input\\ArgvInput), Object(Symfony\\Component\\Console\\Output\\ConsoleOutput))
#30 C:\\Users\\Stefan\\Desktop\\Iteh\\EbibliotekaV2\\vendor\\laravel\\framework\\src\\Illuminate\\Foundation\\Application.php(1234): Illuminate\\Foundation\\Console\\Kernel->handle(Object(Symfony\\Component\\Console\\Input\\ArgvInput), Object(Symfony\\Component\\Console\\Output\\ConsoleOutput))
#31 C:\\Users\\Stefan\\Desktop\\Iteh\\EbibliotekaV2\\artisan(16): Illuminate\\Foundation\\Application->handleCommand(Object(Symfony\\Component\\Console\\Input\\ArgvInput))
#32 {main}
"} 
[2025-09-15 15:05:13] local.ERROR: SQLSTATE[HY000] [2002] No connection could be made because the target machine actively refused it (Connection: mysql, SQL: delete from `cache`) {"exception":"[object] (Illuminate\\Database\\QueryException(code: 2002): SQLSTATE[HY000] [2002] No connection could be made because the target machine actively refused it (Connection: mysql, SQL: delete from `cache`) at C:\\Users\\Stefan\\Desktop\\Iteh\\EbibliotekaV2\\vendor\\laravel\\framework\\src\\Illuminate\\Database\\Connection.php:824)
[stacktrace]
#0 C:\\Users\\Stefan\\Desktop\\Iteh\\EbibliotekaV2\\vendor\\laravel\\framework\\src\\Illuminate\\Database\\Connection.php(978): Illuminate\\Database\\Connection->runQueryCallback('delete from `ca...', Array, Object(Closure))
#1 C:\\Users\\Stefan\\Desktop\\Iteh\\EbibliotekaV2\\vendor\\laravel\\framework\\src\\Illuminate\\Database\\Connection.php(957): Illuminate\\Database\\Connection->tryAgainIfCausedByLostConnection(Object(Illuminate\\Database\\QueryException), 'delete from `ca...', Array, Object(Closure))
#2 C:\\Users\\Stefan\\Desktop\\Iteh\\EbibliotekaV2\\vendor\\laravel\\framework\\src\\Illuminate\\Database\\Connection.php(780): Illuminate\\Database\\Connection->handleQueryException(Object(Illuminate\\Database\\QueryException), 'delete from `ca...', Array, Object(Closure))
#3 C:\\Users\\Stefan\\Desktop\\Iteh\\EbibliotekaV2\\vendor\\laravel\\framework\\src\\Illuminate\\Database\\Connection.php(583): Illuminate\\Database\\Connection->run('delete from `ca...', Array, Object(Closure))
#4 C:\\Users\\Stefan\\Desktop\\Iteh\\EbibliotekaV2\\vendor\\laravel\\framework\\src\\Illuminate\\Database\\Connection.php(547): Illuminate\\Database\\Connection->affectingStatement('delete from `ca...', Array)
#5 C:\\Users\\Stefan\\Desktop\\Iteh\\EbibliotekaV2\\vendor\\laravel\\framework\\src\\Illuminate\\Database\\Query\\Builder.php(4109): Illuminate\\Database\\Connection->delete('delete from `ca...', Array)
#6 C:\\Users\\Stefan\\Desktop\\Iteh\\EbibliotekaV2\\vendor\\laravel\\framework\\src\\Illuminate\\Cache\\DatabaseStore.php(423): Illuminate\\Database\\Query\\Builder->delete()
#7 C:\\Users\\Stefan\\Desktop\\Iteh\\EbibliotekaV2\\vendor\\laravel\\framework\\src\\Illuminate\\Cache\\Repository.php(807): Illuminate\\Cache\\DatabaseStore->flush()
#8 C:\\Users\\Stefan\\Desktop\\Iteh\\EbibliotekaV2\\vendor\\laravel\\framework\\src\\Illuminate\\Cache\\Console\\ClearCommand.php(68): Illuminate\\Cache\\Repository->__call('flush', Array)
#9 C:\\Users\\Stefan\\Desktop\\Iteh\\EbibliotekaV2\\vendor\\laravel\\framework\\src\\Illuminate\\Container\\BoundMethod.php(36): Illuminate\\Cache\\Console\\ClearCommand->handle()
#10 C:\\Users\\Stefan\\Desktop\\Iteh\\EbibliotekaV2\\vendor\\laravel\\framework\\src\\Illuminate\\Container\\Util.php(43): Illuminate\\Container\\BoundMethod::Illuminate\\Container\\{closure}()
#11 C:\\Users\\Stefan\\Desktop\\Iteh\\EbibliotekaV2\\vendor\\laravel\\framework\\src\\Illuminate\\Container\\BoundMethod.php(96): Illuminate\\Container\\Util::unwrapIfClosure(Object(Closure))
#12 C:\\Users\\Stefan\\Desktop\\Iteh\\EbibliotekaV2\\vendor\\laravel\\framework\\src\\Illuminate\\Container\\BoundMethod.php(35): Illuminate\\Container\\BoundMethod::callBoundMethod(Object(Illuminate\\Foundation\\Application), Array, Object(Closure))
#13 C:\\Users\\Stefan\\Desktop\\Iteh\\EbibliotekaV2\\vendor\\laravel\\framework\\src\\Illuminate\\Container\\Container.php(835): Illuminate\\Container\\BoundMethod::call(Object(Illuminate\\Foundation\\Application), Array, Array, NULL)
#14 C:\\Users\\Stefan\\Desktop\\Iteh\\EbibliotekaV2\\vendor\\laravel\\framework\\src\\Illuminate\\Console\\Command.php(211): Illuminate\\Container\\Container->call(Array)
#15 C:\\Users\\Stefan\\Desktop\\Iteh\\EbibliotekaV2\\vendor\\symfony\\console\\Command\\Command.php(318): Illuminate\\Console\\Command->execute(Object(Symfony\\Component\\Console\\Input\\ArgvInput), Object(Illuminate\\Console\\OutputStyle))
#16 C:\\Users\\Stefan\\Desktop\\Iteh\\EbibliotekaV2\\vendor\\laravel\\framework\\src\\Illuminate\\Console\\Command.php(180): Symfony\\Component\\Console\\Command\\Command->run(Object(Symfony\\Component\\Console\\Input\\ArgvInput), Object(Illuminate\\Console\\OutputStyle))
#17 C:\\Users\\Stefan\\Desktop\\Iteh\\EbibliotekaV2\\vendor\\symfony\\console\\Application.php(1092): Illuminate\\Console\\Command->run(Object(Symfony\\Component\\Console\\Input\\ArgvInput), Object(Symfony\\Component\\Console\\Output\\ConsoleOutput))
#18 C:\\Users\\Stefan\\Desktop\\Iteh\\EbibliotekaV2\\vendor\\symfony\\console\\Application.php(341): Symfony\\Component\\Console\\Application->doRunCommand(Object(Illuminate\\Cache\\Console\\ClearCommand), Object(Symfony\\Component\\Console\\Input\\ArgvInput), Object(Symfony\\Component\\Console\\Output\\ConsoleOutput))
#19 C:\\Users\\Stefan\\Desktop\\Iteh\\EbibliotekaV2\\vendor\\symfony\\console\\Application.php(192): Symfony\\Component\\Console\\Application->doRun(Object(Symfony\\Component\\Console\\Input\\ArgvInput), Object(Symfony\\Component\\Console\\Output\\ConsoleOutput))
#20 C:\\Users\\Stefan\\Desktop\\Iteh\\EbibliotekaV2\\vendor\\laravel\\framework\\src\\Illuminate\\Foundation\\Console\\Kernel.php(197): Symfony\\Component\\Console\\Application->run(Object(Symfony\\Component\\Console\\Input\\ArgvInput), Object(Symfony\\Component\\Console\\Output\\ConsoleOutput))
#21 C:\\Users\\Stefan\\Desktop\\Iteh\\EbibliotekaV2\\vendor\\laravel\\framework\\src\\Illuminate\\Foundation\\Application.php(1234): Illuminate\\Foundation\\Console\\Kernel->handle(Object(Symfony\\Component\\Console\\Input\\ArgvInput), Object(Symfony\\Component\\Console\\Output\\ConsoleOutput))
#22 C:\\Users\\Stefan\\Desktop\\Iteh\\EbibliotekaV2\\artisan(16): Illuminate\\Foundation\\Application->handleCommand(Object(Symfony\\Component\\Console\\Input\\ArgvInput))
#23 {main}

[previous exception] [object] (PDOException(code: 2002): SQLSTATE[HY000] [2002] No connection could be made because the target machine actively refused it at C:\\Users\\Stefan\\Desktop\\Iteh\\EbibliotekaV2\\vendor\\laravel\\framework\\src\\Illuminate\\Database\\Connectors\\Connector.php:66)
[stacktrace]
#0 C:\\Users\\Stefan\\Desktop\\Iteh\\EbibliotekaV2\\vendor\\laravel\\framework\\src\\Illuminate\\Database\\Connectors\\Connector.php(66): PDO->__construct('mysql:host=127....', 'root', Object(SensitiveParameterValue), Array)
#1 C:\\Users\\Stefan\\Desktop\\Iteh\\EbibliotekaV2\\vendor\\laravel\\framework\\src\\Illuminate\\Database\\Connectors\\Connector.php(85): Illuminate\\Database\\Connectors\\Connector->createPdoConnection('mysql:host=127....', 'root', Object(SensitiveParameterValue), Array)
#2 C:\\Users\\Stefan\\Desktop\\Iteh\\EbibliotekaV2\\vendor\\laravel\\framework\\src\\Illuminate\\Database\\Connectors\\Connector.php(48): Illuminate\\Database\\Connectors\\Connector->tryAgainIfCausedByLostConnection(Object(PDOException), 'mysql:host=127....', 'root', Object(SensitiveParameterValue), Array)
#3 C:\\Users\\Stefan\\Desktop\\Iteh\\EbibliotekaV2\\vendor\\laravel\\framework\\src\\Illuminate\\Database\\Connectors\\MySqlConnector.php(24): Illuminate\\Database\\Connectors\\Connector->createConnection('mysql:host=127....', Array, Array)
#4 C:\\Users\\Stefan\\Desktop\\Iteh\\EbibliotekaV2\\vendor\\laravel\\framework\\src\\Illuminate\\Database\\Connectors\\ConnectionFactory.php(184): Illuminate\\Database\\Connectors\\MySqlConnector->connect(Array)
#5 [internal function]: Illuminate\\Database\\Connectors\\ConnectionFactory->Illuminate\\Database\\Connectors\\{closure}()
#6 C:\\Users\\Stefan\\Desktop\\Iteh\\EbibliotekaV2\\vendor\\laravel\\framework\\src\\Illuminate\\Database\\Connection.php(1230): call_user_func(Object(Closure))
#7 C:\\Users\\Stefan\\Desktop\\Iteh\\EbibliotekaV2\\vendor\\laravel\\framework\\src\\Illuminate\\Database\\Connection.php(591): Illuminate\\Database\\Connection->getPdo()
#8 C:\\Users\\Stefan\\Desktop\\Iteh\\EbibliotekaV2\\vendor\\laravel\\framework\\src\\Illuminate\\Database\\Connection.php(811): Illuminate\\Database\\Connection->Illuminate\\Database\\{closure}('delete from `ca...', Array)
#9 C:\\Users\\Stefan\\Desktop\\Iteh\\EbibliotekaV2\\vendor\\laravel\\framework\\src\\Illuminate\\Database\\Connection.php(978): Illuminate\\Database\\Connection->runQueryCallback('delete from `ca...', Array, Object(Closure))
#10 C:\\Users\\Stefan\\Desktop\\Iteh\\EbibliotekaV2\\vendor\\laravel\\framework\\src\\Illuminate\\Database\\Connection.php(957): Illuminate\\Database\\Connection->tryAgainIfCausedByLostConnection(Object(Illuminate\\Database\\QueryException), 'delete from `ca...', Array, Object(Closure))
#11 C:\\Users\\Stefan\\Desktop\\Iteh\\EbibliotekaV2\\vendor\\laravel\\framework\\src\\Illuminate\\Database\\Connection.php(780): Illuminate\\Database\\Connection->handleQueryException(Object(Illuminate\\Database\\QueryException), 'delete from `ca...', Array, Object(Closure))
#12 C:\\Users\\Stefan\\Desktop\\Iteh\\EbibliotekaV2\\vendor\\laravel\\framework\\src\\Illuminate\\Database\\Connection.php(583): Illuminate\\Database\\Connection->run('delete from `ca...', Array, Object(Closure))
#13 C:\\Users\\Stefan\\Desktop\\Iteh\\EbibliotekaV2\\vendor\\laravel\\framework\\src\\Illuminate\\Database\\Connection.php(547): Illuminate\\Database\\Connection->affectingStatement('delete from `ca...', Array)
#14 C:\\Users\\Stefan\\Desktop\\Iteh\\EbibliotekaV2\\vendor\\laravel\\framework\\src\\Illuminate\\Database\\Query\\Builder.php(4109): Illuminate\\Database\\Connection->delete('delete from `ca...', Array)
#15 C:\\Users\\Stefan\\Desktop\\Iteh\\EbibliotekaV2\\vendor\\laravel\\framework\\src\\Illuminate\\Cache\\DatabaseStore.php(423): Illuminate\\Database\\Query\\Builder->delete()
#16 C:\\Users\\Stefan\\Desktop\\Iteh\\EbibliotekaV2\\vendor\\laravel\\framework\\src\\Illuminate\\Cache\\Repository.php(807): Illuminate\\Cache\\DatabaseStore->flush()
#17 C:\\Users\\Stefan\\Desktop\\Iteh\\EbibliotekaV2\\vendor\\laravel\\framework\\src\\Illuminate\\Cache\\Console\\ClearCommand.php(68): Illuminate\\Cache\\Repository->__call('flush', Array)
#18 C:\\Users\\Stefan\\Desktop\\Iteh\\EbibliotekaV2\\vendor\\laravel\\framework\\src\\Illuminate\\Container\\BoundMethod.php(36): Illuminate\\Cache\\Console\\ClearCommand->handle()
#19 C:\\Users\\Stefan\\Desktop\\Iteh\\EbibliotekaV2\\vendor\\laravel\\framework\\src\\Illuminate\\Container\\Util.php(43): Illuminate\\Container\\BoundMethod::Illuminate\\Container\\{closure}()
#20 C:\\Users\\Stefan\\Desktop\\Iteh\\EbibliotekaV2\\vendor\\laravel\\framework\\src\\Illuminate\\Container\\BoundMethod.php(96): Illuminate\\Container\\Util::unwrapIfClosure(Object(Closure))
#21 C:\\Users\\Stefan\\Desktop\\Iteh\\EbibliotekaV2\\vendor\\laravel\\framework\\src\\Illuminate\\Container\\BoundMethod.php(35): Illuminate\\Container\\BoundMethod::callBoundMethod(Object(Illuminate\\Foundation\\Application), Array, Object(Closure))
#22 C:\\Users\\Stefan\\Desktop\\Iteh\\EbibliotekaV2\\vendor\\laravel\\framework\\src\\Illuminate\\Container\\Container.php(835): Illuminate\\Container\\BoundMethod::call(Object(Illuminate\\Foundation\\Application), Array, Array, NULL)
#23 C:\\Users\\Stefan\\Desktop\\Iteh\\EbibliotekaV2\\vendor\\laravel\\framework\\src\\Illuminate\\Console\\Command.php(211): Illuminate\\Container\\Container->call(Array)
#24 C:\\Users\\Stefan\\Desktop\\Iteh\\EbibliotekaV2\\vendor\\symfony\\console\\Command\\Command.php(318): Illuminate\\Console\\Command->execute(Object(Symfony\\Component\\Console\\Input\\ArgvInput), Object(Illuminate\\Console\\OutputStyle))
#25 C:\\Users\\Stefan\\Desktop\\Iteh\\EbibliotekaV2\\vendor\\laravel\\framework\\src\\Illuminate\\Console\\Command.php(180): Symfony\\Component\\Console\\Command\\Command->run(Object(Symfony\\Component\\Console\\Input\\ArgvInput), Object(Illuminate\\Console\\OutputStyle))
#26 C:\\Users\\Stefan\\Desktop\\Iteh\\EbibliotekaV2\\vendor\\symfony\\console\\Application.php(1092): Illuminate\\Console\\Command->run(Object(Symfony\\Component\\Console\\Input\\ArgvInput), Object(Symfony\\Component\\Console\\Output\\ConsoleOutput))
#27 C:\\Users\\Stefan\\Desktop\\Iteh\\EbibliotekaV2\\vendor\\symfony\\console\\Application.php(341): Symfony\\Component\\Console\\Application->doRunCommand(Object(Illuminate\\Cache\\Console\\ClearCommand), Object(Symfony\\Component\\Console\\Input\\ArgvInput), Object(Symfony\\Component\\Console\\Output\\ConsoleOutput))
#28 C:\\Users\\Stefan\\Desktop\\Iteh\\EbibliotekaV2\\vendor\\symfony\\console\\Application.php(192): Symfony\\Component\\Console\\Application->doRun(Object(Symfony\\Component\\Console\\Input\\ArgvInput), Object(Symfony\\Component\\Console\\Output\\ConsoleOutput))
#29 C:\\Users\\Stefan\\Desktop\\Iteh\\EbibliotekaV2\\vendor\\laravel\\framework\\src\\Illuminate\\Foundation\\Console\\Kernel.php(197): Symfony\\Component\\Console\\Application->run(Object(Symfony\\Component\\Console\\Input\\ArgvInput), Object(Symfony\\Component\\Console\\Output\\ConsoleOutput))
#30 C:\\Users\\Stefan\\Desktop\\Iteh\\EbibliotekaV2\\vendor\\laravel\\framework\\src\\Illuminate\\Foundation\\Application.php(1234): Illuminate\\Foundation\\Console\\Kernel->handle(Object(Symfony\\Component\\Console\\Input\\ArgvInput), Object(Symfony\\Component\\Console\\Output\\ConsoleOutput))
#31 C:\\Users\\Stefan\\Desktop\\Iteh\\EbibliotekaV2\\artisan(16): Illuminate\\Foundation\\Application->handleCommand(Object(Symfony\\Component\\Console\\Input\\ArgvInput))
#32 {main}
"} 
[2025-09-15 15:05:24] local.ERROR: Class "App\Http\Controllers\API\AuthController" does not exist {"exception":"[object] (ReflectionException(code: -1): Class \"App\\Http\\Controllers\\API\\AuthController\" does not exist at C:\\Users\\Stefan\\Desktop\\Iteh\\EbibliotekaV2\\vendor\\laravel\\framework\\src\\Illuminate\\Foundation\\Console\\RouteListCommand.php:235)
[stacktrace]
#0 C:\\Users\\Stefan\\Desktop\\Iteh\\EbibliotekaV2\\vendor\\laravel\\framework\\src\\Illuminate\\Foundation\\Console\\RouteListCommand.php(235): ReflectionClass->__construct('App\\\\Http\\\\Contro...')
#1 C:\\Users\\Stefan\\Desktop\\Iteh\\EbibliotekaV2\\vendor\\laravel\\framework\\src\\Illuminate\\Foundation\\Console\\RouteListCommand.php(149): Illuminate\\Foundation\\Console\\RouteListCommand->isVendorRoute(Object(Illuminate\\Routing\\Route))
#2 C:\\Users\\Stefan\\Desktop\\Iteh\\EbibliotekaV2\\vendor\\laravel\\framework\\src\\Illuminate\\Foundation\\Console\\RouteListCommand.php(117): Illuminate\\Foundation\\Console\\RouteListCommand->getRouteInformation(Object(Illuminate\\Routing\\Route))
#3 [internal function]: Illuminate\\Foundation\\Console\\RouteListCommand->Illuminate\\Foundation\\Console\\{closure}(Object(Illuminate\\Routing\\Route), 2)
#4 C:\\Users\\Stefan\\Desktop\\Iteh\\EbibliotekaV2\\vendor\\laravel\\framework\\src\\Illuminate\\Collections\\Arr.php(774): array_map(Object(Closure), Array, Array)
#5 C:\\Users\\Stefan\\Desktop\\Iteh\\EbibliotekaV2\\vendor\\laravel\\framework\\src\\Illuminate\\Collections\\Collection.php(807): Illuminate\\Support\\Arr::map(Array, Object(Closure))
#6 C:\\Users\\Stefan\\Desktop\\Iteh\\EbibliotekaV2\\vendor\\laravel\\framework\\src\\Illuminate\\Foundation\\Console\\RouteListCommand.php(117): Illuminate\\Support\\Collection->map(Object(Closure))
#7 C:\\Users\\Stefan\\Desktop\\Iteh\\EbibliotekaV2\\vendor\\laravel\\framework\\src\\Illuminate\\Foundation\\Console\\RouteListCommand.php(102): Illuminate\\Foundation\\Console\\RouteListCommand->getRoutes()
#8 C:\\Users\\Stefan\\Desktop\\Iteh\\EbibliotekaV2\\vendor\\laravel\\framework\\src\\Illuminate\\Container\\BoundMethod.php(36): Illuminate\\Foundation\\Console\\RouteListCommand->handle()
#9 C:\\Users\\Stefan\\Desktop\\Iteh\\EbibliotekaV2\\vendor\\laravel\\framework\\src\\Illuminate\\Container\\Util.php(43): Illuminate\\Container\\BoundMethod::Illuminate\\Container\\{closure}()
#10 C:\\Users\\Stefan\\Desktop\\Iteh\\EbibliotekaV2\\vendor\\laravel\\framework\\src\\Illuminate\\Container\\BoundMethod.php(96): Illuminate\\Container\\Util::unwrapIfClosure(Object(Closure))
#11 C:\\Users\\Stefan\\Desktop\\Iteh\\EbibliotekaV2\\vendor\\laravel\\framework\\src\\Illuminate\\Container\\BoundMethod.php(35): Illuminate\\Container\\BoundMethod::callBoundMethod(Object(Illuminate\\Foundation\\Application), Array, Object(Closure))
#12 C:\\Users\\Stefan\\Desktop\\Iteh\\EbibliotekaV2\\vendor\\laravel\\framework\\src\\Illuminate\\Container\\Container.php(835): Illuminate\\Container\\BoundMethod::call(Object(Illuminate\\Foundation\\Application), Array, Array, NULL)
#13 C:\\Users\\Stefan\\Desktop\\Iteh\\EbibliotekaV2\\vendor\\laravel\\framework\\src\\Illuminate\\Console\\Command.php(211): Illuminate\\Container\\Container->call(Array)
#14 C:\\Users\\Stefan\\Desktop\\Iteh\\EbibliotekaV2\\vendor\\symfony\\console\\Command\\Command.php(318): Illuminate\\Console\\Command->execute(Object(Symfony\\Component\\Console\\Input\\ArgvInput), Object(Illuminate\\Console\\OutputStyle))
#15 C:\\Users\\Stefan\\Desktop\\Iteh\\EbibliotekaV2\\vendor\\laravel\\framework\\src\\Illuminate\\Console\\Command.php(180): Symfony\\Component\\Console\\Command\\Command->run(Object(Symfony\\Component\\Console\\Input\\ArgvInput), Object(Illuminate\\Console\\OutputStyle))
#16 C:\\Users\\Stefan\\Desktop\\Iteh\\EbibliotekaV2\\vendor\\symfony\\console\\Application.php(1092): Illuminate\\Console\\Command->run(Object(Symfony\\Component\\Console\\Input\\ArgvInput), Object(Symfony\\Component\\Console\\Output\\ConsoleOutput))
#17 C:\\Users\\Stefan\\Desktop\\Iteh\\EbibliotekaV2\\vendor\\symfony\\console\\Application.php(341): Symfony\\Component\\Console\\Application->doRunCommand(Object(Illuminate\\Foundation\\Console\\RouteListCommand), Object(Symfony\\Component\\Console\\Input\\ArgvInput), Object(Symfony\\Component\\Console\\Output\\ConsoleOutput))
#18 C:\\Users\\Stefan\\Desktop\\Iteh\\EbibliotekaV2\\vendor\\symfony\\console\\Application.php(192): Symfony\\Component\\Console\\Application->doRun(Object(Symfony\\Component\\Console\\Input\\ArgvInput), Object(Symfony\\Component\\Console\\Output\\ConsoleOutput))
#19 C:\\Users\\Stefan\\Desktop\\Iteh\\EbibliotekaV2\\vendor\\laravel\\framework\\src\\Illuminate\\Foundation\\Console\\Kernel.php(197): Symfony\\Component\\Console\\Application->run(Object(Symfony\\Component\\Console\\Input\\ArgvInput), Object(Symfony\\Component\\Console\\Output\\ConsoleOutput))
#20 C:\\Users\\Stefan\\Desktop\\Iteh\\EbibliotekaV2\\vendor\\laravel\\framework\\src\\Illuminate\\Foundation\\Application.php(1234): Illuminate\\Foundation\\Console\\Kernel->handle(Object(Symfony\\Component\\Console\\Input\\ArgvInput), Object(Symfony\\Component\\Console\\Output\\ConsoleOutput))
#21 C:\\Users\\Stefan\\Desktop\\Iteh\\EbibliotekaV2\\artisan(16): Illuminate\\Foundation\\Application->handleCommand(Object(Symfony\\Component\\Console\\Input\\ArgvInput))
#22 {main}
"} 
[2025-09-15 15:08:12] local.ERROR: Class "App\Http\Controllers\Controller" not found {"exception":"[object] (Error(code: 0): Class \"App\\Http\\Controllers\\Controller\" not found at C:\\Users\\Stefan\\Desktop\\Iteh\\EbibliotekaV2\\app\\Http\\Controllers\\AuthController.php:10)
[stacktrace]
#0 C:\\Users\\Stefan\\Desktop\\Iteh\\EbibliotekaV2\\vendor\\composer\\ClassLoader.php(576): include()
#1 C:\\Users\\Stefan\\Desktop\\Iteh\\EbibliotekaV2\\vendor\\composer\\ClassLoader.php(427): Composer\\Autoload\\{closure}('C:\\\\Users\\\\Stefan...')
#2 [internal function]: Composer\\Autoload\\ClassLoader->loadClass('App\\\\Http\\\\Contro...')
#3 C:\\Users\\Stefan\\Desktop\\Iteh\\EbibliotekaV2\\vendor\\laravel\\framework\\src\\Illuminate\\Routing\\Route.php(1119): is_a('App\\\\Http\\\\Contro...', 'Illuminate\\\\Rout...', true)
#4 C:\\Users\\Stefan\\Desktop\\Iteh\\EbibliotekaV2\\vendor\\laravel\\framework\\src\\Illuminate\\Routing\\Route.php(1056): Illuminate\\Routing\\Route->controllerMiddleware()
#5 C:\\Users\\Stefan\\Desktop\\Iteh\\EbibliotekaV2\\vendor\\laravel\\framework\\src\\Illuminate\\Routing\\Router.php(834): Illuminate\\Routing\\Route->gatherMiddleware()
#6 C:\\Users\\Stefan\\Desktop\\Iteh\\EbibliotekaV2\\vendor\\laravel\\framework\\src\\Illuminate\\Foundation\\Console\\RouteListCommand.php(211): Illuminate\\Routing\\Router->gatherRouteMiddleware(Object(Illuminate\\Routing\\Route))
#7 C:\\Users\\Stefan\\Desktop\\Iteh\\EbibliotekaV2\\vendor\\laravel\\framework\\src\\Illuminate\\Foundation\\Console\\RouteListCommand.php(148): Illuminate\\Foundation\\Console\\RouteListCommand->getMiddleware(Object(Illuminate\\Routing\\Route))
#8 C:\\Users\\Stefan\\Desktop\\Iteh\\EbibliotekaV2\\vendor\\laravel\\framework\\src\\Illuminate\\Foundation\\Console\\RouteListCommand.php(117): Illuminate\\Foundation\\Console\\RouteListCommand->getRouteInformation(Object(Illuminate\\Routing\\Route))
#9 [internal function]: Illuminate\\Foundation\\Console\\RouteListCommand->Illuminate\\Foundation\\Console\\{closure}(Object(Illuminate\\Routing\\Route), 2)
#10 C:\\Users\\Stefan\\Desktop\\Iteh\\EbibliotekaV2\\vendor\\laravel\\framework\\src\\Illuminate\\Collections\\Arr.php(774): array_map(Object(Closure), Array, Array)
#11 C:\\Users\\Stefan\\Desktop\\Iteh\\EbibliotekaV2\\vendor\\laravel\\framework\\src\\Illuminate\\Collections\\Collection.php(807): Illuminate\\Support\\Arr::map(Array, Object(Closure))
#12 C:\\Users\\Stefan\\Desktop\\Iteh\\EbibliotekaV2\\vendor\\laravel\\framework\\src\\Illuminate\\Foundation\\Console\\RouteListCommand.php(117): Illuminate\\Support\\Collection->map(Object(Closure))
#13 C:\\Users\\Stefan\\Desktop\\Iteh\\EbibliotekaV2\\vendor\\laravel\\framework\\src\\Illuminate\\Foundation\\Console\\RouteListCommand.php(102): Illuminate\\Foundation\\Console\\RouteListCommand->getRoutes()
#14 C:\\Users\\Stefan\\Desktop\\Iteh\\EbibliotekaV2\\vendor\\laravel\\framework\\src\\Illuminate\\Container\\BoundMethod.php(36): Illuminate\\Foundation\\Console\\RouteListCommand->handle()
#15 C:\\Users\\Stefan\\Desktop\\Iteh\\EbibliotekaV2\\vendor\\laravel\\framework\\src\\Illuminate\\Container\\Util.php(43): Illuminate\\Container\\BoundMethod::Illuminate\\Container\\{closure}()
#16 C:\\Users\\Stefan\\Desktop\\Iteh\\EbibliotekaV2\\vendor\\laravel\\framework\\src\\Illuminate\\Container\\BoundMethod.php(96): Illuminate\\Container\\Util::unwrapIfClosure(Object(Closure))
#17 C:\\Users\\Stefan\\Desktop\\Iteh\\EbibliotekaV2\\vendor\\laravel\\framework\\src\\Illuminate\\Container\\BoundMethod.php(35): Illuminate\\Container\\BoundMethod::callBoundMethod(Object(Illuminate\\Foundation\\Application), Array, Object(Closure))
#18 C:\\Users\\Stefan\\Desktop\\Iteh\\EbibliotekaV2\\vendor\\laravel\\framework\\src\\Illuminate\\Container\\Container.php(835): Illuminate\\Container\\BoundMethod::call(Object(Illuminate\\Foundation\\Application), Array, Array, NULL)
#19 C:\\Users\\Stefan\\Desktop\\Iteh\\EbibliotekaV2\\vendor\\laravel\\framework\\src\\Illuminate\\Console\\Command.php(211): Illuminate\\Container\\Container->call(Array)
#20 C:\\Users\\Stefan\\Desktop\\Iteh\\EbibliotekaV2\\vendor\\symfony\\console\\Command\\Command.php(318): Illuminate\\Console\\Command->execute(Object(Symfony\\Component\\Console\\Input\\ArgvInput), Object(Illuminate\\Console\\OutputStyle))
#21 C:\\Users\\Stefan\\Desktop\\Iteh\\EbibliotekaV2\\vendor\\laravel\\framework\\src\\Illuminate\\Console\\Command.php(180): Symfony\\Component\\Console\\Command\\Command->run(Object(Symfony\\Component\\Console\\Input\\ArgvInput), Object(Illuminate\\Console\\OutputStyle))
#22 C:\\Users\\Stefan\\Desktop\\Iteh\\EbibliotekaV2\\vendor\\symfony\\console\\Application.php(1092): Illuminate\\Console\\Command->run(Object(Symfony\\Component\\Console\\Input\\ArgvInput), Object(Symfony\\Component\\Console\\Output\\ConsoleOutput))
#23 C:\\Users\\Stefan\\Desktop\\Iteh\\EbibliotekaV2\\vendor\\symfony\\console\\Application.php(341): Symfony\\Component\\Console\\Application->doRunCommand(Object(Illuminate\\Foundation\\Console\\RouteListCommand), Object(Symfony\\Component\\Console\\Input\\ArgvInput), Object(Symfony\\Component\\Console\\Output\\ConsoleOutput))
#24 C:\\Users\\Stefan\\Desktop\\Iteh\\EbibliotekaV2\\vendor\\symfony\\console\\Application.php(192): Symfony\\Component\\Console\\Application->doRun(Object(Symfony\\Component\\Console\\Input\\ArgvInput), Object(Symfony\\Component\\Console\\Output\\ConsoleOutput))
#25 C:\\Users\\Stefan\\Desktop\\Iteh\\EbibliotekaV2\\vendor\\laravel\\framework\\src\\Illuminate\\Foundation\\Console\\Kernel.php(197): Symfony\\Component\\Console\\Application->run(Object(Symfony\\Component\\Console\\Input\\ArgvInput), Object(Symfony\\Component\\Console\\Output\\ConsoleOutput))
#26 C:\\Users\\Stefan\\Desktop\\Iteh\\EbibliotekaV2\\vendor\\laravel\\framework\\src\\Illuminate\\Foundation\\Application.php(1234): Illuminate\\Foundation\\Console\\Kernel->handle(Object(Symfony\\Component\\Console\\Input\\ArgvInput), Object(Symfony\\Component\\Console\\Output\\ConsoleOutput))
#27 C:\\Users\\Stefan\\Desktop\\Iteh\\EbibliotekaV2\\artisan(16): Illuminate\\Foundation\\Application->handleCommand(Object(Symfony\\Component\\Console\\Input\\ArgvInput))
#28 {main}
"} 
[2025-09-15 15:10:05] local.ERROR: Class "App\Http\Controllers\Controller" not found {"exception":"[object] (Error(code: 0): Class \"App\\Http\\Controllers\\Controller\" not found at C:\\Users\\Stefan\\Desktop\\Iteh\\EbibliotekaV2\\app\\Http\\Controllers\\AuthController.php:10)
[stacktrace]
#0 C:\\Users\\Stefan\\Desktop\\Iteh\\EbibliotekaV2\\vendor\\composer\\ClassLoader.php(576): include()
#1 C:\\Users\\Stefan\\Desktop\\Iteh\\EbibliotekaV2\\vendor\\composer\\ClassLoader.php(427): Composer\\Autoload\\{closure}('C:\\\\Users\\\\Stefan...')
#2 [internal function]: Composer\\Autoload\\ClassLoader->loadClass('App\\\\Http\\\\Contro...')
#3 C:\\Users\\Stefan\\Desktop\\Iteh\\EbibliotekaV2\\vendor\\laravel\\framework\\src\\Illuminate\\Routing\\Route.php(1119): is_a('App\\\\Http\\\\Contro...', 'Illuminate\\\\Rout...', true)
#4 C:\\Users\\Stefan\\Desktop\\Iteh\\EbibliotekaV2\\vendor\\laravel\\framework\\src\\Illuminate\\Routing\\Route.php(1056): Illuminate\\Routing\\Route->controllerMiddleware()
#5 C:\\Users\\Stefan\\Desktop\\Iteh\\EbibliotekaV2\\vendor\\laravel\\framework\\src\\Illuminate\\Routing\\Router.php(834): Illuminate\\Routing\\Route->gatherMiddleware()
#6 C:\\Users\\Stefan\\Desktop\\Iteh\\EbibliotekaV2\\vendor\\laravel\\framework\\src\\Illuminate\\Foundation\\Console\\RouteListCommand.php(211): Illuminate\\Routing\\Router->gatherRouteMiddleware(Object(Illuminate\\Routing\\Route))
#7 C:\\Users\\Stefan\\Desktop\\Iteh\\EbibliotekaV2\\vendor\\laravel\\framework\\src\\Illuminate\\Foundation\\Console\\RouteListCommand.php(148): Illuminate\\Foundation\\Console\\RouteListCommand->getMiddleware(Object(Illuminate\\Routing\\Route))
#8 C:\\Users\\Stefan\\Desktop\\Iteh\\EbibliotekaV2\\vendor\\laravel\\framework\\src\\Illuminate\\Foundation\\Console\\RouteListCommand.php(117): Illuminate\\Foundation\\Console\\RouteListCommand->getRouteInformation(Object(Illuminate\\Routing\\Route))
#9 [internal function]: Illuminate\\Foundation\\Console\\RouteListCommand->Illuminate\\Foundation\\Console\\{closure}(Object(Illuminate\\Routing\\Route), 2)
#10 C:\\Users\\Stefan\\Desktop\\Iteh\\EbibliotekaV2\\vendor\\laravel\\framework\\src\\Illuminate\\Collections\\Arr.php(774): array_map(Object(Closure), Array, Array)
#11 C:\\Users\\Stefan\\Desktop\\Iteh\\EbibliotekaV2\\vendor\\laravel\\framework\\src\\Illuminate\\Collections\\Collection.php(807): Illuminate\\Support\\Arr::map(Array, Object(Closure))
#12 C:\\Users\\Stefan\\Desktop\\Iteh\\EbibliotekaV2\\vendor\\laravel\\framework\\src\\Illuminate\\Foundation\\Console\\RouteListCommand.php(117): Illuminate\\Support\\Collection->map(Object(Closure))
#13 C:\\Users\\Stefan\\Desktop\\Iteh\\EbibliotekaV2\\vendor\\laravel\\framework\\src\\Illuminate\\Foundation\\Console\\RouteListCommand.php(102): Illuminate\\Foundation\\Console\\RouteListCommand->getRoutes()
#14 C:\\Users\\Stefan\\Desktop\\Iteh\\EbibliotekaV2\\vendor\\laravel\\framework\\src\\Illuminate\\Container\\BoundMethod.php(36): Illuminate\\Foundation\\Console\\RouteListCommand->handle()
#15 C:\\Users\\Stefan\\Desktop\\Iteh\\EbibliotekaV2\\vendor\\laravel\\framework\\src\\Illuminate\\Container\\Util.php(43): Illuminate\\Container\\BoundMethod::Illuminate\\Container\\{closure}()
#16 C:\\Users\\Stefan\\Desktop\\Iteh\\EbibliotekaV2\\vendor\\laravel\\framework\\src\\Illuminate\\Container\\BoundMethod.php(96): Illuminate\\Container\\Util::unwrapIfClosure(Object(Closure))
#17 C:\\Users\\Stefan\\Desktop\\Iteh\\EbibliotekaV2\\vendor\\laravel\\framework\\src\\Illuminate\\Container\\BoundMethod.php(35): Illuminate\\Container\\BoundMethod::callBoundMethod(Object(Illuminate\\Foundation\\Application), Array, Object(Closure))
#18 C:\\Users\\Stefan\\Desktop\\Iteh\\EbibliotekaV2\\vendor\\laravel\\framework\\src\\Illuminate\\Container\\Container.php(835): Illuminate\\Container\\BoundMethod::call(Object(Illuminate\\Foundation\\Application), Array, Array, NULL)
#19 C:\\Users\\Stefan\\Desktop\\Iteh\\EbibliotekaV2\\vendor\\laravel\\framework\\src\\Illuminate\\Console\\Command.php(211): Illuminate\\Container\\Container->call(Array)
#20 C:\\Users\\Stefan\\Desktop\\Iteh\\EbibliotekaV2\\vendor\\symfony\\console\\Command\\Command.php(318): Illuminate\\Console\\Command->execute(Object(Symfony\\Component\\Console\\Input\\ArgvInput), Object(Illuminate\\Console\\OutputStyle))
#21 C:\\Users\\Stefan\\Desktop\\Iteh\\EbibliotekaV2\\vendor\\laravel\\framework\\src\\Illuminate\\Console\\Command.php(180): Symfony\\Component\\Console\\Command\\Command->run(Object(Symfony\\Component\\Console\\Input\\ArgvInput), Object(Illuminate\\Console\\OutputStyle))
#22 C:\\Users\\Stefan\\Desktop\\Iteh\\EbibliotekaV2\\vendor\\symfony\\console\\Application.php(1092): Illuminate\\Console\\Command->run(Object(Symfony\\Component\\Console\\Input\\ArgvInput), Object(Symfony\\Component\\Console\\Output\\ConsoleOutput))
#23 C:\\Users\\Stefan\\Desktop\\Iteh\\EbibliotekaV2\\vendor\\symfony\\console\\Application.php(341): Symfony\\Component\\Console\\Application->doRunCommand(Object(Illuminate\\Foundation\\Console\\RouteListCommand), Object(Symfony\\Component\\Console\\Input\\ArgvInput), Object(Symfony\\Component\\Console\\Output\\ConsoleOutput))
#24 C:\\Users\\Stefan\\Desktop\\Iteh\\EbibliotekaV2\\vendor\\symfony\\console\\Application.php(192): Symfony\\Component\\Console\\Application->doRun(Object(Symfony\\Component\\Console\\Input\\ArgvInput), Object(Symfony\\Component\\Console\\Output\\ConsoleOutput))
#25 C:\\Users\\Stefan\\Desktop\\Iteh\\EbibliotekaV2\\vendor\\laravel\\framework\\src\\Illuminate\\Foundation\\Console\\Kernel.php(197): Symfony\\Component\\Console\\Application->run(Object(Symfony\\Component\\Console\\Input\\ArgvInput), Object(Symfony\\Component\\Console\\Output\\ConsoleOutput))
#26 C:\\Users\\Stefan\\Desktop\\Iteh\\EbibliotekaV2\\vendor\\laravel\\framework\\src\\Illuminate\\Foundation\\Application.php(1234): Illuminate\\Foundation\\Console\\Kernel->handle(Object(Symfony\\Component\\Console\\Input\\ArgvInput), Object(Symfony\\Component\\Console\\Output\\ConsoleOutput))
#27 C:\\Users\\Stefan\\Desktop\\Iteh\\EbibliotekaV2\\artisan(16): Illuminate\\Foundation\\Application->handleCommand(Object(Symfony\\Component\\Console\\Input\\ArgvInput))
#28 {main}
"} 
[2025-09-15 15:26:56] local.ERROR: SQLSTATE[42S22]: Column not found: 1054 Unknown column 'email' in 'where clause' (Connection: mysql, SQL: select count(*) as aggregate from `users` where `email` = tijana@example.com) {"exception":"[object] (Illuminate\\Database\\QueryException(code: 42S22): SQLSTATE[42S22]: Column not found: 1054 Unknown column 'email' in 'where clause' (Connection: mysql, SQL: select count(*) as aggregate from `users` where `email` = tijana@example.com) at C:\\Users\\Stefan\\Desktop\\Iteh\\EbibliotekaV2\\vendor\\laravel\\framework\\src\\Illuminate\\Database\\Connection.php:824)
[stacktrace]
#0 C:\\Users\\Stefan\\Desktop\\Iteh\\EbibliotekaV2\\vendor\\laravel\\framework\\src\\Illuminate\\Database\\Connection.php(778): Illuminate\\Database\\Connection->runQueryCallback('select count(*)...', Array, Object(Closure))
#1 C:\\Users\\Stefan\\Desktop\\Iteh\\EbibliotekaV2\\vendor\\laravel\\framework\\src\\Illuminate\\Database\\Connection.php(397): Illuminate\\Database\\Connection->run('select count(*)...', Array, Object(Closure))
#2 C:\\Users\\Stefan\\Desktop\\Iteh\\EbibliotekaV2\\vendor\\laravel\\framework\\src\\Illuminate\\Database\\Query\\Builder.php(3188): Illuminate\\Database\\Connection->select('select count(*)...', Array, false)
#3 C:\\Users\\Stefan\\Desktop\\Iteh\\EbibliotekaV2\\vendor\\laravel\\framework\\src\\Illuminate\\Database\\Query\\Builder.php(3173): Illuminate\\Database\\Query\\Builder->runSelect()
#4 C:\\Users\\Stefan\\Desktop\\Iteh\\EbibliotekaV2\\vendor\\laravel\\framework\\src\\Illuminate\\Database\\Query\\Builder.php(3763): Illuminate\\Database\\Query\\Builder->Illuminate\\Database\\Query\\{closure}()
#5 C:\\Users\\Stefan\\Desktop\\Iteh\\EbibliotekaV2\\vendor\\laravel\\framework\\src\\Illuminate\\Database\\Query\\Builder.php(3172): Illuminate\\Database\\Query\\Builder->onceWithColumns(Array, Object(Closure))
#6 C:\\Users\\Stefan\\Desktop\\Iteh\\EbibliotekaV2\\vendor\\laravel\\framework\\src\\Illuminate\\Database\\Query\\Builder.php(3687): Illuminate\\Database\\Query\\Builder->get(Array)
#7 C:\\Users\\Stefan\\Desktop\\Iteh\\EbibliotekaV2\\vendor\\laravel\\framework\\src\\Illuminate\\Database\\Query\\Builder.php(3615): Illuminate\\Database\\Query\\Builder->aggregate('count', Array)
#8 C:\\Users\\Stefan\\Desktop\\Iteh\\EbibliotekaV2\\vendor\\laravel\\framework\\src\\Illuminate\\Validation\\DatabasePresenceVerifier.php(53): Illuminate\\Database\\Query\\Builder->count()
#9 C:\\Users\\Stefan\\Desktop\\Iteh\\EbibliotekaV2\\vendor\\laravel\\framework\\src\\Illuminate\\Validation\\Concerns\\ValidatesAttributes.php(1061): Illuminate\\Validation\\DatabasePresenceVerifier->getCount('users', 'email', 'tijana@example....', NULL, NULL, Array)
#10 C:\\Users\\Stefan\\Desktop\\Iteh\\EbibliotekaV2\\vendor\\laravel\\framework\\src\\Illuminate\\Validation\\Validator.php(685): Illuminate\\Validation\\Validator->validateUnique('email', 'tijana@example....', Array, Object(Illuminate\\Validation\\Validator))
#11 C:\\Users\\Stefan\\Desktop\\Iteh\\EbibliotekaV2\\vendor\\laravel\\framework\\src\\Illuminate\\Validation\\Validator.php(480): Illuminate\\Validation\\Validator->validateAttribute('email', 'Unique')
#12 C:\\Users\\Stefan\\Desktop\\Iteh\\EbibliotekaV2\\vendor\\laravel\\framework\\src\\Illuminate\\Validation\\Validator.php(515): Illuminate\\Validation\\Validator->passes()
#13 C:\\Users\\Stefan\\Desktop\\Iteh\\EbibliotekaV2\\vendor\\laravel\\framework\\src\\Illuminate\\Validation\\Validator.php(557): Illuminate\\Validation\\Validator->fails()
#14 C:\\Users\\Stefan\\Desktop\\Iteh\\EbibliotekaV2\\vendor\\laravel\\framework\\src\\Illuminate\\Foundation\\Providers\\FoundationServiceProvider.php(155): Illuminate\\Validation\\Validator->validate()
#15 C:\\Users\\Stefan\\Desktop\\Iteh\\EbibliotekaV2\\vendor\\laravel\\framework\\src\\Illuminate\\Macroable\\Traits\\Macroable.php(126): Illuminate\\Http\\Request->Illuminate\\Foundation\\Providers\\{closure}(Array)
#16 C:\\Users\\Stefan\\Desktop\\Iteh\\EbibliotekaV2\\app\\Http\\Controllers\\AuthController.php(14): Illuminate\\Http\\Request->__call('validate', Array)
#17 C:\\Users\\Stefan\\Desktop\\Iteh\\EbibliotekaV2\\vendor\\laravel\\framework\\src\\Illuminate\\Routing\\Controller.php(54): App\\Http\\Controllers\\AuthController->register(Object(Illuminate\\Http\\Request))
#18 C:\\Users\\Stefan\\Desktop\\Iteh\\EbibliotekaV2\\vendor\\laravel\\framework\\src\\Illuminate\\Routing\\ControllerDispatcher.php(43): Illuminate\\Routing\\Controller->callAction('register', Array)
#19 C:\\Users\\Stefan\\Desktop\\Iteh\\EbibliotekaV2\\vendor\\laravel\\framework\\src\\Illuminate\\Routing\\Route.php(265): Illuminate\\Routing\\ControllerDispatcher->dispatch(Object(Illuminate\\Routing\\Route), Object(App\\Http\\Controllers\\AuthController), 'register')
#20 C:\\Users\\Stefan\\Desktop\\Iteh\\EbibliotekaV2\\vendor\\laravel\\framework\\src\\Illuminate\\Routing\\Route.php(211): Illuminate\\Routing\\Route->runController()
#21 C:\\Users\\Stefan\\Desktop\\Iteh\\EbibliotekaV2\\vendor\\laravel\\framework\\src\\Illuminate\\Routing\\Router.php(822): Illuminate\\Routing\\Route->run()
#22 C:\\Users\\Stefan\\Desktop\\Iteh\\EbibliotekaV2\\vendor\\laravel\\framework\\src\\Illuminate\\Pipeline\\Pipeline.php(180): Illuminate\\Routing\\Router->Illuminate\\Routing\\{closure}(Object(Illuminate\\Http\\Request))
#23 C:\\Users\\Stefan\\Desktop\\Iteh\\EbibliotekaV2\\vendor\\laravel\\framework\\src\\Illuminate\\Routing\\Middleware\\SubstituteBindings.php(50): Illuminate\\Pipeline\\Pipeline->Illuminate\\Pipeline\\{closure}(Object(Illuminate\\Http\\Request))
#24 C:\\Users\\Stefan\\Desktop\\Iteh\\EbibliotekaV2\\vendor\\laravel\\framework\\src\\Illuminate\\Pipeline\\Pipeline.php(219): Illuminate\\Routing\\Middleware\\SubstituteBindings->handle(Object(Illuminate\\Http\\Request), Object(Closure))
#25 C:\\Users\\Stefan\\Desktop\\Iteh\\EbibliotekaV2\\vendor\\laravel\\framework\\src\\Illuminate\\Pipeline\\Pipeline.php(137): Illuminate\\Pipeline\\Pipeline->Illuminate\\Pipeline\\{closure}(Object(Illuminate\\Http\\Request))
#26 C:\\Users\\Stefan\\Desktop\\Iteh\\EbibliotekaV2\\vendor\\laravel\\framework\\src\\Illuminate\\Routing\\Router.php(821): Illuminate\\Pipeline\\Pipeline->then(Object(Closure))
#27 C:\\Users\\Stefan\\Desktop\\Iteh\\EbibliotekaV2\\vendor\\laravel\\framework\\src\\Illuminate\\Routing\\Router.php(800): Illuminate\\Routing\\Router->runRouteWithinStack(Object(Illuminate\\Routing\\Route), Object(Illuminate\\Http\\Request))
#28 C:\\Users\\Stefan\\Desktop\\Iteh\\EbibliotekaV2\\vendor\\laravel\\framework\\src\\Illuminate\\Routing\\Router.php(764): Illuminate\\Routing\\Router->runRoute(Object(Illuminate\\Http\\Request), Object(Illuminate\\Routing\\Route))
#29 C:\\Users\\Stefan\\Desktop\\Iteh\\EbibliotekaV2\\vendor\\laravel\\framework\\src\\Illuminate\\Routing\\Router.php(753): Illuminate\\Routing\\Router->dispatchToRoute(Object(Illuminate\\Http\\Request))
#30 C:\\Users\\Stefan\\Desktop\\Iteh\\EbibliotekaV2\\vendor\\laravel\\framework\\src\\Illuminate\\Foundation\\Http\\Kernel.php(200): Illuminate\\Routing\\Router->dispatch(Object(Illuminate\\Http\\Request))
#31 C:\\Users\\Stefan\\Desktop\\Iteh\\EbibliotekaV2\\vendor\\laravel\\framework\\src\\Illuminate\\Pipeline\\Pipeline.php(180): Illuminate\\Foundation\\Http\\Kernel->Illuminate\\Foundation\\Http\\{closure}(Object(Illuminate\\Http\\Request))
#32 C:\\Users\\Stefan\\Desktop\\Iteh\\EbibliotekaV2\\vendor\\laravel\\framework\\src\\Illuminate\\Foundation\\Http\\Middleware\\TransformsRequest.php(21): Illuminate\\Pipeline\\Pipeline->Illuminate\\Pipeline\\{closure}(Object(Illuminate\\Http\\Request))
#33 C:\\Users\\Stefan\\Desktop\\Iteh\\EbibliotekaV2\\vendor\\laravel\\framework\\src\\Illuminate\\Foundation\\Http\\Middleware\\ConvertEmptyStringsToNull.php(31): Illuminate\\Foundation\\Http\\Middleware\\TransformsRequest->handle(Object(Illuminate\\Http\\Request), Object(Closure))
#34 C:\\Users\\Stefan\\Desktop\\Iteh\\EbibliotekaV2\\vendor\\laravel\\framework\\src\\Illuminate\\Pipeline\\Pipeline.php(219): Illuminate\\Foundation\\Http\\Middleware\\ConvertEmptyStringsToNull->handle(Object(Illuminate\\Http\\Request), Object(Closure))
#35 C:\\Users\\Stefan\\Desktop\\Iteh\\EbibliotekaV2\\vendor\\laravel\\framework\\src\\Illuminate\\Foundation\\Http\\Middleware\\TransformsRequest.php(21): Illuminate\\Pipeline\\Pipeline->Illuminate\\Pipeline\\{closure}(Object(Illuminate\\Http\\Request))
#36 C:\\Users\\Stefan\\Desktop\\Iteh\\EbibliotekaV2\\vendor\\laravel\\framework\\src\\Illuminate\\Foundation\\Http\\Middleware\\TrimStrings.php(51): Illuminate\\Foundation\\Http\\Middleware\\TransformsRequest->handle(Object(Illuminate\\Http\\Request), Object(Closure))
#37 C:\\Users\\Stefan\\Desktop\\Iteh\\EbibliotekaV2\\vendor\\laravel\\framework\\src\\Illuminate\\Pipeline\\Pipeline.php(219): Illuminate\\Foundation\\Http\\Middleware\\TrimStrings->handle(Object(Illuminate\\Http\\Request), Object(Closure))
#38 C:\\Users\\Stefan\\Desktop\\Iteh\\EbibliotekaV2\\vendor\\laravel\\framework\\src\\Illuminate\\Http\\Middleware\\ValidatePostSize.php(27): Illuminate\\Pipeline\\Pipeline->Illuminate\\Pipeline\\{closure}(Object(Illuminate\\Http\\Request))
#39 C:\\Users\\Stefan\\Desktop\\Iteh\\EbibliotekaV2\\vendor\\laravel\\framework\\src\\Illuminate\\Pipeline\\Pipeline.php(219): Illuminate\\Http\\Middleware\\ValidatePostSize->handle(Object(Illuminate\\Http\\Request), Object(Closure))
#40 C:\\Users\\Stefan\\Desktop\\Iteh\\EbibliotekaV2\\vendor\\laravel\\framework\\src\\Illuminate\\Foundation\\Http\\Middleware\\PreventRequestsDuringMaintenance.php(109): Illuminate\\Pipeline\\Pipeline->Illuminate\\Pipeline\\{closure}(Object(Illuminate\\Http\\Request))
#41 C:\\Users\\Stefan\\Desktop\\Iteh\\EbibliotekaV2\\vendor\\laravel\\framework\\src\\Illuminate\\Pipeline\\Pipeline.php(219): Illuminate\\Foundation\\Http\\Middleware\\PreventRequestsDuringMaintenance->handle(Object(Illuminate\\Http\\Request), Object(Closure))
#42 C:\\Users\\Stefan\\Desktop\\Iteh\\EbibliotekaV2\\vendor\\laravel\\framework\\src\\Illuminate\\Http\\Middleware\\HandleCors.php(61): Illuminate\\Pipeline\\Pipeline->Illuminate\\Pipeline\\{closure}(Object(Illuminate\\Http\\Request))
#43 C:\\Users\\Stefan\\Desktop\\Iteh\\EbibliotekaV2\\vendor\\laravel\\framework\\src\\Illuminate\\Pipeline\\Pipeline.php(219): Illuminate\\Http\\Middleware\\HandleCors->handle(Object(Illuminate\\Http\\Request), Object(Closure))
#44 C:\\Users\\Stefan\\Desktop\\Iteh\\EbibliotekaV2\\vendor\\laravel\\framework\\src\\Illuminate\\Http\\Middleware\\TrustProxies.php(58): Illuminate\\Pipeline\\Pipeline->Illuminate\\Pipeline\\{closure}(Object(Illuminate\\Http\\Request))
#45 C:\\Users\\Stefan\\Desktop\\Iteh\\EbibliotekaV2\\vendor\\laravel\\framework\\src\\Illuminate\\Pipeline\\Pipeline.php(219): Illuminate\\Http\\Middleware\\TrustProxies->handle(Object(Illuminate\\Http\\Request), Object(Closure))
#46 C:\\Users\\Stefan\\Desktop\\Iteh\\EbibliotekaV2\\vendor\\laravel\\framework\\src\\Illuminate\\Foundation\\Http\\Middleware\\InvokeDeferredCallbacks.php(22): Illuminate\\Pipeline\\Pipeline->Illuminate\\Pipeline\\{closure}(Object(Illuminate\\Http\\Request))
#47 C:\\Users\\Stefan\\Desktop\\Iteh\\EbibliotekaV2\\vendor\\laravel\\framework\\src\\Illuminate\\Pipeline\\Pipeline.php(219): Illuminate\\Foundation\\Http\\Middleware\\InvokeDeferredCallbacks->handle(Object(Illuminate\\Http\\Request), Object(Closure))
#48 C:\\Users\\Stefan\\Desktop\\Iteh\\EbibliotekaV2\\vendor\\laravel\\framework\\src\\Illuminate\\Http\\Middleware\\ValidatePathEncoding.php(26): Illuminate\\Pipeline\\Pipeline->Illuminate\\Pipeline\\{closure}(Object(Illuminate\\Http\\Request))
#49 C:\\Users\\Stefan\\Desktop\\Iteh\\EbibliotekaV2\\vendor\\laravel\\framework\\src\\Illuminate\\Pipeline\\Pipeline.php(219): Illuminate\\Http\\Middleware\\ValidatePathEncoding->handle(Object(Illuminate\\Http\\Request), Object(Closure))
#50 C:\\Users\\Stefan\\Desktop\\Iteh\\EbibliotekaV2\\vendor\\laravel\\framework\\src\\Illuminate\\Pipeline\\Pipeline.php(137): Illuminate\\Pipeline\\Pipeline->Illuminate\\Pipeline\\{closure}(Object(Illuminate\\Http\\Request))
#51 C:\\Users\\Stefan\\Desktop\\Iteh\\EbibliotekaV2\\vendor\\laravel\\framework\\src\\Illuminate\\Foundation\\Http\\Kernel.php(175): Illuminate\\Pipeline\\Pipeline->then(Object(Closure))
#52 C:\\Users\\Stefan\\Desktop\\Iteh\\EbibliotekaV2\\vendor\\laravel\\framework\\src\\Illuminate\\Foundation\\Http\\Kernel.php(144): Illuminate\\Foundation\\Http\\Kernel->sendRequestThroughRouter(Object(Illuminate\\Http\\Request))
#53 C:\\Users\\Stefan\\Desktop\\Iteh\\EbibliotekaV2\\vendor\\laravel\\framework\\src\\Illuminate\\Foundation\\Application.php(1219): Illuminate\\Foundation\\Http\\Kernel->handle(Object(Illuminate\\Http\\Request))
#54 C:\\Users\\Stefan\\Desktop\\Iteh\\EbibliotekaV2\\public\\index.php(20): Illuminate\\Foundation\\Application->handleRequest(Object(Illuminate\\Http\\Request))
#55 C:\\Users\\Stefan\\Desktop\\Iteh\\EbibliotekaV2\\vendor\\laravel\\framework\\src\\Illuminate\\Foundation\\resources\\server.php(23): require_once('C:\\\\Users\\\\Stefan...')
#56 {main}

[previous exception] [object] (PDOException(code: 42S22): SQLSTATE[42S22]: Column not found: 1054 Unknown column 'email' in 'where clause' at C:\\Users\\Stefan\\Desktop\\Iteh\\EbibliotekaV2\\vendor\\laravel\\framework\\src\\Illuminate\\Database\\Connection.php:406)
[stacktrace]
#0 C:\\Users\\Stefan\\Desktop\\Iteh\\EbibliotekaV2\\vendor\\laravel\\framework\\src\\Illuminate\\Database\\Connection.php(406): PDO->prepare('select count(*)...')
#1 C:\\Users\\Stefan\\Desktop\\Iteh\\EbibliotekaV2\\vendor\\laravel\\framework\\src\\Illuminate\\Database\\Connection.php(811): Illuminate\\Database\\Connection->Illuminate\\Database\\{closure}('select count(*)...', Array)
#2 C:\\Users\\Stefan\\Desktop\\Iteh\\EbibliotekaV2\\vendor\\laravel\\framework\\src\\Illuminate\\Database\\Connection.php(778): Illuminate\\Database\\Connection->runQueryCallback('select count(*)...', Array, Object(Closure))
#3 C:\\Users\\Stefan\\Desktop\\Iteh\\EbibliotekaV2\\vendor\\laravel\\framework\\src\\Illuminate\\Database\\Connection.php(397): Illuminate\\Database\\Connection->run('select count(*)...', Array, Object(Closure))
#4 C:\\Users\\Stefan\\Desktop\\Iteh\\EbibliotekaV2\\vendor\\laravel\\framework\\src\\Illuminate\\Database\\Query\\Builder.php(3188): Illuminate\\Database\\Connection->select('select count(*)...', Array, false)
#5 C:\\Users\\Stefan\\Desktop\\Iteh\\EbibliotekaV2\\vendor\\laravel\\framework\\src\\Illuminate\\Database\\Query\\Builder.php(3173): Illuminate\\Database\\Query\\Builder->runSelect()
#6 C:\\Users\\Stefan\\Desktop\\Iteh\\EbibliotekaV2\\vendor\\laravel\\framework\\src\\Illuminate\\Database\\Query\\Builder.php(3763): Illuminate\\Database\\Query\\Builder->Illuminate\\Database\\Query\\{closure}()
#7 C:\\Users\\Stefan\\Desktop\\Iteh\\EbibliotekaV2\\vendor\\laravel\\framework\\src\\Illuminate\\Database\\Query\\Builder.php(3172): Illuminate\\Database\\Query\\Builder->onceWithColumns(Array, Object(Closure))
#8 C:\\Users\\Stefan\\Desktop\\Iteh\\EbibliotekaV2\\vendor\\laravel\\framework\\src\\Illuminate\\Database\\Query\\Builder.php(3687): Illuminate\\Database\\Query\\Builder->get(Array)
#9 C:\\Users\\Stefan\\Desktop\\Iteh\\EbibliotekaV2\\vendor\\laravel\\framework\\src\\Illuminate\\Database\\Query\\Builder.php(3615): Illuminate\\Database\\Query\\Builder->aggregate('count', Array)
#10 C:\\Users\\Stefan\\Desktop\\Iteh\\EbibliotekaV2\\vendor\\laravel\\framework\\src\\Illuminate\\Validation\\DatabasePresenceVerifier.php(53): Illuminate\\Database\\Query\\Builder->count()
#11 C:\\Users\\Stefan\\Desktop\\Iteh\\EbibliotekaV2\\vendor\\laravel\\framework\\src\\Illuminate\\Validation\\Concerns\\ValidatesAttributes.php(1061): Illuminate\\Validation\\DatabasePresenceVerifier->getCount('users', 'email', 'tijana@example....', NULL, NULL, Array)
#12 C:\\Users\\Stefan\\Desktop\\Iteh\\EbibliotekaV2\\vendor\\laravel\\framework\\src\\Illuminate\\Validation\\Validator.php(685): Illuminate\\Validation\\Validator->validateUnique('email', 'tijana@example....', Array, Object(Illuminate\\Validation\\Validator))
#13 C:\\Users\\Stefan\\Desktop\\Iteh\\EbibliotekaV2\\vendor\\laravel\\framework\\src\\Illuminate\\Validation\\Validator.php(480): Illuminate\\Validation\\Validator->validateAttribute('email', 'Unique')
#14 C:\\Users\\Stefan\\Desktop\\Iteh\\EbibliotekaV2\\vendor\\laravel\\framework\\src\\Illuminate\\Validation\\Validator.php(515): Illuminate\\Validation\\Validator->passes()
#15 C:\\Users\\Stefan\\Desktop\\Iteh\\EbibliotekaV2\\vendor\\laravel\\framework\\src\\Illuminate\\Validation\\Validator.php(557): Illuminate\\Validation\\Validator->fails()
#16 C:\\Users\\Stefan\\Desktop\\Iteh\\EbibliotekaV2\\vendor\\laravel\\framework\\src\\Illuminate\\Foundation\\Providers\\FoundationServiceProvider.php(155): Illuminate\\Validation\\Validator->validate()
#17 C:\\Users\\Stefan\\Desktop\\Iteh\\EbibliotekaV2\\vendor\\laravel\\framework\\src\\Illuminate\\Macroable\\Traits\\Macroable.php(126): Illuminate\\Http\\Request->Illuminate\\Foundation\\Providers\\{closure}(Array)
#18 C:\\Users\\Stefan\\Desktop\\Iteh\\EbibliotekaV2\\app\\Http\\Controllers\\AuthController.php(14): Illuminate\\Http\\Request->__call('validate', Array)
#19 C:\\Users\\Stefan\\Desktop\\Iteh\\EbibliotekaV2\\vendor\\laravel\\framework\\src\\Illuminate\\Routing\\Controller.php(54): App\\Http\\Controllers\\AuthController->register(Object(Illuminate\\Http\\Request))
#20 C:\\Users\\Stefan\\Desktop\\Iteh\\EbibliotekaV2\\vendor\\laravel\\framework\\src\\Illuminate\\Routing\\ControllerDispatcher.php(43): Illuminate\\Routing\\Controller->callAction('register', Array)
#21 C:\\Users\\Stefan\\Desktop\\Iteh\\EbibliotekaV2\\vendor\\laravel\\framework\\src\\Illuminate\\Routing\\Route.php(265): Illuminate\\Routing\\ControllerDispatcher->dispatch(Object(Illuminate\\Routing\\Route), Object(App\\Http\\Controllers\\AuthController), 'register')
#22 C:\\Users\\Stefan\\Desktop\\Iteh\\EbibliotekaV2\\vendor\\laravel\\framework\\src\\Illuminate\\Routing\\Route.php(211): Illuminate\\Routing\\Route->runController()
#23 C:\\Users\\Stefan\\Desktop\\Iteh\\EbibliotekaV2\\vendor\\laravel\\framework\\src\\Illuminate\\Routing\\Router.php(822): Illuminate\\Routing\\Route->run()
#24 C:\\Users\\Stefan\\Desktop\\Iteh\\EbibliotekaV2\\vendor\\laravel\\framework\\src\\Illuminate\\Pipeline\\Pipeline.php(180): Illuminate\\Routing\\Router->Illuminate\\Routing\\{closure}(Object(Illuminate\\Http\\Request))
#25 C:\\Users\\Stefan\\Desktop\\Iteh\\EbibliotekaV2\\vendor\\laravel\\framework\\src\\Illuminate\\Routing\\Middleware\\SubstituteBindings.php(50): Illuminate\\Pipeline\\Pipeline->Illuminate\\Pipeline\\{closure}(Object(Illuminate\\Http\\Request))
#26 C:\\Users\\Stefan\\Desktop\\Iteh\\EbibliotekaV2\\vendor\\laravel\\framework\\src\\Illuminate\\Pipeline\\Pipeline.php(219): Illuminate\\Routing\\Middleware\\SubstituteBindings->handle(Object(Illuminate\\Http\\Request), Object(Closure))
#27 C:\\Users\\Stefan\\Desktop\\Iteh\\EbibliotekaV2\\vendor\\laravel\\framework\\src\\Illuminate\\Pipeline\\Pipeline.php(137): Illuminate\\Pipeline\\Pipeline->Illuminate\\Pipeline\\{closure}(Object(Illuminate\\Http\\Request))
#28 C:\\Users\\Stefan\\Desktop\\Iteh\\EbibliotekaV2\\vendor\\laravel\\framework\\src\\Illuminate\\Routing\\Router.php(821): Illuminate\\Pipeline\\Pipeline->then(Object(Closure))
#29 C:\\Users\\Stefan\\Desktop\\Iteh\\EbibliotekaV2\\vendor\\laravel\\framework\\src\\Illuminate\\Routing\\Router.php(800): Illuminate\\Routing\\Router->runRouteWithinStack(Object(Illuminate\\Routing\\Route), Object(Illuminate\\Http\\Request))
#30 C:\\Users\\Stefan\\Desktop\\Iteh\\EbibliotekaV2\\vendor\\laravel\\framework\\src\\Illuminate\\Routing\\Router.php(764): Illuminate\\Routing\\Router->runRoute(Object(Illuminate\\Http\\Request), Object(Illuminate\\Routing\\Route))
#31 C:\\Users\\Stefan\\Desktop\\Iteh\\EbibliotekaV2\\vendor\\laravel\\framework\\src\\Illuminate\\Routing\\Router.php(753): Illuminate\\Routing\\Router->dispatchToRoute(Object(Illuminate\\Http\\Request))
#32 C:\\Users\\Stefan\\Desktop\\Iteh\\EbibliotekaV2\\vendor\\laravel\\framework\\src\\Illuminate\\Foundation\\Http\\Kernel.php(200): Illuminate\\Routing\\Router->dispatch(Object(Illuminate\\Http\\Request))
#33 C:\\Users\\Stefan\\Desktop\\Iteh\\EbibliotekaV2\\vendor\\laravel\\framework\\src\\Illuminate\\Pipeline\\Pipeline.php(180): Illuminate\\Foundation\\Http\\Kernel->Illuminate\\Foundation\\Http\\{closure}(Object(Illuminate\\Http\\Request))
#34 C:\\Users\\Stefan\\Desktop\\Iteh\\EbibliotekaV2\\vendor\\laravel\\framework\\src\\Illuminate\\Foundation\\Http\\Middleware\\TransformsRequest.php(21): Illuminate\\Pipeline\\Pipeline->Illuminate\\Pipeline\\{closure}(Object(Illuminate\\Http\\Request))
#35 C:\\Users\\Stefan\\Desktop\\Iteh\\EbibliotekaV2\\vendor\\laravel\\framework\\src\\Illuminate\\Foundation\\Http\\Middleware\\ConvertEmptyStringsToNull.php(31): Illuminate\\Foundation\\Http\\Middleware\\TransformsRequest->handle(Object(Illuminate\\Http\\Request), Object(Closure))
#36 C:\\Users\\Stefan\\Desktop\\Iteh\\EbibliotekaV2\\vendor\\laravel\\framework\\src\\Illuminate\\Pipeline\\Pipeline.php(219): Illuminate\\Foundation\\Http\\Middleware\\ConvertEmptyStringsToNull->handle(Object(Illuminate\\Http\\Request), Object(Closure))
#37 C:\\Users\\Stefan\\Desktop\\Iteh\\EbibliotekaV2\\vendor\\laravel\\framework\\src\\Illuminate\\Foundation\\Http\\Middleware\\TransformsRequest.php(21): Illuminate\\Pipeline\\Pipeline->Illuminate\\Pipeline\\{closure}(Object(Illuminate\\Http\\Request))
#38 C:\\Users\\Stefan\\Desktop\\Iteh\\EbibliotekaV2\\vendor\\laravel\\framework\\src\\Illuminate\\Foundation\\Http\\Middleware\\TrimStrings.php(51): Illuminate\\Foundation\\Http\\Middleware\\TransformsRequest->handle(Object(Illuminate\\Http\\Request), Object(Closure))
#39 C:\\Users\\Stefan\\Desktop\\Iteh\\EbibliotekaV2\\vendor\\laravel\\framework\\src\\Illuminate\\Pipeline\\Pipeline.php(219): Illuminate\\Foundation\\Http\\Middleware\\TrimStrings->handle(Object(Illuminate\\Http\\Request), Object(Closure))
#40 C:\\Users\\Stefan\\Desktop\\Iteh\\EbibliotekaV2\\vendor\\laravel\\framework\\src\\Illuminate\\Http\\Middleware\\ValidatePostSize.php(27): Illuminate\\Pipeline\\Pipeline->Illuminate\\Pipeline\\{closure}(Object(Illuminate\\Http\\Request))
#41 C:\\Users\\Stefan\\Desktop\\Iteh\\EbibliotekaV2\\vendor\\laravel\\framework\\src\\Illuminate\\Pipeline\\Pipeline.php(219): Illuminate\\Http\\Middleware\\ValidatePostSize->handle(Object(Illuminate\\Http\\Request), Object(Closure))
#42 C:\\Users\\Stefan\\Desktop\\Iteh\\EbibliotekaV2\\vendor\\laravel\\framework\\src\\Illuminate\\Foundation\\Http\\Middleware\\PreventRequestsDuringMaintenance.php(109): Illuminate\\Pipeline\\Pipeline->Illuminate\\Pipeline\\{closure}(Object(Illuminate\\Http\\Request))
#43 C:\\Users\\Stefan\\Desktop\\Iteh\\EbibliotekaV2\\vendor\\laravel\\framework\\src\\Illuminate\\Pipeline\\Pipeline.php(219): Illuminate\\Foundation\\Http\\Middleware\\PreventRequestsDuringMaintenance->handle(Object(Illuminate\\Http\\Request), Object(Closure))
#44 C:\\Users\\Stefan\\Desktop\\Iteh\\EbibliotekaV2\\vendor\\laravel\\framework\\src\\Illuminate\\Http\\Middleware\\HandleCors.php(61): Illuminate\\Pipeline\\Pipeline->Illuminate\\Pipeline\\{closure}(Object(Illuminate\\Http\\Request))
#45 C:\\Users\\Stefan\\Desktop\\Iteh\\EbibliotekaV2\\vendor\\laravel\\framework\\src\\Illuminate\\Pipeline\\Pipeline.php(219): Illuminate\\Http\\Middleware\\HandleCors->handle(Object(Illuminate\\Http\\Request), Object(Closure))
#46 C:\\Users\\Stefan\\Desktop\\Iteh\\EbibliotekaV2\\vendor\\laravel\\framework\\src\\Illuminate\\Http\\Middleware\\TrustProxies.php(58): Illuminate\\Pipeline\\Pipeline->Illuminate\\Pipeline\\{closure}(Object(Illuminate\\Http\\Request))
#47 C:\\Users\\Stefan\\Desktop\\Iteh\\EbibliotekaV2\\vendor\\laravel\\framework\\src\\Illuminate\\Pipeline\\Pipeline.php(219): Illuminate\\Http\\Middleware\\TrustProxies->handle(Object(Illuminate\\Http\\Request), Object(Closure))
#48 C:\\Users\\Stefan\\Desktop\\Iteh\\EbibliotekaV2\\vendor\\laravel\\framework\\src\\Illuminate\\Foundation\\Http\\Middleware\\InvokeDeferredCallbacks.php(22): Illuminate\\Pipeline\\Pipeline->Illuminate\\Pipeline\\{closure}(Object(Illuminate\\Http\\Request))
#49 C:\\Users\\Stefan\\Desktop\\Iteh\\EbibliotekaV2\\vendor\\laravel\\framework\\src\\Illuminate\\Pipeline\\Pipeline.php(219): Illuminate\\Foundation\\Http\\Middleware\\InvokeDeferredCallbacks->handle(Object(Illuminate\\Http\\Request), Object(Closure))
#50 C:\\Users\\Stefan\\Desktop\\Iteh\\EbibliotekaV2\\vendor\\laravel\\framework\\src\\Illuminate\\Http\\Middleware\\ValidatePathEncoding.php(26): Illuminate\\Pipeline\\Pipeline->Illuminate\\Pipeline\\{closure}(Object(Illuminate\\Http\\Request))
#51 C:\\Users\\Stefan\\Desktop\\Iteh\\EbibliotekaV2\\vendor\\laravel\\framework\\src\\Illuminate\\Pipeline\\Pipeline.php(219): Illuminate\\Http\\Middleware\\ValidatePathEncoding->handle(Object(Illuminate\\Http\\Request), Object(Closure))
#52 C:\\Users\\Stefan\\Desktop\\Iteh\\EbibliotekaV2\\vendor\\laravel\\framework\\src\\Illuminate\\Pipeline\\Pipeline.php(137): Illuminate\\Pipeline\\Pipeline->Illuminate\\Pipeline\\{closure}(Object(Illuminate\\Http\\Request))
#53 C:\\Users\\Stefan\\Desktop\\Iteh\\EbibliotekaV2\\vendor\\laravel\\framework\\src\\Illuminate\\Foundation\\Http\\Kernel.php(175): Illuminate\\Pipeline\\Pipeline->then(Object(Closure))
#54 C:\\Users\\Stefan\\Desktop\\Iteh\\EbibliotekaV2\\vendor\\laravel\\framework\\src\\Illuminate\\Foundation\\Http\\Kernel.php(144): Illuminate\\Foundation\\Http\\Kernel->sendRequestThroughRouter(Object(Illuminate\\Http\\Request))
#55 C:\\Users\\Stefan\\Desktop\\Iteh\\EbibliotekaV2\\vendor\\laravel\\framework\\src\\Illuminate\\Foundation\\Application.php(1219): Illuminate\\Foundation\\Http\\Kernel->handle(Object(Illuminate\\Http\\Request))
#56 C:\\Users\\Stefan\\Desktop\\Iteh\\EbibliotekaV2\\public\\index.php(20): Illuminate\\Foundation\\Application->handleRequest(Object(Illuminate\\Http\\Request))
#57 C:\\Users\\Stefan\\Desktop\\Iteh\\EbibliotekaV2\\vendor\\laravel\\framework\\src\\Illuminate\\Foundation\\resources\\server.php(23): require_once('C:\\\\Users\\\\Stefan...')
#58 {main}
"} 
[2025-09-15 15:30:46] local.ERROR: SQLSTATE[42S22]: Column not found: 1054 Unknown column 'email' in 'where clause' (Connection: mysql, SQL: select count(*) as aggregate from `users` where `email` = test@example.com) {"exception":"[object] (Illuminate\\Database\\QueryException(code: 42S22): SQLSTATE[42S22]: Column not found: 1054 Unknown column 'email' in 'where clause' (Connection: mysql, SQL: select count(*) as aggregate from `users` where `email` = test@example.com) at C:\\Users\\Stefan\\Desktop\\Iteh\\EbibliotekaV2\\vendor\\laravel\\framework\\src\\Illuminate\\Database\\Connection.php:824)
[stacktrace]
#0 C:\\Users\\Stefan\\Desktop\\Iteh\\EbibliotekaV2\\vendor\\laravel\\framework\\src\\Illuminate\\Database\\Connection.php(778): Illuminate\\Database\\Connection->runQueryCallback('select count(*)...', Array, Object(Closure))
#1 C:\\Users\\Stefan\\Desktop\\Iteh\\EbibliotekaV2\\vendor\\laravel\\framework\\src\\Illuminate\\Database\\Connection.php(397): Illuminate\\Database\\Connection->run('select count(*)...', Array, Object(Closure))
#2 C:\\Users\\Stefan\\Desktop\\Iteh\\EbibliotekaV2\\vendor\\laravel\\framework\\src\\Illuminate\\Database\\Query\\Builder.php(3188): Illuminate\\Database\\Connection->select('select count(*)...', Array, false)
#3 C:\\Users\\Stefan\\Desktop\\Iteh\\EbibliotekaV2\\vendor\\laravel\\framework\\src\\Illuminate\\Database\\Query\\Builder.php(3173): Illuminate\\Database\\Query\\Builder->runSelect()
#4 C:\\Users\\Stefan\\Desktop\\Iteh\\EbibliotekaV2\\vendor\\laravel\\framework\\src\\Illuminate\\Database\\Query\\Builder.php(3763): Illuminate\\Database\\Query\\Builder->Illuminate\\Database\\Query\\{closure}()
#5 C:\\Users\\Stefan\\Desktop\\Iteh\\EbibliotekaV2\\vendor\\laravel\\framework\\src\\Illuminate\\Database\\Query\\Builder.php(3172): Illuminate\\Database\\Query\\Builder->onceWithColumns(Array, Object(Closure))
#6 C:\\Users\\Stefan\\Desktop\\Iteh\\EbibliotekaV2\\vendor\\laravel\\framework\\src\\Illuminate\\Database\\Query\\Builder.php(3687): Illuminate\\Database\\Query\\Builder->get(Array)
#7 C:\\Users\\Stefan\\Desktop\\Iteh\\EbibliotekaV2\\vendor\\laravel\\framework\\src\\Illuminate\\Database\\Query\\Builder.php(3615): Illuminate\\Database\\Query\\Builder->aggregate('count', Array)
#8 C:\\Users\\Stefan\\Desktop\\Iteh\\EbibliotekaV2\\vendor\\laravel\\framework\\src\\Illuminate\\Validation\\DatabasePresenceVerifier.php(53): Illuminate\\Database\\Query\\Builder->count()
#9 C:\\Users\\Stefan\\Desktop\\Iteh\\EbibliotekaV2\\vendor\\laravel\\framework\\src\\Illuminate\\Validation\\Concerns\\ValidatesAttributes.php(1061): Illuminate\\Validation\\DatabasePresenceVerifier->getCount('users', 'email', 'test@example.co...', NULL, NULL, Array)
#10 C:\\Users\\Stefan\\Desktop\\Iteh\\EbibliotekaV2\\vendor\\laravel\\framework\\src\\Illuminate\\Validation\\Validator.php(685): Illuminate\\Validation\\Validator->validateUnique('email', 'test@example.co...', Array, Object(Illuminate\\Validation\\Validator))
#11 C:\\Users\\Stefan\\Desktop\\Iteh\\EbibliotekaV2\\vendor\\laravel\\framework\\src\\Illuminate\\Validation\\Validator.php(480): Illuminate\\Validation\\Validator->validateAttribute('email', 'Unique')
#12 C:\\Users\\Stefan\\Desktop\\Iteh\\EbibliotekaV2\\vendor\\laravel\\framework\\src\\Illuminate\\Validation\\Validator.php(515): Illuminate\\Validation\\Validator->passes()
#13 C:\\Users\\Stefan\\Desktop\\Iteh\\EbibliotekaV2\\vendor\\laravel\\framework\\src\\Illuminate\\Validation\\Validator.php(557): Illuminate\\Validation\\Validator->fails()
#14 C:\\Users\\Stefan\\Desktop\\Iteh\\EbibliotekaV2\\vendor\\laravel\\framework\\src\\Illuminate\\Foundation\\Providers\\FoundationServiceProvider.php(155): Illuminate\\Validation\\Validator->validate()
#15 C:\\Users\\Stefan\\Desktop\\Iteh\\EbibliotekaV2\\vendor\\laravel\\framework\\src\\Illuminate\\Macroable\\Traits\\Macroable.php(126): Illuminate\\Http\\Request->Illuminate\\Foundation\\Providers\\{closure}(Array)
#16 C:\\Users\\Stefan\\Desktop\\Iteh\\EbibliotekaV2\\app\\Http\\Controllers\\AuthController.php(14): Illuminate\\Http\\Request->__call('validate', Array)
#17 C:\\Users\\Stefan\\Desktop\\Iteh\\EbibliotekaV2\\vendor\\laravel\\framework\\src\\Illuminate\\Routing\\Controller.php(54): App\\Http\\Controllers\\AuthController->register(Object(Illuminate\\Http\\Request))
#18 C:\\Users\\Stefan\\Desktop\\Iteh\\EbibliotekaV2\\vendor\\laravel\\framework\\src\\Illuminate\\Routing\\ControllerDispatcher.php(43): Illuminate\\Routing\\Controller->callAction('register', Array)
#19 C:\\Users\\Stefan\\Desktop\\Iteh\\EbibliotekaV2\\vendor\\laravel\\framework\\src\\Illuminate\\Routing\\Route.php(265): Illuminate\\Routing\\ControllerDispatcher->dispatch(Object(Illuminate\\Routing\\Route), Object(App\\Http\\Controllers\\AuthController), 'register')
#20 C:\\Users\\Stefan\\Desktop\\Iteh\\EbibliotekaV2\\vendor\\laravel\\framework\\src\\Illuminate\\Routing\\Route.php(211): Illuminate\\Routing\\Route->runController()
#21 C:\\Users\\Stefan\\Desktop\\Iteh\\EbibliotekaV2\\vendor\\laravel\\framework\\src\\Illuminate\\Routing\\Router.php(822): Illuminate\\Routing\\Route->run()
#22 C:\\Users\\Stefan\\Desktop\\Iteh\\EbibliotekaV2\\vendor\\laravel\\framework\\src\\Illuminate\\Pipeline\\Pipeline.php(180): Illuminate\\Routing\\Router->Illuminate\\Routing\\{closure}(Object(Illuminate\\Http\\Request))
#23 C:\\Users\\Stefan\\Desktop\\Iteh\\EbibliotekaV2\\vendor\\laravel\\framework\\src\\Illuminate\\Routing\\Middleware\\SubstituteBindings.php(50): Illuminate\\Pipeline\\Pipeline->Illuminate\\Pipeline\\{closure}(Object(Illuminate\\Http\\Request))
#24 C:\\Users\\Stefan\\Desktop\\Iteh\\EbibliotekaV2\\vendor\\laravel\\framework\\src\\Illuminate\\Pipeline\\Pipeline.php(219): Illuminate\\Routing\\Middleware\\SubstituteBindings->handle(Object(Illuminate\\Http\\Request), Object(Closure))
#25 C:\\Users\\Stefan\\Desktop\\Iteh\\EbibliotekaV2\\vendor\\laravel\\framework\\src\\Illuminate\\Pipeline\\Pipeline.php(137): Illuminate\\Pipeline\\Pipeline->Illuminate\\Pipeline\\{closure}(Object(Illuminate\\Http\\Request))
#26 C:\\Users\\Stefan\\Desktop\\Iteh\\EbibliotekaV2\\vendor\\laravel\\framework\\src\\Illuminate\\Routing\\Router.php(821): Illuminate\\Pipeline\\Pipeline->then(Object(Closure))
#27 C:\\Users\\Stefan\\Desktop\\Iteh\\EbibliotekaV2\\vendor\\laravel\\framework\\src\\Illuminate\\Routing\\Router.php(800): Illuminate\\Routing\\Router->runRouteWithinStack(Object(Illuminate\\Routing\\Route), Object(Illuminate\\Http\\Request))
#28 C:\\Users\\Stefan\\Desktop\\Iteh\\EbibliotekaV2\\vendor\\laravel\\framework\\src\\Illuminate\\Routing\\Router.php(764): Illuminate\\Routing\\Router->runRoute(Object(Illuminate\\Http\\Request), Object(Illuminate\\Routing\\Route))
#29 C:\\Users\\Stefan\\Desktop\\Iteh\\EbibliotekaV2\\vendor\\laravel\\framework\\src\\Illuminate\\Routing\\Router.php(753): Illuminate\\Routing\\Router->dispatchToRoute(Object(Illuminate\\Http\\Request))
#30 C:\\Users\\Stefan\\Desktop\\Iteh\\EbibliotekaV2\\vendor\\laravel\\framework\\src\\Illuminate\\Foundation\\Http\\Kernel.php(200): Illuminate\\Routing\\Router->dispatch(Object(Illuminate\\Http\\Request))
#31 C:\\Users\\Stefan\\Desktop\\Iteh\\EbibliotekaV2\\vendor\\laravel\\framework\\src\\Illuminate\\Pipeline\\Pipeline.php(180): Illuminate\\Foundation\\Http\\Kernel->Illuminate\\Foundation\\Http\\{closure}(Object(Illuminate\\Http\\Request))
#32 C:\\Users\\Stefan\\Desktop\\Iteh\\EbibliotekaV2\\vendor\\laravel\\framework\\src\\Illuminate\\Foundation\\Http\\Middleware\\TransformsRequest.php(21): Illuminate\\Pipeline\\Pipeline->Illuminate\\Pipeline\\{closure}(Object(Illuminate\\Http\\Request))
#33 C:\\Users\\Stefan\\Desktop\\Iteh\\EbibliotekaV2\\vendor\\laravel\\framework\\src\\Illuminate\\Foundation\\Http\\Middleware\\ConvertEmptyStringsToNull.php(31): Illuminate\\Foundation\\Http\\Middleware\\TransformsRequest->handle(Object(Illuminate\\Http\\Request), Object(Closure))
#34 C:\\Users\\Stefan\\Desktop\\Iteh\\EbibliotekaV2\\vendor\\laravel\\framework\\src\\Illuminate\\Pipeline\\Pipeline.php(219): Illuminate\\Foundation\\Http\\Middleware\\ConvertEmptyStringsToNull->handle(Object(Illuminate\\Http\\Request), Object(Closure))
#35 C:\\Users\\Stefan\\Desktop\\Iteh\\EbibliotekaV2\\vendor\\laravel\\framework\\src\\Illuminate\\Foundation\\Http\\Middleware\\TransformsRequest.php(21): Illuminate\\Pipeline\\Pipeline->Illuminate\\Pipeline\\{closure}(Object(Illuminate\\Http\\Request))
#36 C:\\Users\\Stefan\\Desktop\\Iteh\\EbibliotekaV2\\vendor\\laravel\\framework\\src\\Illuminate\\Foundation\\Http\\Middleware\\TrimStrings.php(51): Illuminate\\Foundation\\Http\\Middleware\\TransformsRequest->handle(Object(Illuminate\\Http\\Request), Object(Closure))
#37 C:\\Users\\Stefan\\Desktop\\Iteh\\EbibliotekaV2\\vendor\\laravel\\framework\\src\\Illuminate\\Pipeline\\Pipeline.php(219): Illuminate\\Foundation\\Http\\Middleware\\TrimStrings->handle(Object(Illuminate\\Http\\Request), Object(Closure))
#38 C:\\Users\\Stefan\\Desktop\\Iteh\\EbibliotekaV2\\vendor\\laravel\\framework\\src\\Illuminate\\Http\\Middleware\\ValidatePostSize.php(27): Illuminate\\Pipeline\\Pipeline->Illuminate\\Pipeline\\{closure}(Object(Illuminate\\Http\\Request))
#39 C:\\Users\\Stefan\\Desktop\\Iteh\\EbibliotekaV2\\vendor\\laravel\\framework\\src\\Illuminate\\Pipeline\\Pipeline.php(219): Illuminate\\Http\\Middleware\\ValidatePostSize->handle(Object(Illuminate\\Http\\Request), Object(Closure))
#40 C:\\Users\\Stefan\\Desktop\\Iteh\\EbibliotekaV2\\vendor\\laravel\\framework\\src\\Illuminate\\Foundation\\Http\\Middleware\\PreventRequestsDuringMaintenance.php(109): Illuminate\\Pipeline\\Pipeline->Illuminate\\Pipeline\\{closure}(Object(Illuminate\\Http\\Request))
#41 C:\\Users\\Stefan\\Desktop\\Iteh\\EbibliotekaV2\\vendor\\laravel\\framework\\src\\Illuminate\\Pipeline\\Pipeline.php(219): Illuminate\\Foundation\\Http\\Middleware\\PreventRequestsDuringMaintenance->handle(Object(Illuminate\\Http\\Request), Object(Closure))
#42 C:\\Users\\Stefan\\Desktop\\Iteh\\EbibliotekaV2\\vendor\\laravel\\framework\\src\\Illuminate\\Http\\Middleware\\HandleCors.php(61): Illuminate\\Pipeline\\Pipeline->Illuminate\\Pipeline\\{closure}(Object(Illuminate\\Http\\Request))
#43 C:\\Users\\Stefan\\Desktop\\Iteh\\EbibliotekaV2\\vendor\\laravel\\framework\\src\\Illuminate\\Pipeline\\Pipeline.php(219): Illuminate\\Http\\Middleware\\HandleCors->handle(Object(Illuminate\\Http\\Request), Object(Closure))
#44 C:\\Users\\Stefan\\Desktop\\Iteh\\EbibliotekaV2\\vendor\\laravel\\framework\\src\\Illuminate\\Http\\Middleware\\TrustProxies.php(58): Illuminate\\Pipeline\\Pipeline->Illuminate\\Pipeline\\{closure}(Object(Illuminate\\Http\\Request))
#45 C:\\Users\\Stefan\\Desktop\\Iteh\\EbibliotekaV2\\vendor\\laravel\\framework\\src\\Illuminate\\Pipeline\\Pipeline.php(219): Illuminate\\Http\\Middleware\\TrustProxies->handle(Object(Illuminate\\Http\\Request), Object(Closure))
#46 C:\\Users\\Stefan\\Desktop\\Iteh\\EbibliotekaV2\\vendor\\laravel\\framework\\src\\Illuminate\\Foundation\\Http\\Middleware\\InvokeDeferredCallbacks.php(22): Illuminate\\Pipeline\\Pipeline->Illuminate\\Pipeline\\{closure}(Object(Illuminate\\Http\\Request))
#47 C:\\Users\\Stefan\\Desktop\\Iteh\\EbibliotekaV2\\vendor\\laravel\\framework\\src\\Illuminate\\Pipeline\\Pipeline.php(219): Illuminate\\Foundation\\Http\\Middleware\\InvokeDeferredCallbacks->handle(Object(Illuminate\\Http\\Request), Object(Closure))
#48 C:\\Users\\Stefan\\Desktop\\Iteh\\EbibliotekaV2\\vendor\\laravel\\framework\\src\\Illuminate\\Http\\Middleware\\ValidatePathEncoding.php(26): Illuminate\\Pipeline\\Pipeline->Illuminate\\Pipeline\\{closure}(Object(Illuminate\\Http\\Request))
#49 C:\\Users\\Stefan\\Desktop\\Iteh\\EbibliotekaV2\\vendor\\laravel\\framework\\src\\Illuminate\\Pipeline\\Pipeline.php(219): Illuminate\\Http\\Middleware\\ValidatePathEncoding->handle(Object(Illuminate\\Http\\Request), Object(Closure))
#50 C:\\Users\\Stefan\\Desktop\\Iteh\\EbibliotekaV2\\vendor\\laravel\\framework\\src\\Illuminate\\Pipeline\\Pipeline.php(137): Illuminate\\Pipeline\\Pipeline->Illuminate\\Pipeline\\{closure}(Object(Illuminate\\Http\\Request))
#51 C:\\Users\\Stefan\\Desktop\\Iteh\\EbibliotekaV2\\vendor\\laravel\\framework\\src\\Illuminate\\Foundation\\Http\\Kernel.php(175): Illuminate\\Pipeline\\Pipeline->then(Object(Closure))
#52 C:\\Users\\Stefan\\Desktop\\Iteh\\EbibliotekaV2\\vendor\\laravel\\framework\\src\\Illuminate\\Foundation\\Http\\Kernel.php(144): Illuminate\\Foundation\\Http\\Kernel->sendRequestThroughRouter(Object(Illuminate\\Http\\Request))
#53 C:\\Users\\Stefan\\Desktop\\Iteh\\EbibliotekaV2\\vendor\\laravel\\framework\\src\\Illuminate\\Foundation\\Application.php(1219): Illuminate\\Foundation\\Http\\Kernel->handle(Object(Illuminate\\Http\\Request))
#54 C:\\Users\\Stefan\\Desktop\\Iteh\\EbibliotekaV2\\public\\index.php(20): Illuminate\\Foundation\\Application->handleRequest(Object(Illuminate\\Http\\Request))
#55 C:\\Users\\Stefan\\Desktop\\Iteh\\EbibliotekaV2\\vendor\\laravel\\framework\\src\\Illuminate\\Foundation\\resources\\server.php(23): require_once('C:\\\\Users\\\\Stefan...')
#56 {main}

[previous exception] [object] (PDOException(code: 42S22): SQLSTATE[42S22]: Column not found: 1054 Unknown column 'email' in 'where clause' at C:\\Users\\Stefan\\Desktop\\Iteh\\EbibliotekaV2\\vendor\\laravel\\framework\\src\\Illuminate\\Database\\Connection.php:406)
[stacktrace]
#0 C:\\Users\\Stefan\\Desktop\\Iteh\\EbibliotekaV2\\vendor\\laravel\\framework\\src\\Illuminate\\Database\\Connection.php(406): PDO->prepare('select count(*)...')
#1 C:\\Users\\Stefan\\Desktop\\Iteh\\EbibliotekaV2\\vendor\\laravel\\framework\\src\\Illuminate\\Database\\Connection.php(811): Illuminate\\Database\\Connection->Illuminate\\Database\\{closure}('select count(*)...', Array)
#2 C:\\Users\\Stefan\\Desktop\\Iteh\\EbibliotekaV2\\vendor\\laravel\\framework\\src\\Illuminate\\Database\\Connection.php(778): Illuminate\\Database\\Connection->runQueryCallback('select count(*)...', Array, Object(Closure))
#3 C:\\Users\\Stefan\\Desktop\\Iteh\\EbibliotekaV2\\vendor\\laravel\\framework\\src\\Illuminate\\Database\\Connection.php(397): Illuminate\\Database\\Connection->run('select count(*)...', Array, Object(Closure))
#4 C:\\Users\\Stefan\\Desktop\\Iteh\\EbibliotekaV2\\vendor\\laravel\\framework\\src\\Illuminate\\Database\\Query\\Builder.php(3188): Illuminate\\Database\\Connection->select('select count(*)...', Array, false)
#5 C:\\Users\\Stefan\\Desktop\\Iteh\\EbibliotekaV2\\vendor\\laravel\\framework\\src\\Illuminate\\Database\\Query\\Builder.php(3173): Illuminate\\Database\\Query\\Builder->runSelect()
#6 C:\\Users\\Stefan\\Desktop\\Iteh\\EbibliotekaV2\\vendor\\laravel\\framework\\src\\Illuminate\\Database\\Query\\Builder.php(3763): Illuminate\\Database\\Query\\Builder->Illuminate\\Database\\Query\\{closure}()
#7 C:\\Users\\Stefan\\Desktop\\Iteh\\EbibliotekaV2\\vendor\\laravel\\framework\\src\\Illuminate\\Database\\Query\\Builder.php(3172): Illuminate\\Database\\Query\\Builder->onceWithColumns(Array, Object(Closure))
#8 C:\\Users\\Stefan\\Desktop\\Iteh\\EbibliotekaV2\\vendor\\laravel\\framework\\src\\Illuminate\\Database\\Query\\Builder.php(3687): Illuminate\\Database\\Query\\Builder->get(Array)
#9 C:\\Users\\Stefan\\Desktop\\Iteh\\EbibliotekaV2\\vendor\\laravel\\framework\\src\\Illuminate\\Database\\Query\\Builder.php(3615): Illuminate\\Database\\Query\\Builder->aggregate('count', Array)
#10 C:\\Users\\Stefan\\Desktop\\Iteh\\EbibliotekaV2\\vendor\\laravel\\framework\\src\\Illuminate\\Validation\\DatabasePresenceVerifier.php(53): Illuminate\\Database\\Query\\Builder->count()
#11 C:\\Users\\Stefan\\Desktop\\Iteh\\EbibliotekaV2\\vendor\\laravel\\framework\\src\\Illuminate\\Validation\\Concerns\\ValidatesAttributes.php(1061): Illuminate\\Validation\\DatabasePresenceVerifier->getCount('users', 'email', 'test@example.co...', NULL, NULL, Array)
#12 C:\\Users\\Stefan\\Desktop\\Iteh\\EbibliotekaV2\\vendor\\laravel\\framework\\src\\Illuminate\\Validation\\Validator.php(685): Illuminate\\Validation\\Validator->validateUnique('email', 'test@example.co...', Array, Object(Illuminate\\Validation\\Validator))
#13 C:\\Users\\Stefan\\Desktop\\Iteh\\EbibliotekaV2\\vendor\\laravel\\framework\\src\\Illuminate\\Validation\\Validator.php(480): Illuminate\\Validation\\Validator->validateAttribute('email', 'Unique')
#14 C:\\Users\\Stefan\\Desktop\\Iteh\\EbibliotekaV2\\vendor\\laravel\\framework\\src\\Illuminate\\Validation\\Validator.php(515): Illuminate\\Validation\\Validator->passes()
#15 C:\\Users\\Stefan\\Desktop\\Iteh\\EbibliotekaV2\\vendor\\laravel\\framework\\src\\Illuminate\\Validation\\Validator.php(557): Illuminate\\Validation\\Validator->fails()
#16 C:\\Users\\Stefan\\Desktop\\Iteh\\EbibliotekaV2\\vendor\\laravel\\framework\\src\\Illuminate\\Foundation\\Providers\\FoundationServiceProvider.php(155): Illuminate\\Validation\\Validator->validate()
#17 C:\\Users\\Stefan\\Desktop\\Iteh\\EbibliotekaV2\\vendor\\laravel\\framework\\src\\Illuminate\\Macroable\\Traits\\Macroable.php(126): Illuminate\\Http\\Request->Illuminate\\Foundation\\Providers\\{closure}(Array)
#18 C:\\Users\\Stefan\\Desktop\\Iteh\\EbibliotekaV2\\app\\Http\\Controllers\\AuthController.php(14): Illuminate\\Http\\Request->__call('validate', Array)
#19 C:\\Users\\Stefan\\Desktop\\Iteh\\EbibliotekaV2\\vendor\\laravel\\framework\\src\\Illuminate\\Routing\\Controller.php(54): App\\Http\\Controllers\\AuthController->register(Object(Illuminate\\Http\\Request))
#20 C:\\Users\\Stefan\\Desktop\\Iteh\\EbibliotekaV2\\vendor\\laravel\\framework\\src\\Illuminate\\Routing\\ControllerDispatcher.php(43): Illuminate\\Routing\\Controller->callAction('register', Array)
#21 C:\\Users\\Stefan\\Desktop\\Iteh\\EbibliotekaV2\\vendor\\laravel\\framework\\src\\Illuminate\\Routing\\Route.php(265): Illuminate\\Routing\\ControllerDispatcher->dispatch(Object(Illuminate\\Routing\\Route), Object(App\\Http\\Controllers\\AuthController), 'register')
#22 C:\\Users\\Stefan\\Desktop\\Iteh\\EbibliotekaV2\\vendor\\laravel\\framework\\src\\Illuminate\\Routing\\Route.php(211): Illuminate\\Routing\\Route->runController()
#23 C:\\Users\\Stefan\\Desktop\\Iteh\\EbibliotekaV2\\vendor\\laravel\\framework\\src\\Illuminate\\Routing\\Router.php(822): Illuminate\\Routing\\Route->run()
#24 C:\\Users\\Stefan\\Desktop\\Iteh\\EbibliotekaV2\\vendor\\laravel\\framework\\src\\Illuminate\\Pipeline\\Pipeline.php(180): Illuminate\\Routing\\Router->Illuminate\\Routing\\{closure}(Object(Illuminate\\Http\\Request))
#25 C:\\Users\\Stefan\\Desktop\\Iteh\\EbibliotekaV2\\vendor\\laravel\\framework\\src\\Illuminate\\Routing\\Middleware\\SubstituteBindings.php(50): Illuminate\\Pipeline\\Pipeline->Illuminate\\Pipeline\\{closure}(Object(Illuminate\\Http\\Request))
#26 C:\\Users\\Stefan\\Desktop\\Iteh\\EbibliotekaV2\\vendor\\laravel\\framework\\src\\Illuminate\\Pipeline\\Pipeline.php(219): Illuminate\\Routing\\Middleware\\SubstituteBindings->handle(Object(Illuminate\\Http\\Request), Object(Closure))
#27 C:\\Users\\Stefan\\Desktop\\Iteh\\EbibliotekaV2\\vendor\\laravel\\framework\\src\\Illuminate\\Pipeline\\Pipeline.php(137): Illuminate\\Pipeline\\Pipeline->Illuminate\\Pipeline\\{closure}(Object(Illuminate\\Http\\Request))
#28 C:\\Users\\Stefan\\Desktop\\Iteh\\EbibliotekaV2\\vendor\\laravel\\framework\\src\\Illuminate\\Routing\\Router.php(821): Illuminate\\Pipeline\\Pipeline->then(Object(Closure))
#29 C:\\Users\\Stefan\\Desktop\\Iteh\\EbibliotekaV2\\vendor\\laravel\\framework\\src\\Illuminate\\Routing\\Router.php(800): Illuminate\\Routing\\Router->runRouteWithinStack(Object(Illuminate\\Routing\\Route), Object(Illuminate\\Http\\Request))
#30 C:\\Users\\Stefan\\Desktop\\Iteh\\EbibliotekaV2\\vendor\\laravel\\framework\\src\\Illuminate\\Routing\\Router.php(764): Illuminate\\Routing\\Router->runRoute(Object(Illuminate\\Http\\Request), Object(Illuminate\\Routing\\Route))
#31 C:\\Users\\Stefan\\Desktop\\Iteh\\EbibliotekaV2\\vendor\\laravel\\framework\\src\\Illuminate\\Routing\\Router.php(753): Illuminate\\Routing\\Router->dispatchToRoute(Object(Illuminate\\Http\\Request))
#32 C:\\Users\\Stefan\\Desktop\\Iteh\\EbibliotekaV2\\vendor\\laravel\\framework\\src\\Illuminate\\Foundation\\Http\\Kernel.php(200): Illuminate\\Routing\\Router->dispatch(Object(Illuminate\\Http\\Request))
#33 C:\\Users\\Stefan\\Desktop\\Iteh\\EbibliotekaV2\\vendor\\laravel\\framework\\src\\Illuminate\\Pipeline\\Pipeline.php(180): Illuminate\\Foundation\\Http\\Kernel->Illuminate\\Foundation\\Http\\{closure}(Object(Illuminate\\Http\\Request))
#34 C:\\Users\\Stefan\\Desktop\\Iteh\\EbibliotekaV2\\vendor\\laravel\\framework\\src\\Illuminate\\Foundation\\Http\\Middleware\\TransformsRequest.php(21): Illuminate\\Pipeline\\Pipeline->Illuminate\\Pipeline\\{closure}(Object(Illuminate\\Http\\Request))
#35 C:\\Users\\Stefan\\Desktop\\Iteh\\EbibliotekaV2\\vendor\\laravel\\framework\\src\\Illuminate\\Foundation\\Http\\Middleware\\ConvertEmptyStringsToNull.php(31): Illuminate\\Foundation\\Http\\Middleware\\TransformsRequest->handle(Object(Illuminate\\Http\\Request), Object(Closure))
#36 C:\\Users\\Stefan\\Desktop\\Iteh\\EbibliotekaV2\\vendor\\laravel\\framework\\src\\Illuminate\\Pipeline\\Pipeline.php(219): Illuminate\\Foundation\\Http\\Middleware\\ConvertEmptyStringsToNull->handle(Object(Illuminate\\Http\\Request), Object(Closure))
#37 C:\\Users\\Stefan\\Desktop\\Iteh\\EbibliotekaV2\\vendor\\laravel\\framework\\src\\Illuminate\\Foundation\\Http\\Middleware\\TransformsRequest.php(21): Illuminate\\Pipeline\\Pipeline->Illuminate\\Pipeline\\{closure}(Object(Illuminate\\Http\\Request))
#38 C:\\Users\\Stefan\\Desktop\\Iteh\\EbibliotekaV2\\vendor\\laravel\\framework\\src\\Illuminate\\Foundation\\Http\\Middleware\\TrimStrings.php(51): Illuminate\\Foundation\\Http\\Middleware\\TransformsRequest->handle(Object(Illuminate\\Http\\Request), Object(Closure))
#39 C:\\Users\\Stefan\\Desktop\\Iteh\\EbibliotekaV2\\vendor\\laravel\\framework\\src\\Illuminate\\Pipeline\\Pipeline.php(219): Illuminate\\Foundation\\Http\\Middleware\\TrimStrings->handle(Object(Illuminate\\Http\\Request), Object(Closure))
#40 C:\\Users\\Stefan\\Desktop\\Iteh\\EbibliotekaV2\\vendor\\laravel\\framework\\src\\Illuminate\\Http\\Middleware\\ValidatePostSize.php(27): Illuminate\\Pipeline\\Pipeline->Illuminate\\Pipeline\\{closure}(Object(Illuminate\\Http\\Request))
#41 C:\\Users\\Stefan\\Desktop\\Iteh\\EbibliotekaV2\\vendor\\laravel\\framework\\src\\Illuminate\\Pipeline\\Pipeline.php(219): Illuminate\\Http\\Middleware\\ValidatePostSize->handle(Object(Illuminate\\Http\\Request), Object(Closure))
#42 C:\\Users\\Stefan\\Desktop\\Iteh\\EbibliotekaV2\\vendor\\laravel\\framework\\src\\Illuminate\\Foundation\\Http\\Middleware\\PreventRequestsDuringMaintenance.php(109): Illuminate\\Pipeline\\Pipeline->Illuminate\\Pipeline\\{closure}(Object(Illuminate\\Http\\Request))
#43 C:\\Users\\Stefan\\Desktop\\Iteh\\EbibliotekaV2\\vendor\\laravel\\framework\\src\\Illuminate\\Pipeline\\Pipeline.php(219): Illuminate\\Foundation\\Http\\Middleware\\PreventRequestsDuringMaintenance->handle(Object(Illuminate\\Http\\Request), Object(Closure))
#44 C:\\Users\\Stefan\\Desktop\\Iteh\\EbibliotekaV2\\vendor\\laravel\\framework\\src\\Illuminate\\Http\\Middleware\\HandleCors.php(61): Illuminate\\Pipeline\\Pipeline->Illuminate\\Pipeline\\{closure}(Object(Illuminate\\Http\\Request))
#45 C:\\Users\\Stefan\\Desktop\\Iteh\\EbibliotekaV2\\vendor\\laravel\\framework\\src\\Illuminate\\Pipeline\\Pipeline.php(219): Illuminate\\Http\\Middleware\\HandleCors->handle(Object(Illuminate\\Http\\Request), Object(Closure))
#46 C:\\Users\\Stefan\\Desktop\\Iteh\\EbibliotekaV2\\vendor\\laravel\\framework\\src\\Illuminate\\Http\\Middleware\\TrustProxies.php(58): Illuminate\\Pipeline\\Pipeline->Illuminate\\Pipeline\\{closure}(Object(Illuminate\\Http\\Request))
#47 C:\\Users\\Stefan\\Desktop\\Iteh\\EbibliotekaV2\\vendor\\laravel\\framework\\src\\Illuminate\\Pipeline\\Pipeline.php(219): Illuminate\\Http\\Middleware\\TrustProxies->handle(Object(Illuminate\\Http\\Request), Object(Closure))
#48 C:\\Users\\Stefan\\Desktop\\Iteh\\EbibliotekaV2\\vendor\\laravel\\framework\\src\\Illuminate\\Foundation\\Http\\Middleware\\InvokeDeferredCallbacks.php(22): Illuminate\\Pipeline\\Pipeline->Illuminate\\Pipeline\\{closure}(Object(Illuminate\\Http\\Request))
#49 C:\\Users\\Stefan\\Desktop\\Iteh\\EbibliotekaV2\\vendor\\laravel\\framework\\src\\Illuminate\\Pipeline\\Pipeline.php(219): Illuminate\\Foundation\\Http\\Middleware\\InvokeDeferredCallbacks->handle(Object(Illuminate\\Http\\Request), Object(Closure))
#50 C:\\Users\\Stefan\\Desktop\\Iteh\\EbibliotekaV2\\vendor\\laravel\\framework\\src\\Illuminate\\Http\\Middleware\\ValidatePathEncoding.php(26): Illuminate\\Pipeline\\Pipeline->Illuminate\\Pipeline\\{closure}(Object(Illuminate\\Http\\Request))
#51 C:\\Users\\Stefan\\Desktop\\Iteh\\EbibliotekaV2\\vendor\\laravel\\framework\\src\\Illuminate\\Pipeline\\Pipeline.php(219): Illuminate\\Http\\Middleware\\ValidatePathEncoding->handle(Object(Illuminate\\Http\\Request), Object(Closure))
#52 C:\\Users\\Stefan\\Desktop\\Iteh\\EbibliotekaV2\\vendor\\laravel\\framework\\src\\Illuminate\\Pipeline\\Pipeline.php(137): Illuminate\\Pipeline\\Pipeline->Illuminate\\Pipeline\\{closure}(Object(Illuminate\\Http\\Request))
#53 C:\\Users\\Stefan\\Desktop\\Iteh\\EbibliotekaV2\\vendor\\laravel\\framework\\src\\Illuminate\\Foundation\\Http\\Kernel.php(175): Illuminate\\Pipeline\\Pipeline->then(Object(Closure))
#54 C:\\Users\\Stefan\\Desktop\\Iteh\\EbibliotekaV2\\vendor\\laravel\\framework\\src\\Illuminate\\Foundation\\Http\\Kernel.php(144): Illuminate\\Foundation\\Http\\Kernel->sendRequestThroughRouter(Object(Illuminate\\Http\\Request))
#55 C:\\Users\\Stefan\\Desktop\\Iteh\\EbibliotekaV2\\vendor\\laravel\\framework\\src\\Illuminate\\Foundation\\Application.php(1219): Illuminate\\Foundation\\Http\\Kernel->handle(Object(Illuminate\\Http\\Request))
#56 C:\\Users\\Stefan\\Desktop\\Iteh\\EbibliotekaV2\\public\\index.php(20): Illuminate\\Foundation\\Application->handleRequest(Object(Illuminate\\Http\\Request))
#57 C:\\Users\\Stefan\\Desktop\\Iteh\\EbibliotekaV2\\vendor\\laravel\\framework\\src\\Illuminate\\Foundation\\resources\\server.php(23): require_once('C:\\\\Users\\\\Stefan...')
#58 {main}
"} 
[2025-09-15 15:31:45] local.ERROR: SQLSTATE[42S22]: Column not found: 1054 Unknown column 'email' in 'where clause' (Connection: mysql, SQL: select count(*) as aggregate from `users` where `email` = test@example.com) {"exception":"[object] (Illuminate\\Database\\QueryException(code: 42S22): SQLSTATE[42S22]: Column not found: 1054 Unknown column 'email' in 'where clause' (Connection: mysql, SQL: select count(*) as aggregate from `users` where `email` = test@example.com) at C:\\Users\\Stefan\\Desktop\\Iteh\\EbibliotekaV2\\vendor\\laravel\\framework\\src\\Illuminate\\Database\\Connection.php:824)
[stacktrace]
#0 C:\\Users\\Stefan\\Desktop\\Iteh\\EbibliotekaV2\\vendor\\laravel\\framework\\src\\Illuminate\\Database\\Connection.php(778): Illuminate\\Database\\Connection->runQueryCallback('select count(*)...', Array, Object(Closure))
#1 C:\\Users\\Stefan\\Desktop\\Iteh\\EbibliotekaV2\\vendor\\laravel\\framework\\src\\Illuminate\\Database\\Connection.php(397): Illuminate\\Database\\Connection->run('select count(*)...', Array, Object(Closure))
#2 C:\\Users\\Stefan\\Desktop\\Iteh\\EbibliotekaV2\\vendor\\laravel\\framework\\src\\Illuminate\\Database\\Query\\Builder.php(3188): Illuminate\\Database\\Connection->select('select count(*)...', Array, false)
#3 C:\\Users\\Stefan\\Desktop\\Iteh\\EbibliotekaV2\\vendor\\laravel\\framework\\src\\Illuminate\\Database\\Query\\Builder.php(3173): Illuminate\\Database\\Query\\Builder->runSelect()
#4 C:\\Users\\Stefan\\Desktop\\Iteh\\EbibliotekaV2\\vendor\\laravel\\framework\\src\\Illuminate\\Database\\Query\\Builder.php(3763): Illuminate\\Database\\Query\\Builder->Illuminate\\Database\\Query\\{closure}()
#5 C:\\Users\\Stefan\\Desktop\\Iteh\\EbibliotekaV2\\vendor\\laravel\\framework\\src\\Illuminate\\Database\\Query\\Builder.php(3172): Illuminate\\Database\\Query\\Builder->onceWithColumns(Array, Object(Closure))
#6 C:\\Users\\Stefan\\Desktop\\Iteh\\EbibliotekaV2\\vendor\\laravel\\framework\\src\\Illuminate\\Database\\Query\\Builder.php(3687): Illuminate\\Database\\Query\\Builder->get(Array)
#7 C:\\Users\\Stefan\\Desktop\\Iteh\\EbibliotekaV2\\vendor\\laravel\\framework\\src\\Illuminate\\Database\\Query\\Builder.php(3615): Illuminate\\Database\\Query\\Builder->aggregate('count', Array)
#8 C:\\Users\\Stefan\\Desktop\\Iteh\\EbibliotekaV2\\vendor\\laravel\\framework\\src\\Illuminate\\Validation\\DatabasePresenceVerifier.php(53): Illuminate\\Database\\Query\\Builder->count()
#9 C:\\Users\\Stefan\\Desktop\\Iteh\\EbibliotekaV2\\vendor\\laravel\\framework\\src\\Illuminate\\Validation\\Concerns\\ValidatesAttributes.php(1061): Illuminate\\Validation\\DatabasePresenceVerifier->getCount('users', 'email', 'test@example.co...', NULL, NULL, Array)
#10 C:\\Users\\Stefan\\Desktop\\Iteh\\EbibliotekaV2\\vendor\\laravel\\framework\\src\\Illuminate\\Validation\\Validator.php(685): Illuminate\\Validation\\Validator->validateUnique('email', 'test@example.co...', Array, Object(Illuminate\\Validation\\Validator))
#11 C:\\Users\\Stefan\\Desktop\\Iteh\\EbibliotekaV2\\vendor\\laravel\\framework\\src\\Illuminate\\Validation\\Validator.php(480): Illuminate\\Validation\\Validator->validateAttribute('email', 'Unique')
#12 C:\\Users\\Stefan\\Desktop\\Iteh\\EbibliotekaV2\\vendor\\laravel\\framework\\src\\Illuminate\\Validation\\Validator.php(515): Illuminate\\Validation\\Validator->passes()
#13 C:\\Users\\Stefan\\Desktop\\Iteh\\EbibliotekaV2\\vendor\\laravel\\framework\\src\\Illuminate\\Validation\\Validator.php(557): Illuminate\\Validation\\Validator->fails()
#14 C:\\Users\\Stefan\\Desktop\\Iteh\\EbibliotekaV2\\vendor\\laravel\\framework\\src\\Illuminate\\Foundation\\Providers\\FoundationServiceProvider.php(155): Illuminate\\Validation\\Validator->validate()
#15 C:\\Users\\Stefan\\Desktop\\Iteh\\EbibliotekaV2\\vendor\\laravel\\framework\\src\\Illuminate\\Macroable\\Traits\\Macroable.php(126): Illuminate\\Http\\Request->Illuminate\\Foundation\\Providers\\{closure}(Array)
#16 C:\\Users\\Stefan\\Desktop\\Iteh\\EbibliotekaV2\\app\\Http\\Controllers\\AuthController.php(14): Illuminate\\Http\\Request->__call('validate', Array)
#17 C:\\Users\\Stefan\\Desktop\\Iteh\\EbibliotekaV2\\vendor\\laravel\\framework\\src\\Illuminate\\Routing\\Controller.php(54): App\\Http\\Controllers\\AuthController->register(Object(Illuminate\\Http\\Request))
#18 C:\\Users\\Stefan\\Desktop\\Iteh\\EbibliotekaV2\\vendor\\laravel\\framework\\src\\Illuminate\\Routing\\ControllerDispatcher.php(43): Illuminate\\Routing\\Controller->callAction('register', Array)
#19 C:\\Users\\Stefan\\Desktop\\Iteh\\EbibliotekaV2\\vendor\\laravel\\framework\\src\\Illuminate\\Routing\\Route.php(265): Illuminate\\Routing\\ControllerDispatcher->dispatch(Object(Illuminate\\Routing\\Route), Object(App\\Http\\Controllers\\AuthController), 'register')
#20 C:\\Users\\Stefan\\Desktop\\Iteh\\EbibliotekaV2\\vendor\\laravel\\framework\\src\\Illuminate\\Routing\\Route.php(211): Illuminate\\Routing\\Route->runController()
#21 C:\\Users\\Stefan\\Desktop\\Iteh\\EbibliotekaV2\\vendor\\laravel\\framework\\src\\Illuminate\\Routing\\Router.php(822): Illuminate\\Routing\\Route->run()
#22 C:\\Users\\Stefan\\Desktop\\Iteh\\EbibliotekaV2\\vendor\\laravel\\framework\\src\\Illuminate\\Pipeline\\Pipeline.php(180): Illuminate\\Routing\\Router->Illuminate\\Routing\\{closure}(Object(Illuminate\\Http\\Request))
#23 C:\\Users\\Stefan\\Desktop\\Iteh\\EbibliotekaV2\\vendor\\laravel\\framework\\src\\Illuminate\\Routing\\Middleware\\SubstituteBindings.php(50): Illuminate\\Pipeline\\Pipeline->Illuminate\\Pipeline\\{closure}(Object(Illuminate\\Http\\Request))
#24 C:\\Users\\Stefan\\Desktop\\Iteh\\EbibliotekaV2\\vendor\\laravel\\framework\\src\\Illuminate\\Pipeline\\Pipeline.php(219): Illuminate\\Routing\\Middleware\\SubstituteBindings->handle(Object(Illuminate\\Http\\Request), Object(Closure))
#25 C:\\Users\\Stefan\\Desktop\\Iteh\\EbibliotekaV2\\vendor\\laravel\\framework\\src\\Illuminate\\Pipeline\\Pipeline.php(137): Illuminate\\Pipeline\\Pipeline->Illuminate\\Pipeline\\{closure}(Object(Illuminate\\Http\\Request))
#26 C:\\Users\\Stefan\\Desktop\\Iteh\\EbibliotekaV2\\vendor\\laravel\\framework\\src\\Illuminate\\Routing\\Router.php(821): Illuminate\\Pipeline\\Pipeline->then(Object(Closure))
#27 C:\\Users\\Stefan\\Desktop\\Iteh\\EbibliotekaV2\\vendor\\laravel\\framework\\src\\Illuminate\\Routing\\Router.php(800): Illuminate\\Routing\\Router->runRouteWithinStack(Object(Illuminate\\Routing\\Route), Object(Illuminate\\Http\\Request))
#28 C:\\Users\\Stefan\\Desktop\\Iteh\\EbibliotekaV2\\vendor\\laravel\\framework\\src\\Illuminate\\Routing\\Router.php(764): Illuminate\\Routing\\Router->runRoute(Object(Illuminate\\Http\\Request), Object(Illuminate\\Routing\\Route))
#29 C:\\Users\\Stefan\\Desktop\\Iteh\\EbibliotekaV2\\vendor\\laravel\\framework\\src\\Illuminate\\Routing\\Router.php(753): Illuminate\\Routing\\Router->dispatchToRoute(Object(Illuminate\\Http\\Request))
#30 C:\\Users\\Stefan\\Desktop\\Iteh\\EbibliotekaV2\\vendor\\laravel\\framework\\src\\Illuminate\\Foundation\\Http\\Kernel.php(200): Illuminate\\Routing\\Router->dispatch(Object(Illuminate\\Http\\Request))
#31 C:\\Users\\Stefan\\Desktop\\Iteh\\EbibliotekaV2\\vendor\\laravel\\framework\\src\\Illuminate\\Pipeline\\Pipeline.php(180): Illuminate\\Foundation\\Http\\Kernel->Illuminate\\Foundation\\Http\\{closure}(Object(Illuminate\\Http\\Request))
#32 C:\\Users\\Stefan\\Desktop\\Iteh\\EbibliotekaV2\\vendor\\laravel\\framework\\src\\Illuminate\\Foundation\\Http\\Middleware\\TransformsRequest.php(21): Illuminate\\Pipeline\\Pipeline->Illuminate\\Pipeline\\{closure}(Object(Illuminate\\Http\\Request))
#33 C:\\Users\\Stefan\\Desktop\\Iteh\\EbibliotekaV2\\vendor\\laravel\\framework\\src\\Illuminate\\Foundation\\Http\\Middleware\\ConvertEmptyStringsToNull.php(31): Illuminate\\Foundation\\Http\\Middleware\\TransformsRequest->handle(Object(Illuminate\\Http\\Request), Object(Closure))
#34 C:\\Users\\Stefan\\Desktop\\Iteh\\EbibliotekaV2\\vendor\\laravel\\framework\\src\\Illuminate\\Pipeline\\Pipeline.php(219): Illuminate\\Foundation\\Http\\Middleware\\ConvertEmptyStringsToNull->handle(Object(Illuminate\\Http\\Request), Object(Closure))
#35 C:\\Users\\Stefan\\Desktop\\Iteh\\EbibliotekaV2\\vendor\\laravel\\framework\\src\\Illuminate\\Foundation\\Http\\Middleware\\TransformsRequest.php(21): Illuminate\\Pipeline\\Pipeline->Illuminate\\Pipeline\\{closure}(Object(Illuminate\\Http\\Request))
#36 C:\\Users\\Stefan\\Desktop\\Iteh\\EbibliotekaV2\\vendor\\laravel\\framework\\src\\Illuminate\\Foundation\\Http\\Middleware\\TrimStrings.php(51): Illuminate\\Foundation\\Http\\Middleware\\TransformsRequest->handle(Object(Illuminate\\Http\\Request), Object(Closure))
#37 C:\\Users\\Stefan\\Desktop\\Iteh\\EbibliotekaV2\\vendor\\laravel\\framework\\src\\Illuminate\\Pipeline\\Pipeline.php(219): Illuminate\\Foundation\\Http\\Middleware\\TrimStrings->handle(Object(Illuminate\\Http\\Request), Object(Closure))
#38 C:\\Users\\Stefan\\Desktop\\Iteh\\EbibliotekaV2\\vendor\\laravel\\framework\\src\\Illuminate\\Http\\Middleware\\ValidatePostSize.php(27): Illuminate\\Pipeline\\Pipeline->Illuminate\\Pipeline\\{closure}(Object(Illuminate\\Http\\Request))
#39 C:\\Users\\Stefan\\Desktop\\Iteh\\EbibliotekaV2\\vendor\\laravel\\framework\\src\\Illuminate\\Pipeline\\Pipeline.php(219): Illuminate\\Http\\Middleware\\ValidatePostSize->handle(Object(Illuminate\\Http\\Request), Object(Closure))
#40 C:\\Users\\Stefan\\Desktop\\Iteh\\EbibliotekaV2\\vendor\\laravel\\framework\\src\\Illuminate\\Foundation\\Http\\Middleware\\PreventRequestsDuringMaintenance.php(109): Illuminate\\Pipeline\\Pipeline->Illuminate\\Pipeline\\{closure}(Object(Illuminate\\Http\\Request))
#41 C:\\Users\\Stefan\\Desktop\\Iteh\\EbibliotekaV2\\vendor\\laravel\\framework\\src\\Illuminate\\Pipeline\\Pipeline.php(219): Illuminate\\Foundation\\Http\\Middleware\\PreventRequestsDuringMaintenance->handle(Object(Illuminate\\Http\\Request), Object(Closure))
#42 C:\\Users\\Stefan\\Desktop\\Iteh\\EbibliotekaV2\\vendor\\laravel\\framework\\src\\Illuminate\\Http\\Middleware\\HandleCors.php(61): Illuminate\\Pipeline\\Pipeline->Illuminate\\Pipeline\\{closure}(Object(Illuminate\\Http\\Request))
#43 C:\\Users\\Stefan\\Desktop\\Iteh\\EbibliotekaV2\\vendor\\laravel\\framework\\src\\Illuminate\\Pipeline\\Pipeline.php(219): Illuminate\\Http\\Middleware\\HandleCors->handle(Object(Illuminate\\Http\\Request), Object(Closure))
#44 C:\\Users\\Stefan\\Desktop\\Iteh\\EbibliotekaV2\\vendor\\laravel\\framework\\src\\Illuminate\\Http\\Middleware\\TrustProxies.php(58): Illuminate\\Pipeline\\Pipeline->Illuminate\\Pipeline\\{closure}(Object(Illuminate\\Http\\Request))
#45 C:\\Users\\Stefan\\Desktop\\Iteh\\EbibliotekaV2\\vendor\\laravel\\framework\\src\\Illuminate\\Pipeline\\Pipeline.php(219): Illuminate\\Http\\Middleware\\TrustProxies->handle(Object(Illuminate\\Http\\Request), Object(Closure))
#46 C:\\Users\\Stefan\\Desktop\\Iteh\\EbibliotekaV2\\vendor\\laravel\\framework\\src\\Illuminate\\Foundation\\Http\\Middleware\\InvokeDeferredCallbacks.php(22): Illuminate\\Pipeline\\Pipeline->Illuminate\\Pipeline\\{closure}(Object(Illuminate\\Http\\Request))
#47 C:\\Users\\Stefan\\Desktop\\Iteh\\EbibliotekaV2\\vendor\\laravel\\framework\\src\\Illuminate\\Pipeline\\Pipeline.php(219): Illuminate\\Foundation\\Http\\Middleware\\InvokeDeferredCallbacks->handle(Object(Illuminate\\Http\\Request), Object(Closure))
#48 C:\\Users\\Stefan\\Desktop\\Iteh\\EbibliotekaV2\\vendor\\laravel\\framework\\src\\Illuminate\\Http\\Middleware\\ValidatePathEncoding.php(26): Illuminate\\Pipeline\\Pipeline->Illuminate\\Pipeline\\{closure}(Object(Illuminate\\Http\\Request))
#49 C:\\Users\\Stefan\\Desktop\\Iteh\\EbibliotekaV2\\vendor\\laravel\\framework\\src\\Illuminate\\Pipeline\\Pipeline.php(219): Illuminate\\Http\\Middleware\\ValidatePathEncoding->handle(Object(Illuminate\\Http\\Request), Object(Closure))
#50 C:\\Users\\Stefan\\Desktop\\Iteh\\EbibliotekaV2\\vendor\\laravel\\framework\\src\\Illuminate\\Pipeline\\Pipeline.php(137): Illuminate\\Pipeline\\Pipeline->Illuminate\\Pipeline\\{closure}(Object(Illuminate\\Http\\Request))
#51 C:\\Users\\Stefan\\Desktop\\Iteh\\EbibliotekaV2\\vendor\\laravel\\framework\\src\\Illuminate\\Foundation\\Http\\Kernel.php(175): Illuminate\\Pipeline\\Pipeline->then(Object(Closure))
#52 C:\\Users\\Stefan\\Desktop\\Iteh\\EbibliotekaV2\\vendor\\laravel\\framework\\src\\Illuminate\\Foundation\\Http\\Kernel.php(144): Illuminate\\Foundation\\Http\\Kernel->sendRequestThroughRouter(Object(Illuminate\\Http\\Request))
#53 C:\\Users\\Stefan\\Desktop\\Iteh\\EbibliotekaV2\\vendor\\laravel\\framework\\src\\Illuminate\\Foundation\\Application.php(1219): Illuminate\\Foundation\\Http\\Kernel->handle(Object(Illuminate\\Http\\Request))
#54 C:\\Users\\Stefan\\Desktop\\Iteh\\EbibliotekaV2\\public\\index.php(20): Illuminate\\Foundation\\Application->handleRequest(Object(Illuminate\\Http\\Request))
#55 C:\\Users\\Stefan\\Desktop\\Iteh\\EbibliotekaV2\\vendor\\laravel\\framework\\src\\Illuminate\\Foundation\\resources\\server.php(23): require_once('C:\\\\Users\\\\Stefan...')
#56 {main}

[previous exception] [object] (PDOException(code: 42S22): SQLSTATE[42S22]: Column not found: 1054 Unknown column 'email' in 'where clause' at C:\\Users\\Stefan\\Desktop\\Iteh\\EbibliotekaV2\\vendor\\laravel\\framework\\src\\Illuminate\\Database\\Connection.php:406)
[stacktrace]
#0 C:\\Users\\Stefan\\Desktop\\Iteh\\EbibliotekaV2\\vendor\\laravel\\framework\\src\\Illuminate\\Database\\Connection.php(406): PDO->prepare('select count(*)...')
#1 C:\\Users\\Stefan\\Desktop\\Iteh\\EbibliotekaV2\\vendor\\laravel\\framework\\src\\Illuminate\\Database\\Connection.php(811): Illuminate\\Database\\Connection->Illuminate\\Database\\{closure}('select count(*)...', Array)
#2 C:\\Users\\Stefan\\Desktop\\Iteh\\EbibliotekaV2\\vendor\\laravel\\framework\\src\\Illuminate\\Database\\Connection.php(778): Illuminate\\Database\\Connection->runQueryCallback('select count(*)...', Array, Object(Closure))
#3 C:\\Users\\Stefan\\Desktop\\Iteh\\EbibliotekaV2\\vendor\\laravel\\framework\\src\\Illuminate\\Database\\Connection.php(397): Illuminate\\Database\\Connection->run('select count(*)...', Array, Object(Closure))
#4 C:\\Users\\Stefan\\Desktop\\Iteh\\EbibliotekaV2\\vendor\\laravel\\framework\\src\\Illuminate\\Database\\Query\\Builder.php(3188): Illuminate\\Database\\Connection->select('select count(*)...', Array, false)
#5 C:\\Users\\Stefan\\Desktop\\Iteh\\EbibliotekaV2\\vendor\\laravel\\framework\\src\\Illuminate\\Database\\Query\\Builder.php(3173): Illuminate\\Database\\Query\\Builder->runSelect()
#6 C:\\Users\\Stefan\\Desktop\\Iteh\\EbibliotekaV2\\vendor\\laravel\\framework\\src\\Illuminate\\Database\\Query\\Builder.php(3763): Illuminate\\Database\\Query\\Builder->Illuminate\\Database\\Query\\{closure}()
#7 C:\\Users\\Stefan\\Desktop\\Iteh\\EbibliotekaV2\\vendor\\laravel\\framework\\src\\Illuminate\\Database\\Query\\Builder.php(3172): Illuminate\\Database\\Query\\Builder->onceWithColumns(Array, Object(Closure))
#8 C:\\Users\\Stefan\\Desktop\\Iteh\\EbibliotekaV2\\vendor\\laravel\\framework\\src\\Illuminate\\Database\\Query\\Builder.php(3687): Illuminate\\Database\\Query\\Builder->get(Array)
#9 C:\\Users\\Stefan\\Desktop\\Iteh\\EbibliotekaV2\\vendor\\laravel\\framework\\src\\Illuminate\\Database\\Query\\Builder.php(3615): Illuminate\\Database\\Query\\Builder->aggregate('count', Array)
#10 C:\\Users\\Stefan\\Desktop\\Iteh\\EbibliotekaV2\\vendor\\laravel\\framework\\src\\Illuminate\\Validation\\DatabasePresenceVerifier.php(53): Illuminate\\Database\\Query\\Builder->count()
#11 C:\\Users\\Stefan\\Desktop\\Iteh\\EbibliotekaV2\\vendor\\laravel\\framework\\src\\Illuminate\\Validation\\Concerns\\ValidatesAttributes.php(1061): Illuminate\\Validation\\DatabasePresenceVerifier->getCount('users', 'email', 'test@example.co...', NULL, NULL, Array)
#12 C:\\Users\\Stefan\\Desktop\\Iteh\\EbibliotekaV2\\vendor\\laravel\\framework\\src\\Illuminate\\Validation\\Validator.php(685): Illuminate\\Validation\\Validator->validateUnique('email', 'test@example.co...', Array, Object(Illuminate\\Validation\\Validator))
#13 C:\\Users\\Stefan\\Desktop\\Iteh\\EbibliotekaV2\\vendor\\laravel\\framework\\src\\Illuminate\\Validation\\Validator.php(480): Illuminate\\Validation\\Validator->validateAttribute('email', 'Unique')
#14 C:\\Users\\Stefan\\Desktop\\Iteh\\EbibliotekaV2\\vendor\\laravel\\framework\\src\\Illuminate\\Validation\\Validator.php(515): Illuminate\\Validation\\Validator->passes()
#15 C:\\Users\\Stefan\\Desktop\\Iteh\\EbibliotekaV2\\vendor\\laravel\\framework\\src\\Illuminate\\Validation\\Validator.php(557): Illuminate\\Validation\\Validator->fails()
#16 C:\\Users\\Stefan\\Desktop\\Iteh\\EbibliotekaV2\\vendor\\laravel\\framework\\src\\Illuminate\\Foundation\\Providers\\FoundationServiceProvider.php(155): Illuminate\\Validation\\Validator->validate()
#17 C:\\Users\\Stefan\\Desktop\\Iteh\\EbibliotekaV2\\vendor\\laravel\\framework\\src\\Illuminate\\Macroable\\Traits\\Macroable.php(126): Illuminate\\Http\\Request->Illuminate\\Foundation\\Providers\\{closure}(Array)
#18 C:\\Users\\Stefan\\Desktop\\Iteh\\EbibliotekaV2\\app\\Http\\Controllers\\AuthController.php(14): Illuminate\\Http\\Request->__call('validate', Array)
#19 C:\\Users\\Stefan\\Desktop\\Iteh\\EbibliotekaV2\\vendor\\laravel\\framework\\src\\Illuminate\\Routing\\Controller.php(54): App\\Http\\Controllers\\AuthController->register(Object(Illuminate\\Http\\Request))
#20 C:\\Users\\Stefan\\Desktop\\Iteh\\EbibliotekaV2\\vendor\\laravel\\framework\\src\\Illuminate\\Routing\\ControllerDispatcher.php(43): Illuminate\\Routing\\Controller->callAction('register', Array)
#21 C:\\Users\\Stefan\\Desktop\\Iteh\\EbibliotekaV2\\vendor\\laravel\\framework\\src\\Illuminate\\Routing\\Route.php(265): Illuminate\\Routing\\ControllerDispatcher->dispatch(Object(Illuminate\\Routing\\Route), Object(App\\Http\\Controllers\\AuthController), 'register')
#22 C:\\Users\\Stefan\\Desktop\\Iteh\\EbibliotekaV2\\vendor\\laravel\\framework\\src\\Illuminate\\Routing\\Route.php(211): Illuminate\\Routing\\Route->runController()
#23 C:\\Users\\Stefan\\Desktop\\Iteh\\EbibliotekaV2\\vendor\\laravel\\framework\\src\\Illuminate\\Routing\\Router.php(822): Illuminate\\Routing\\Route->run()
#24 C:\\Users\\Stefan\\Desktop\\Iteh\\EbibliotekaV2\\vendor\\laravel\\framework\\src\\Illuminate\\Pipeline\\Pipeline.php(180): Illuminate\\Routing\\Router->Illuminate\\Routing\\{closure}(Object(Illuminate\\Http\\Request))
#25 C:\\Users\\Stefan\\Desktop\\Iteh\\EbibliotekaV2\\vendor\\laravel\\framework\\src\\Illuminate\\Routing\\Middleware\\SubstituteBindings.php(50): Illuminate\\Pipeline\\Pipeline->Illuminate\\Pipeline\\{closure}(Object(Illuminate\\Http\\Request))
#26 C:\\Users\\Stefan\\Desktop\\Iteh\\EbibliotekaV2\\vendor\\laravel\\framework\\src\\Illuminate\\Pipeline\\Pipeline.php(219): Illuminate\\Routing\\Middleware\\SubstituteBindings->handle(Object(Illuminate\\Http\\Request), Object(Closure))
#27 C:\\Users\\Stefan\\Desktop\\Iteh\\EbibliotekaV2\\vendor\\laravel\\framework\\src\\Illuminate\\Pipeline\\Pipeline.php(137): Illuminate\\Pipeline\\Pipeline->Illuminate\\Pipeline\\{closure}(Object(Illuminate\\Http\\Request))
#28 C:\\Users\\Stefan\\Desktop\\Iteh\\EbibliotekaV2\\vendor\\laravel\\framework\\src\\Illuminate\\Routing\\Router.php(821): Illuminate\\Pipeline\\Pipeline->then(Object(Closure))
#29 C:\\Users\\Stefan\\Desktop\\Iteh\\EbibliotekaV2\\vendor\\laravel\\framework\\src\\Illuminate\\Routing\\Router.php(800): Illuminate\\Routing\\Router->runRouteWithinStack(Object(Illuminate\\Routing\\Route), Object(Illuminate\\Http\\Request))
#30 C:\\Users\\Stefan\\Desktop\\Iteh\\EbibliotekaV2\\vendor\\laravel\\framework\\src\\Illuminate\\Routing\\Router.php(764): Illuminate\\Routing\\Router->runRoute(Object(Illuminate\\Http\\Request), Object(Illuminate\\Routing\\Route))
#31 C:\\Users\\Stefan\\Desktop\\Iteh\\EbibliotekaV2\\vendor\\laravel\\framework\\src\\Illuminate\\Routing\\Router.php(753): Illuminate\\Routing\\Router->dispatchToRoute(Object(Illuminate\\Http\\Request))
#32 C:\\Users\\Stefan\\Desktop\\Iteh\\EbibliotekaV2\\vendor\\laravel\\framework\\src\\Illuminate\\Foundation\\Http\\Kernel.php(200): Illuminate\\Routing\\Router->dispatch(Object(Illuminate\\Http\\Request))
#33 C:\\Users\\Stefan\\Desktop\\Iteh\\EbibliotekaV2\\vendor\\laravel\\framework\\src\\Illuminate\\Pipeline\\Pipeline.php(180): Illuminate\\Foundation\\Http\\Kernel->Illuminate\\Foundation\\Http\\{closure}(Object(Illuminate\\Http\\Request))
#34 C:\\Users\\Stefan\\Desktop\\Iteh\\EbibliotekaV2\\vendor\\laravel\\framework\\src\\Illuminate\\Foundation\\Http\\Middleware\\TransformsRequest.php(21): Illuminate\\Pipeline\\Pipeline->Illuminate\\Pipeline\\{closure}(Object(Illuminate\\Http\\Request))
#35 C:\\Users\\Stefan\\Desktop\\Iteh\\EbibliotekaV2\\vendor\\laravel\\framework\\src\\Illuminate\\Foundation\\Http\\Middleware\\ConvertEmptyStringsToNull.php(31): Illuminate\\Foundation\\Http\\Middleware\\TransformsRequest->handle(Object(Illuminate\\Http\\Request), Object(Closure))
#36 C:\\Users\\Stefan\\Desktop\\Iteh\\EbibliotekaV2\\vendor\\laravel\\framework\\src\\Illuminate\\Pipeline\\Pipeline.php(219): Illuminate\\Foundation\\Http\\Middleware\\ConvertEmptyStringsToNull->handle(Object(Illuminate\\Http\\Request), Object(Closure))
#37 C:\\Users\\Stefan\\Desktop\\Iteh\\EbibliotekaV2\\vendor\\laravel\\framework\\src\\Illuminate\\Foundation\\Http\\Middleware\\TransformsRequest.php(21): Illuminate\\Pipeline\\Pipeline->Illuminate\\Pipeline\\{closure}(Object(Illuminate\\Http\\Request))
#38 C:\\Users\\Stefan\\Desktop\\Iteh\\EbibliotekaV2\\vendor\\laravel\\framework\\src\\Illuminate\\Foundation\\Http\\Middleware\\TrimStrings.php(51): Illuminate\\Foundation\\Http\\Middleware\\TransformsRequest->handle(Object(Illuminate\\Http\\Request), Object(Closure))
#39 C:\\Users\\Stefan\\Desktop\\Iteh\\EbibliotekaV2\\vendor\\laravel\\framework\\src\\Illuminate\\Pipeline\\Pipeline.php(219): Illuminate\\Foundation\\Http\\Middleware\\TrimStrings->handle(Object(Illuminate\\Http\\Request), Object(Closure))
#40 C:\\Users\\Stefan\\Desktop\\Iteh\\EbibliotekaV2\\vendor\\laravel\\framework\\src\\Illuminate\\Http\\Middleware\\ValidatePostSize.php(27): Illuminate\\Pipeline\\Pipeline->Illuminate\\Pipeline\\{closure}(Object(Illuminate\\Http\\Request))
#41 C:\\Users\\Stefan\\Desktop\\Iteh\\EbibliotekaV2\\vendor\\laravel\\framework\\src\\Illuminate\\Pipeline\\Pipeline.php(219): Illuminate\\Http\\Middleware\\ValidatePostSize->handle(Object(Illuminate\\Http\\Request), Object(Closure))
#42 C:\\Users\\Stefan\\Desktop\\Iteh\\EbibliotekaV2\\vendor\\laravel\\framework\\src\\Illuminate\\Foundation\\Http\\Middleware\\PreventRequestsDuringMaintenance.php(109): Illuminate\\Pipeline\\Pipeline->Illuminate\\Pipeline\\{closure}(Object(Illuminate\\Http\\Request))
#43 C:\\Users\\Stefan\\Desktop\\Iteh\\EbibliotekaV2\\vendor\\laravel\\framework\\src\\Illuminate\\Pipeline\\Pipeline.php(219): Illuminate\\Foundation\\Http\\Middleware\\PreventRequestsDuringMaintenance->handle(Object(Illuminate\\Http\\Request), Object(Closure))
#44 C:\\Users\\Stefan\\Desktop\\Iteh\\EbibliotekaV2\\vendor\\laravel\\framework\\src\\Illuminate\\Http\\Middleware\\HandleCors.php(61): Illuminate\\Pipeline\\Pipeline->Illuminate\\Pipeline\\{closure}(Object(Illuminate\\Http\\Request))
#45 C:\\Users\\Stefan\\Desktop\\Iteh\\EbibliotekaV2\\vendor\\laravel\\framework\\src\\Illuminate\\Pipeline\\Pipeline.php(219): Illuminate\\Http\\Middleware\\HandleCors->handle(Object(Illuminate\\Http\\Request), Object(Closure))
#46 C:\\Users\\Stefan\\Desktop\\Iteh\\EbibliotekaV2\\vendor\\laravel\\framework\\src\\Illuminate\\Http\\Middleware\\TrustProxies.php(58): Illuminate\\Pipeline\\Pipeline->Illuminate\\Pipeline\\{closure}(Object(Illuminate\\Http\\Request))
#47 C:\\Users\\Stefan\\Desktop\\Iteh\\EbibliotekaV2\\vendor\\laravel\\framework\\src\\Illuminate\\Pipeline\\Pipeline.php(219): Illuminate\\Http\\Middleware\\TrustProxies->handle(Object(Illuminate\\Http\\Request), Object(Closure))
#48 C:\\Users\\Stefan\\Desktop\\Iteh\\EbibliotekaV2\\vendor\\laravel\\framework\\src\\Illuminate\\Foundation\\Http\\Middleware\\InvokeDeferredCallbacks.php(22): Illuminate\\Pipeline\\Pipeline->Illuminate\\Pipeline\\{closure}(Object(Illuminate\\Http\\Request))
#49 C:\\Users\\Stefan\\Desktop\\Iteh\\EbibliotekaV2\\vendor\\laravel\\framework\\src\\Illuminate\\Pipeline\\Pipeline.php(219): Illuminate\\Foundation\\Http\\Middleware\\InvokeDeferredCallbacks->handle(Object(Illuminate\\Http\\Request), Object(Closure))
#50 C:\\Users\\Stefan\\Desktop\\Iteh\\EbibliotekaV2\\vendor\\laravel\\framework\\src\\Illuminate\\Http\\Middleware\\ValidatePathEncoding.php(26): Illuminate\\Pipeline\\Pipeline->Illuminate\\Pipeline\\{closure}(Object(Illuminate\\Http\\Request))
#51 C:\\Users\\Stefan\\Desktop\\Iteh\\EbibliotekaV2\\vendor\\laravel\\framework\\src\\Illuminate\\Pipeline\\Pipeline.php(219): Illuminate\\Http\\Middleware\\ValidatePathEncoding->handle(Object(Illuminate\\Http\\Request), Object(Closure))
#52 C:\\Users\\Stefan\\Desktop\\Iteh\\EbibliotekaV2\\vendor\\laravel\\framework\\src\\Illuminate\\Pipeline\\Pipeline.php(137): Illuminate\\Pipeline\\Pipeline->Illuminate\\Pipeline\\{closure}(Object(Illuminate\\Http\\Request))
#53 C:\\Users\\Stefan\\Desktop\\Iteh\\EbibliotekaV2\\vendor\\laravel\\framework\\src\\Illuminate\\Foundation\\Http\\Kernel.php(175): Illuminate\\Pipeline\\Pipeline->then(Object(Closure))
#54 C:\\Users\\Stefan\\Desktop\\Iteh\\EbibliotekaV2\\vendor\\laravel\\framework\\src\\Illuminate\\Foundation\\Http\\Kernel.php(144): Illuminate\\Foundation\\Http\\Kernel->sendRequestThroughRouter(Object(Illuminate\\Http\\Request))
#55 C:\\Users\\Stefan\\Desktop\\Iteh\\EbibliotekaV2\\vendor\\laravel\\framework\\src\\Illuminate\\Foundation\\Application.php(1219): Illuminate\\Foundation\\Http\\Kernel->handle(Object(Illuminate\\Http\\Request))
#56 C:\\Users\\Stefan\\Desktop\\Iteh\\EbibliotekaV2\\public\\index.php(20): Illuminate\\Foundation\\Application->handleRequest(Object(Illuminate\\Http\\Request))
#57 C:\\Users\\Stefan\\Desktop\\Iteh\\EbibliotekaV2\\vendor\\laravel\\framework\\src\\Illuminate\\Foundation\\resources\\server.php(23): require_once('C:\\\\Users\\\\Stefan...')
#58 {main}
"} 
[2025-09-15 15:51:29] local.ERROR: SQLSTATE[42S22]: Column not found: 1054 Unknown column 'email' in 'where clause' (Connection: mysql, SQL: select count(*) as aggregate from `users` where `email` = petar@test.com) {"exception":"[object] (Illuminate\\Database\\QueryException(code: 42S22): SQLSTATE[42S22]: Column not found: 1054 Unknown column 'email' in 'where clause' (Connection: mysql, SQL: select count(*) as aggregate from `users` where `email` = petar@test.com) at C:\\Users\\Stefan\\Desktop\\Iteh\\EbibliotekaV2\\vendor\\laravel\\framework\\src\\Illuminate\\Database\\Connection.php:824)
[stacktrace]
#0 C:\\Users\\Stefan\\Desktop\\Iteh\\EbibliotekaV2\\vendor\\laravel\\framework\\src\\Illuminate\\Database\\Connection.php(778): Illuminate\\Database\\Connection->runQueryCallback('select count(*)...', Array, Object(Closure))
#1 C:\\Users\\Stefan\\Desktop\\Iteh\\EbibliotekaV2\\vendor\\laravel\\framework\\src\\Illuminate\\Database\\Connection.php(397): Illuminate\\Database\\Connection->run('select count(*)...', Array, Object(Closure))
#2 C:\\Users\\Stefan\\Desktop\\Iteh\\EbibliotekaV2\\vendor\\laravel\\framework\\src\\Illuminate\\Database\\Query\\Builder.php(3188): Illuminate\\Database\\Connection->select('select count(*)...', Array, false)
#3 C:\\Users\\Stefan\\Desktop\\Iteh\\EbibliotekaV2\\vendor\\laravel\\framework\\src\\Illuminate\\Database\\Query\\Builder.php(3173): Illuminate\\Database\\Query\\Builder->runSelect()
#4 C:\\Users\\Stefan\\Desktop\\Iteh\\EbibliotekaV2\\vendor\\laravel\\framework\\src\\Illuminate\\Database\\Query\\Builder.php(3763): Illuminate\\Database\\Query\\Builder->Illuminate\\Database\\Query\\{closure}()
#5 C:\\Users\\Stefan\\Desktop\\Iteh\\EbibliotekaV2\\vendor\\laravel\\framework\\src\\Illuminate\\Database\\Query\\Builder.php(3172): Illuminate\\Database\\Query\\Builder->onceWithColumns(Array, Object(Closure))
#6 C:\\Users\\Stefan\\Desktop\\Iteh\\EbibliotekaV2\\vendor\\laravel\\framework\\src\\Illuminate\\Database\\Query\\Builder.php(3687): Illuminate\\Database\\Query\\Builder->get(Array)
#7 C:\\Users\\Stefan\\Desktop\\Iteh\\EbibliotekaV2\\vendor\\laravel\\framework\\src\\Illuminate\\Database\\Query\\Builder.php(3615): Illuminate\\Database\\Query\\Builder->aggregate('count', Array)
#8 C:\\Users\\Stefan\\Desktop\\Iteh\\EbibliotekaV2\\vendor\\laravel\\framework\\src\\Illuminate\\Validation\\DatabasePresenceVerifier.php(53): Illuminate\\Database\\Query\\Builder->count()
#9 C:\\Users\\Stefan\\Desktop\\Iteh\\EbibliotekaV2\\vendor\\laravel\\framework\\src\\Illuminate\\Validation\\Concerns\\ValidatesAttributes.php(1061): Illuminate\\Validation\\DatabasePresenceVerifier->getCount('users', 'email', 'petar@test.com', NULL, NULL, Array)
#10 C:\\Users\\Stefan\\Desktop\\Iteh\\EbibliotekaV2\\vendor\\laravel\\framework\\src\\Illuminate\\Validation\\Validator.php(685): Illuminate\\Validation\\Validator->validateUnique('email', 'petar@test.com', Array, Object(Illuminate\\Validation\\Validator))
#11 C:\\Users\\Stefan\\Desktop\\Iteh\\EbibliotekaV2\\vendor\\laravel\\framework\\src\\Illuminate\\Validation\\Validator.php(480): Illuminate\\Validation\\Validator->validateAttribute('email', 'Unique')
#12 C:\\Users\\Stefan\\Desktop\\Iteh\\EbibliotekaV2\\vendor\\laravel\\framework\\src\\Illuminate\\Validation\\Validator.php(515): Illuminate\\Validation\\Validator->passes()
#13 C:\\Users\\Stefan\\Desktop\\Iteh\\EbibliotekaV2\\vendor\\laravel\\framework\\src\\Illuminate\\Validation\\Validator.php(557): Illuminate\\Validation\\Validator->fails()
#14 C:\\Users\\Stefan\\Desktop\\Iteh\\EbibliotekaV2\\vendor\\laravel\\framework\\src\\Illuminate\\Foundation\\Providers\\FoundationServiceProvider.php(155): Illuminate\\Validation\\Validator->validate()
#15 C:\\Users\\Stefan\\Desktop\\Iteh\\EbibliotekaV2\\vendor\\laravel\\framework\\src\\Illuminate\\Macroable\\Traits\\Macroable.php(126): Illuminate\\Http\\Request->Illuminate\\Foundation\\Providers\\{closure}(Array)
#16 C:\\Users\\Stefan\\Desktop\\Iteh\\EbibliotekaV2\\app\\Http\\Controllers\\AuthController.php(15): Illuminate\\Http\\Request->__call('validate', Array)
#17 C:\\Users\\Stefan\\Desktop\\Iteh\\EbibliotekaV2\\vendor\\laravel\\framework\\src\\Illuminate\\Routing\\Controller.php(54): App\\Http\\Controllers\\AuthController->register(Object(Illuminate\\Http\\Request))
#18 C:\\Users\\Stefan\\Desktop\\Iteh\\EbibliotekaV2\\vendor\\laravel\\framework\\src\\Illuminate\\Routing\\ControllerDispatcher.php(43): Illuminate\\Routing\\Controller->callAction('register', Array)
#19 C:\\Users\\Stefan\\Desktop\\Iteh\\EbibliotekaV2\\vendor\\laravel\\framework\\src\\Illuminate\\Routing\\Route.php(265): Illuminate\\Routing\\ControllerDispatcher->dispatch(Object(Illuminate\\Routing\\Route), Object(App\\Http\\Controllers\\AuthController), 'register')
#20 C:\\Users\\Stefan\\Desktop\\Iteh\\EbibliotekaV2\\vendor\\laravel\\framework\\src\\Illuminate\\Routing\\Route.php(211): Illuminate\\Routing\\Route->runController()
#21 C:\\Users\\Stefan\\Desktop\\Iteh\\EbibliotekaV2\\vendor\\laravel\\framework\\src\\Illuminate\\Routing\\Router.php(822): Illuminate\\Routing\\Route->run()
#22 C:\\Users\\Stefan\\Desktop\\Iteh\\EbibliotekaV2\\vendor\\laravel\\framework\\src\\Illuminate\\Pipeline\\Pipeline.php(180): Illuminate\\Routing\\Router->Illuminate\\Routing\\{closure}(Object(Illuminate\\Http\\Request))
#23 C:\\Users\\Stefan\\Desktop\\Iteh\\EbibliotekaV2\\vendor\\laravel\\framework\\src\\Illuminate\\Routing\\Middleware\\SubstituteBindings.php(50): Illuminate\\Pipeline\\Pipeline->Illuminate\\Pipeline\\{closure}(Object(Illuminate\\Http\\Request))
#24 C:\\Users\\Stefan\\Desktop\\Iteh\\EbibliotekaV2\\vendor\\laravel\\framework\\src\\Illuminate\\Pipeline\\Pipeline.php(219): Illuminate\\Routing\\Middleware\\SubstituteBindings->handle(Object(Illuminate\\Http\\Request), Object(Closure))
#25 C:\\Users\\Stefan\\Desktop\\Iteh\\EbibliotekaV2\\vendor\\laravel\\framework\\src\\Illuminate\\Pipeline\\Pipeline.php(137): Illuminate\\Pipeline\\Pipeline->Illuminate\\Pipeline\\{closure}(Object(Illuminate\\Http\\Request))
#26 C:\\Users\\Stefan\\Desktop\\Iteh\\EbibliotekaV2\\vendor\\laravel\\framework\\src\\Illuminate\\Routing\\Router.php(821): Illuminate\\Pipeline\\Pipeline->then(Object(Closure))
#27 C:\\Users\\Stefan\\Desktop\\Iteh\\EbibliotekaV2\\vendor\\laravel\\framework\\src\\Illuminate\\Routing\\Router.php(800): Illuminate\\Routing\\Router->runRouteWithinStack(Object(Illuminate\\Routing\\Route), Object(Illuminate\\Http\\Request))
#28 C:\\Users\\Stefan\\Desktop\\Iteh\\EbibliotekaV2\\vendor\\laravel\\framework\\src\\Illuminate\\Routing\\Router.php(764): Illuminate\\Routing\\Router->runRoute(Object(Illuminate\\Http\\Request), Object(Illuminate\\Routing\\Route))
#29 C:\\Users\\Stefan\\Desktop\\Iteh\\EbibliotekaV2\\vendor\\laravel\\framework\\src\\Illuminate\\Routing\\Router.php(753): Illuminate\\Routing\\Router->dispatchToRoute(Object(Illuminate\\Http\\Request))
#30 C:\\Users\\Stefan\\Desktop\\Iteh\\EbibliotekaV2\\vendor\\laravel\\framework\\src\\Illuminate\\Foundation\\Http\\Kernel.php(200): Illuminate\\Routing\\Router->dispatch(Object(Illuminate\\Http\\Request))
#31 C:\\Users\\Stefan\\Desktop\\Iteh\\EbibliotekaV2\\vendor\\laravel\\framework\\src\\Illuminate\\Pipeline\\Pipeline.php(180): Illuminate\\Foundation\\Http\\Kernel->Illuminate\\Foundation\\Http\\{closure}(Object(Illuminate\\Http\\Request))
#32 C:\\Users\\Stefan\\Desktop\\Iteh\\EbibliotekaV2\\vendor\\laravel\\framework\\src\\Illuminate\\Foundation\\Http\\Middleware\\TransformsRequest.php(21): Illuminate\\Pipeline\\Pipeline->Illuminate\\Pipeline\\{closure}(Object(Illuminate\\Http\\Request))
#33 C:\\Users\\Stefan\\Desktop\\Iteh\\EbibliotekaV2\\vendor\\laravel\\framework\\src\\Illuminate\\Foundation\\Http\\Middleware\\ConvertEmptyStringsToNull.php(31): Illuminate\\Foundation\\Http\\Middleware\\TransformsRequest->handle(Object(Illuminate\\Http\\Request), Object(Closure))
#34 C:\\Users\\Stefan\\Desktop\\Iteh\\EbibliotekaV2\\vendor\\laravel\\framework\\src\\Illuminate\\Pipeline\\Pipeline.php(219): Illuminate\\Foundation\\Http\\Middleware\\ConvertEmptyStringsToNull->handle(Object(Illuminate\\Http\\Request), Object(Closure))
#35 C:\\Users\\Stefan\\Desktop\\Iteh\\EbibliotekaV2\\vendor\\laravel\\framework\\src\\Illuminate\\Foundation\\Http\\Middleware\\TransformsRequest.php(21): Illuminate\\Pipeline\\Pipeline->Illuminate\\Pipeline\\{closure}(Object(Illuminate\\Http\\Request))
#36 C:\\Users\\Stefan\\Desktop\\Iteh\\EbibliotekaV2\\vendor\\laravel\\framework\\src\\Illuminate\\Foundation\\Http\\Middleware\\TrimStrings.php(51): Illuminate\\Foundation\\Http\\Middleware\\TransformsRequest->handle(Object(Illuminate\\Http\\Request), Object(Closure))
#37 C:\\Users\\Stefan\\Desktop\\Iteh\\EbibliotekaV2\\vendor\\laravel\\framework\\src\\Illuminate\\Pipeline\\Pipeline.php(219): Illuminate\\Foundation\\Http\\Middleware\\TrimStrings->handle(Object(Illuminate\\Http\\Request), Object(Closure))
#38 C:\\Users\\Stefan\\Desktop\\Iteh\\EbibliotekaV2\\vendor\\laravel\\framework\\src\\Illuminate\\Http\\Middleware\\ValidatePostSize.php(27): Illuminate\\Pipeline\\Pipeline->Illuminate\\Pipeline\\{closure}(Object(Illuminate\\Http\\Request))
#39 C:\\Users\\Stefan\\Desktop\\Iteh\\EbibliotekaV2\\vendor\\laravel\\framework\\src\\Illuminate\\Pipeline\\Pipeline.php(219): Illuminate\\Http\\Middleware\\ValidatePostSize->handle(Object(Illuminate\\Http\\Request), Object(Closure))
#40 C:\\Users\\Stefan\\Desktop\\Iteh\\EbibliotekaV2\\vendor\\laravel\\framework\\src\\Illuminate\\Foundation\\Http\\Middleware\\PreventRequestsDuringMaintenance.php(109): Illuminate\\Pipeline\\Pipeline->Illuminate\\Pipeline\\{closure}(Object(Illuminate\\Http\\Request))
#41 C:\\Users\\Stefan\\Desktop\\Iteh\\EbibliotekaV2\\vendor\\laravel\\framework\\src\\Illuminate\\Pipeline\\Pipeline.php(219): Illuminate\\Foundation\\Http\\Middleware\\PreventRequestsDuringMaintenance->handle(Object(Illuminate\\Http\\Request), Object(Closure))
#42 C:\\Users\\Stefan\\Desktop\\Iteh\\EbibliotekaV2\\vendor\\laravel\\framework\\src\\Illuminate\\Http\\Middleware\\HandleCors.php(61): Illuminate\\Pipeline\\Pipeline->Illuminate\\Pipeline\\{closure}(Object(Illuminate\\Http\\Request))
#43 C:\\Users\\Stefan\\Desktop\\Iteh\\EbibliotekaV2\\vendor\\laravel\\framework\\src\\Illuminate\\Pipeline\\Pipeline.php(219): Illuminate\\Http\\Middleware\\HandleCors->handle(Object(Illuminate\\Http\\Request), Object(Closure))
#44 C:\\Users\\Stefan\\Desktop\\Iteh\\EbibliotekaV2\\vendor\\laravel\\framework\\src\\Illuminate\\Http\\Middleware\\TrustProxies.php(58): Illuminate\\Pipeline\\Pipeline->Illuminate\\Pipeline\\{closure}(Object(Illuminate\\Http\\Request))
#45 C:\\Users\\Stefan\\Desktop\\Iteh\\EbibliotekaV2\\vendor\\laravel\\framework\\src\\Illuminate\\Pipeline\\Pipeline.php(219): Illuminate\\Http\\Middleware\\TrustProxies->handle(Object(Illuminate\\Http\\Request), Object(Closure))
#46 C:\\Users\\Stefan\\Desktop\\Iteh\\EbibliotekaV2\\vendor\\laravel\\framework\\src\\Illuminate\\Foundation\\Http\\Middleware\\InvokeDeferredCallbacks.php(22): Illuminate\\Pipeline\\Pipeline->Illuminate\\Pipeline\\{closure}(Object(Illuminate\\Http\\Request))
#47 C:\\Users\\Stefan\\Desktop\\Iteh\\EbibliotekaV2\\vendor\\laravel\\framework\\src\\Illuminate\\Pipeline\\Pipeline.php(219): Illuminate\\Foundation\\Http\\Middleware\\InvokeDeferredCallbacks->handle(Object(Illuminate\\Http\\Request), Object(Closure))
#48 C:\\Users\\Stefan\\Desktop\\Iteh\\EbibliotekaV2\\vendor\\laravel\\framework\\src\\Illuminate\\Http\\Middleware\\ValidatePathEncoding.php(26): Illuminate\\Pipeline\\Pipeline->Illuminate\\Pipeline\\{closure}(Object(Illuminate\\Http\\Request))
#49 C:\\Users\\Stefan\\Desktop\\Iteh\\EbibliotekaV2\\vendor\\laravel\\framework\\src\\Illuminate\\Pipeline\\Pipeline.php(219): Illuminate\\Http\\Middleware\\ValidatePathEncoding->handle(Object(Illuminate\\Http\\Request), Object(Closure))
#50 C:\\Users\\Stefan\\Desktop\\Iteh\\EbibliotekaV2\\vendor\\laravel\\framework\\src\\Illuminate\\Pipeline\\Pipeline.php(137): Illuminate\\Pipeline\\Pipeline->Illuminate\\Pipeline\\{closure}(Object(Illuminate\\Http\\Request))
#51 C:\\Users\\Stefan\\Desktop\\Iteh\\EbibliotekaV2\\vendor\\laravel\\framework\\src\\Illuminate\\Foundation\\Http\\Kernel.php(175): Illuminate\\Pipeline\\Pipeline->then(Object(Closure))
#52 C:\\Users\\Stefan\\Desktop\\Iteh\\EbibliotekaV2\\vendor\\laravel\\framework\\src\\Illuminate\\Foundation\\Http\\Kernel.php(144): Illuminate\\Foundation\\Http\\Kernel->sendRequestThroughRouter(Object(Illuminate\\Http\\Request))
#53 C:\\Users\\Stefan\\Desktop\\Iteh\\EbibliotekaV2\\vendor\\laravel\\framework\\src\\Illuminate\\Foundation\\Application.php(1219): Illuminate\\Foundation\\Http\\Kernel->handle(Object(Illuminate\\Http\\Request))
#54 C:\\Users\\Stefan\\Desktop\\Iteh\\EbibliotekaV2\\public\\index.php(20): Illuminate\\Foundation\\Application->handleRequest(Object(Illuminate\\Http\\Request))
#55 C:\\Users\\Stefan\\Desktop\\Iteh\\EbibliotekaV2\\vendor\\laravel\\framework\\src\\Illuminate\\Foundation\\resources\\server.php(23): require_once('C:\\\\Users\\\\Stefan...')
#56 {main}

[previous exception] [object] (PDOException(code: 42S22): SQLSTATE[42S22]: Column not found: 1054 Unknown column 'email' in 'where clause' at C:\\Users\\Stefan\\Desktop\\Iteh\\EbibliotekaV2\\vendor\\laravel\\framework\\src\\Illuminate\\Database\\Connection.php:406)
[stacktrace]
#0 C:\\Users\\Stefan\\Desktop\\Iteh\\EbibliotekaV2\\vendor\\laravel\\framework\\src\\Illuminate\\Database\\Connection.php(406): PDO->prepare('select count(*)...')
#1 C:\\Users\\Stefan\\Desktop\\Iteh\\EbibliotekaV2\\vendor\\laravel\\framework\\src\\Illuminate\\Database\\Connection.php(811): Illuminate\\Database\\Connection->Illuminate\\Database\\{closure}('select count(*)...', Array)
#2 C:\\Users\\Stefan\\Desktop\\Iteh\\EbibliotekaV2\\vendor\\laravel\\framework\\src\\Illuminate\\Database\\Connection.php(778): Illuminate\\Database\\Connection->runQueryCallback('select count(*)...', Array, Object(Closure))
#3 C:\\Users\\Stefan\\Desktop\\Iteh\\EbibliotekaV2\\vendor\\laravel\\framework\\src\\Illuminate\\Database\\Connection.php(397): Illuminate\\Database\\Connection->run('select count(*)...', Array, Object(Closure))
#4 C:\\Users\\Stefan\\Desktop\\Iteh\\EbibliotekaV2\\vendor\\laravel\\framework\\src\\Illuminate\\Database\\Query\\Builder.php(3188): Illuminate\\Database\\Connection->select('select count(*)...', Array, false)
#5 C:\\Users\\Stefan\\Desktop\\Iteh\\EbibliotekaV2\\vendor\\laravel\\framework\\src\\Illuminate\\Database\\Query\\Builder.php(3173): Illuminate\\Database\\Query\\Builder->runSelect()
#6 C:\\Users\\Stefan\\Desktop\\Iteh\\EbibliotekaV2\\vendor\\laravel\\framework\\src\\Illuminate\\Database\\Query\\Builder.php(3763): Illuminate\\Database\\Query\\Builder->Illuminate\\Database\\Query\\{closure}()
#7 C:\\Users\\Stefan\\Desktop\\Iteh\\EbibliotekaV2\\vendor\\laravel\\framework\\src\\Illuminate\\Database\\Query\\Builder.php(3172): Illuminate\\Database\\Query\\Builder->onceWithColumns(Array, Object(Closure))
#8 C:\\Users\\Stefan\\Desktop\\Iteh\\EbibliotekaV2\\vendor\\laravel\\framework\\src\\Illuminate\\Database\\Query\\Builder.php(3687): Illuminate\\Database\\Query\\Builder->get(Array)
#9 C:\\Users\\Stefan\\Desktop\\Iteh\\EbibliotekaV2\\vendor\\laravel\\framework\\src\\Illuminate\\Database\\Query\\Builder.php(3615): Illuminate\\Database\\Query\\Builder->aggregate('count', Array)
#10 C:\\Users\\Stefan\\Desktop\\Iteh\\EbibliotekaV2\\vendor\\laravel\\framework\\src\\Illuminate\\Validation\\DatabasePresenceVerifier.php(53): Illuminate\\Database\\Query\\Builder->count()
#11 C:\\Users\\Stefan\\Desktop\\Iteh\\EbibliotekaV2\\vendor\\laravel\\framework\\src\\Illuminate\\Validation\\Concerns\\ValidatesAttributes.php(1061): Illuminate\\Validation\\DatabasePresenceVerifier->getCount('users', 'email', 'petar@test.com', NULL, NULL, Array)
#12 C:\\Users\\Stefan\\Desktop\\Iteh\\EbibliotekaV2\\vendor\\laravel\\framework\\src\\Illuminate\\Validation\\Validator.php(685): Illuminate\\Validation\\Validator->validateUnique('email', 'petar@test.com', Array, Object(Illuminate\\Validation\\Validator))
#13 C:\\Users\\Stefan\\Desktop\\Iteh\\EbibliotekaV2\\vendor\\laravel\\framework\\src\\Illuminate\\Validation\\Validator.php(480): Illuminate\\Validation\\Validator->validateAttribute('email', 'Unique')
#14 C:\\Users\\Stefan\\Desktop\\Iteh\\EbibliotekaV2\\vendor\\laravel\\framework\\src\\Illuminate\\Validation\\Validator.php(515): Illuminate\\Validation\\Validator->passes()
#15 C:\\Users\\Stefan\\Desktop\\Iteh\\EbibliotekaV2\\vendor\\laravel\\framework\\src\\Illuminate\\Validation\\Validator.php(557): Illuminate\\Validation\\Validator->fails()
#16 C:\\Users\\Stefan\\Desktop\\Iteh\\EbibliotekaV2\\vendor\\laravel\\framework\\src\\Illuminate\\Foundation\\Providers\\FoundationServiceProvider.php(155): Illuminate\\Validation\\Validator->validate()
#17 C:\\Users\\Stefan\\Desktop\\Iteh\\EbibliotekaV2\\vendor\\laravel\\framework\\src\\Illuminate\\Macroable\\Traits\\Macroable.php(126): Illuminate\\Http\\Request->Illuminate\\Foundation\\Providers\\{closure}(Array)
#18 C:\\Users\\Stefan\\Desktop\\Iteh\\EbibliotekaV2\\app\\Http\\Controllers\\AuthController.php(15): Illuminate\\Http\\Request->__call('validate', Array)
#19 C:\\Users\\Stefan\\Desktop\\Iteh\\EbibliotekaV2\\vendor\\laravel\\framework\\src\\Illuminate\\Routing\\Controller.php(54): App\\Http\\Controllers\\AuthController->register(Object(Illuminate\\Http\\Request))
#20 C:\\Users\\Stefan\\Desktop\\Iteh\\EbibliotekaV2\\vendor\\laravel\\framework\\src\\Illuminate\\Routing\\ControllerDispatcher.php(43): Illuminate\\Routing\\Controller->callAction('register', Array)
#21 C:\\Users\\Stefan\\Desktop\\Iteh\\EbibliotekaV2\\vendor\\laravel\\framework\\src\\Illuminate\\Routing\\Route.php(265): Illuminate\\Routing\\ControllerDispatcher->dispatch(Object(Illuminate\\Routing\\Route), Object(App\\Http\\Controllers\\AuthController), 'register')
#22 C:\\Users\\Stefan\\Desktop\\Iteh\\EbibliotekaV2\\vendor\\laravel\\framework\\src\\Illuminate\\Routing\\Route.php(211): Illuminate\\Routing\\Route->runController()
#23 C:\\Users\\Stefan\\Desktop\\Iteh\\EbibliotekaV2\\vendor\\laravel\\framework\\src\\Illuminate\\Routing\\Router.php(822): Illuminate\\Routing\\Route->run()
#24 C:\\Users\\Stefan\\Desktop\\Iteh\\EbibliotekaV2\\vendor\\laravel\\framework\\src\\Illuminate\\Pipeline\\Pipeline.php(180): Illuminate\\Routing\\Router->Illuminate\\Routing\\{closure}(Object(Illuminate\\Http\\Request))
#25 C:\\Users\\Stefan\\Desktop\\Iteh\\EbibliotekaV2\\vendor\\laravel\\framework\\src\\Illuminate\\Routing\\Middleware\\SubstituteBindings.php(50): Illuminate\\Pipeline\\Pipeline->Illuminate\\Pipeline\\{closure}(Object(Illuminate\\Http\\Request))
#26 C:\\Users\\Stefan\\Desktop\\Iteh\\EbibliotekaV2\\vendor\\laravel\\framework\\src\\Illuminate\\Pipeline\\Pipeline.php(219): Illuminate\\Routing\\Middleware\\SubstituteBindings->handle(Object(Illuminate\\Http\\Request), Object(Closure))
#27 C:\\Users\\Stefan\\Desktop\\Iteh\\EbibliotekaV2\\vendor\\laravel\\framework\\src\\Illuminate\\Pipeline\\Pipeline.php(137): Illuminate\\Pipeline\\Pipeline->Illuminate\\Pipeline\\{closure}(Object(Illuminate\\Http\\Request))
#28 C:\\Users\\Stefan\\Desktop\\Iteh\\EbibliotekaV2\\vendor\\laravel\\framework\\src\\Illuminate\\Routing\\Router.php(821): Illuminate\\Pipeline\\Pipeline->then(Object(Closure))
#29 C:\\Users\\Stefan\\Desktop\\Iteh\\EbibliotekaV2\\vendor\\laravel\\framework\\src\\Illuminate\\Routing\\Router.php(800): Illuminate\\Routing\\Router->runRouteWithinStack(Object(Illuminate\\Routing\\Route), Object(Illuminate\\Http\\Request))
#30 C:\\Users\\Stefan\\Desktop\\Iteh\\EbibliotekaV2\\vendor\\laravel\\framework\\src\\Illuminate\\Routing\\Router.php(764): Illuminate\\Routing\\Router->runRoute(Object(Illuminate\\Http\\Request), Object(Illuminate\\Routing\\Route))
#31 C:\\Users\\Stefan\\Desktop\\Iteh\\EbibliotekaV2\\vendor\\laravel\\framework\\src\\Illuminate\\Routing\\Router.php(753): Illuminate\\Routing\\Router->dispatchToRoute(Object(Illuminate\\Http\\Request))
#32 C:\\Users\\Stefan\\Desktop\\Iteh\\EbibliotekaV2\\vendor\\laravel\\framework\\src\\Illuminate\\Foundation\\Http\\Kernel.php(200): Illuminate\\Routing\\Router->dispatch(Object(Illuminate\\Http\\Request))
#33 C:\\Users\\Stefan\\Desktop\\Iteh\\EbibliotekaV2\\vendor\\laravel\\framework\\src\\Illuminate\\Pipeline\\Pipeline.php(180): Illuminate\\Foundation\\Http\\Kernel->Illuminate\\Foundation\\Http\\{closure}(Object(Illuminate\\Http\\Request))
#34 C:\\Users\\Stefan\\Desktop\\Iteh\\EbibliotekaV2\\vendor\\laravel\\framework\\src\\Illuminate\\Foundation\\Http\\Middleware\\TransformsRequest.php(21): Illuminate\\Pipeline\\Pipeline->Illuminate\\Pipeline\\{closure}(Object(Illuminate\\Http\\Request))
#35 C:\\Users\\Stefan\\Desktop\\Iteh\\EbibliotekaV2\\vendor\\laravel\\framework\\src\\Illuminate\\Foundation\\Http\\Middleware\\ConvertEmptyStringsToNull.php(31): Illuminate\\Foundation\\Http\\Middleware\\TransformsRequest->handle(Object(Illuminate\\Http\\Request), Object(Closure))
#36 C:\\Users\\Stefan\\Desktop\\Iteh\\EbibliotekaV2\\vendor\\laravel\\framework\\src\\Illuminate\\Pipeline\\Pipeline.php(219): Illuminate\\Foundation\\Http\\Middleware\\ConvertEmptyStringsToNull->handle(Object(Illuminate\\Http\\Request), Object(Closure))
#37 C:\\Users\\Stefan\\Desktop\\Iteh\\EbibliotekaV2\\vendor\\laravel\\framework\\src\\Illuminate\\Foundation\\Http\\Middleware\\TransformsRequest.php(21): Illuminate\\Pipeline\\Pipeline->Illuminate\\Pipeline\\{closure}(Object(Illuminate\\Http\\Request))
#38 C:\\Users\\Stefan\\Desktop\\Iteh\\EbibliotekaV2\\vendor\\laravel\\framework\\src\\Illuminate\\Foundation\\Http\\Middleware\\TrimStrings.php(51): Illuminate\\Foundation\\Http\\Middleware\\TransformsRequest->handle(Object(Illuminate\\Http\\Request), Object(Closure))
#39 C:\\Users\\Stefan\\Desktop\\Iteh\\EbibliotekaV2\\vendor\\laravel\\framework\\src\\Illuminate\\Pipeline\\Pipeline.php(219): Illuminate\\Foundation\\Http\\Middleware\\TrimStrings->handle(Object(Illuminate\\Http\\Request), Object(Closure))
#40 C:\\Users\\Stefan\\Desktop\\Iteh\\EbibliotekaV2\\vendor\\laravel\\framework\\src\\Illuminate\\Http\\Middleware\\ValidatePostSize.php(27): Illuminate\\Pipeline\\Pipeline->Illuminate\\Pipeline\\{closure}(Object(Illuminate\\Http\\Request))
#41 C:\\Users\\Stefan\\Desktop\\Iteh\\EbibliotekaV2\\vendor\\laravel\\framework\\src\\Illuminate\\Pipeline\\Pipeline.php(219): Illuminate\\Http\\Middleware\\ValidatePostSize->handle(Object(Illuminate\\Http\\Request), Object(Closure))
#42 C:\\Users\\Stefan\\Desktop\\Iteh\\EbibliotekaV2\\vendor\\laravel\\framework\\src\\Illuminate\\Foundation\\Http\\Middleware\\PreventRequestsDuringMaintenance.php(109): Illuminate\\Pipeline\\Pipeline->Illuminate\\Pipeline\\{closure}(Object(Illuminate\\Http\\Request))
#43 C:\\Users\\Stefan\\Desktop\\Iteh\\EbibliotekaV2\\vendor\\laravel\\framework\\src\\Illuminate\\Pipeline\\Pipeline.php(219): Illuminate\\Foundation\\Http\\Middleware\\PreventRequestsDuringMaintenance->handle(Object(Illuminate\\Http\\Request), Object(Closure))
#44 C:\\Users\\Stefan\\Desktop\\Iteh\\EbibliotekaV2\\vendor\\laravel\\framework\\src\\Illuminate\\Http\\Middleware\\HandleCors.php(61): Illuminate\\Pipeline\\Pipeline->Illuminate\\Pipeline\\{closure}(Object(Illuminate\\Http\\Request))
#45 C:\\Users\\Stefan\\Desktop\\Iteh\\EbibliotekaV2\\vendor\\laravel\\framework\\src\\Illuminate\\Pipeline\\Pipeline.php(219): Illuminate\\Http\\Middleware\\HandleCors->handle(Object(Illuminate\\Http\\Request), Object(Closure))
#46 C:\\Users\\Stefan\\Desktop\\Iteh\\EbibliotekaV2\\vendor\\laravel\\framework\\src\\Illuminate\\Http\\Middleware\\TrustProxies.php(58): Illuminate\\Pipeline\\Pipeline->Illuminate\\Pipeline\\{closure}(Object(Illuminate\\Http\\Request))
#47 C:\\Users\\Stefan\\Desktop\\Iteh\\EbibliotekaV2\\vendor\\laravel\\framework\\src\\Illuminate\\Pipeline\\Pipeline.php(219): Illuminate\\Http\\Middleware\\TrustProxies->handle(Object(Illuminate\\Http\\Request), Object(Closure))
#48 C:\\Users\\Stefan\\Desktop\\Iteh\\EbibliotekaV2\\vendor\\laravel\\framework\\src\\Illuminate\\Foundation\\Http\\Middleware\\InvokeDeferredCallbacks.php(22): Illuminate\\Pipeline\\Pipeline->Illuminate\\Pipeline\\{closure}(Object(Illuminate\\Http\\Request))
#49 C:\\Users\\Stefan\\Desktop\\Iteh\\EbibliotekaV2\\vendor\\laravel\\framework\\src\\Illuminate\\Pipeline\\Pipeline.php(219): Illuminate\\Foundation\\Http\\Middleware\\InvokeDeferredCallbacks->handle(Object(Illuminate\\Http\\Request), Object(Closure))
#50 C:\\Users\\Stefan\\Desktop\\Iteh\\EbibliotekaV2\\vendor\\laravel\\framework\\src\\Illuminate\\Http\\Middleware\\ValidatePathEncoding.php(26): Illuminate\\Pipeline\\Pipeline->Illuminate\\Pipeline\\{closure}(Object(Illuminate\\Http\\Request))
#51 C:\\Users\\Stefan\\Desktop\\Iteh\\EbibliotekaV2\\vendor\\laravel\\framework\\src\\Illuminate\\Pipeline\\Pipeline.php(219): Illuminate\\Http\\Middleware\\ValidatePathEncoding->handle(Object(Illuminate\\Http\\Request), Object(Closure))
#52 C:\\Users\\Stefan\\Desktop\\Iteh\\EbibliotekaV2\\vendor\\laravel\\framework\\src\\Illuminate\\Pipeline\\Pipeline.php(137): Illuminate\\Pipeline\\Pipeline->Illuminate\\Pipeline\\{closure}(Object(Illuminate\\Http\\Request))
#53 C:\\Users\\Stefan\\Desktop\\Iteh\\EbibliotekaV2\\vendor\\laravel\\framework\\src\\Illuminate\\Foundation\\Http\\Kernel.php(175): Illuminate\\Pipeline\\Pipeline->then(Object(Closure))
#54 C:\\Users\\Stefan\\Desktop\\Iteh\\EbibliotekaV2\\vendor\\laravel\\framework\\src\\Illuminate\\Foundation\\Http\\Kernel.php(144): Illuminate\\Foundation\\Http\\Kernel->sendRequestThroughRouter(Object(Illuminate\\Http\\Request))
#55 C:\\Users\\Stefan\\Desktop\\Iteh\\EbibliotekaV2\\vendor\\laravel\\framework\\src\\Illuminate\\Foundation\\Application.php(1219): Illuminate\\Foundation\\Http\\Kernel->handle(Object(Illuminate\\Http\\Request))
#56 C:\\Users\\Stefan\\Desktop\\Iteh\\EbibliotekaV2\\public\\index.php(20): Illuminate\\Foundation\\Application->handleRequest(Object(Illuminate\\Http\\Request))
#57 C:\\Users\\Stefan\\Desktop\\Iteh\\EbibliotekaV2\\vendor\\laravel\\framework\\src\\Illuminate\\Foundation\\resources\\server.php(23): require_once('C:\\\\Users\\\\Stefan...')
#58 {main}
"} 
[2025-09-15 15:54:17] local.ERROR: SQLSTATE[42S22]: Column not found: 1054 Unknown column 'email' in 'where clause' (Connection: mysql, SQL: select count(*) as aggregate from `users` where `email` = petar@test.com) {"exception":"[object] (Illuminate\\Database\\QueryException(code: 42S22): SQLSTATE[42S22]: Column not found: 1054 Unknown column 'email' in 'where clause' (Connection: mysql, SQL: select count(*) as aggregate from `users` where `email` = petar@test.com) at C:\\Users\\Stefan\\Desktop\\Iteh\\EbibliotekaV2\\vendor\\laravel\\framework\\src\\Illuminate\\Database\\Connection.php:824)
[stacktrace]
#0 C:\\Users\\Stefan\\Desktop\\Iteh\\EbibliotekaV2\\vendor\\laravel\\framework\\src\\Illuminate\\Database\\Connection.php(778): Illuminate\\Database\\Connection->runQueryCallback('select count(*)...', Array, Object(Closure))
#1 C:\\Users\\Stefan\\Desktop\\Iteh\\EbibliotekaV2\\vendor\\laravel\\framework\\src\\Illuminate\\Database\\Connection.php(397): Illuminate\\Database\\Connection->run('select count(*)...', Array, Object(Closure))
#2 C:\\Users\\Stefan\\Desktop\\Iteh\\EbibliotekaV2\\vendor\\laravel\\framework\\src\\Illuminate\\Database\\Query\\Builder.php(3188): Illuminate\\Database\\Connection->select('select count(*)...', Array, false)
#3 C:\\Users\\Stefan\\Desktop\\Iteh\\EbibliotekaV2\\vendor\\laravel\\framework\\src\\Illuminate\\Database\\Query\\Builder.php(3173): Illuminate\\Database\\Query\\Builder->runSelect()
#4 C:\\Users\\Stefan\\Desktop\\Iteh\\EbibliotekaV2\\vendor\\laravel\\framework\\src\\Illuminate\\Database\\Query\\Builder.php(3763): Illuminate\\Database\\Query\\Builder->Illuminate\\Database\\Query\\{closure}()
#5 C:\\Users\\Stefan\\Desktop\\Iteh\\EbibliotekaV2\\vendor\\laravel\\framework\\src\\Illuminate\\Database\\Query\\Builder.php(3172): Illuminate\\Database\\Query\\Builder->onceWithColumns(Array, Object(Closure))
#6 C:\\Users\\Stefan\\Desktop\\Iteh\\EbibliotekaV2\\vendor\\laravel\\framework\\src\\Illuminate\\Database\\Query\\Builder.php(3687): Illuminate\\Database\\Query\\Builder->get(Array)
#7 C:\\Users\\Stefan\\Desktop\\Iteh\\EbibliotekaV2\\vendor\\laravel\\framework\\src\\Illuminate\\Database\\Query\\Builder.php(3615): Illuminate\\Database\\Query\\Builder->aggregate('count', Array)
#8 C:\\Users\\Stefan\\Desktop\\Iteh\\EbibliotekaV2\\vendor\\laravel\\framework\\src\\Illuminate\\Validation\\DatabasePresenceVerifier.php(53): Illuminate\\Database\\Query\\Builder->count()
#9 C:\\Users\\Stefan\\Desktop\\Iteh\\EbibliotekaV2\\vendor\\laravel\\framework\\src\\Illuminate\\Validation\\Concerns\\ValidatesAttributes.php(1061): Illuminate\\Validation\\DatabasePresenceVerifier->getCount('users', 'email', 'petar@test.com', NULL, NULL, Array)
#10 C:\\Users\\Stefan\\Desktop\\Iteh\\EbibliotekaV2\\vendor\\laravel\\framework\\src\\Illuminate\\Validation\\Validator.php(685): Illuminate\\Validation\\Validator->validateUnique('email', 'petar@test.com', Array, Object(Illuminate\\Validation\\Validator))
#11 C:\\Users\\Stefan\\Desktop\\Iteh\\EbibliotekaV2\\vendor\\laravel\\framework\\src\\Illuminate\\Validation\\Validator.php(480): Illuminate\\Validation\\Validator->validateAttribute('email', 'Unique')
#12 C:\\Users\\Stefan\\Desktop\\Iteh\\EbibliotekaV2\\vendor\\laravel\\framework\\src\\Illuminate\\Validation\\Validator.php(515): Illuminate\\Validation\\Validator->passes()
#13 C:\\Users\\Stefan\\Desktop\\Iteh\\EbibliotekaV2\\vendor\\laravel\\framework\\src\\Illuminate\\Validation\\Validator.php(557): Illuminate\\Validation\\Validator->fails()
#14 C:\\Users\\Stefan\\Desktop\\Iteh\\EbibliotekaV2\\vendor\\laravel\\framework\\src\\Illuminate\\Foundation\\Providers\\FoundationServiceProvider.php(155): Illuminate\\Validation\\Validator->validate()
#15 C:\\Users\\Stefan\\Desktop\\Iteh\\EbibliotekaV2\\vendor\\laravel\\framework\\src\\Illuminate\\Macroable\\Traits\\Macroable.php(126): Illuminate\\Http\\Request->Illuminate\\Foundation\\Providers\\{closure}(Array)
#16 C:\\Users\\Stefan\\Desktop\\Iteh\\EbibliotekaV2\\app\\Http\\Controllers\\AuthController.php(15): Illuminate\\Http\\Request->__call('validate', Array)
#17 C:\\Users\\Stefan\\Desktop\\Iteh\\EbibliotekaV2\\vendor\\laravel\\framework\\src\\Illuminate\\Routing\\Controller.php(54): App\\Http\\Controllers\\AuthController->register(Object(Illuminate\\Http\\Request))
#18 C:\\Users\\Stefan\\Desktop\\Iteh\\EbibliotekaV2\\vendor\\laravel\\framework\\src\\Illuminate\\Routing\\ControllerDispatcher.php(43): Illuminate\\Routing\\Controller->callAction('register', Array)
#19 C:\\Users\\Stefan\\Desktop\\Iteh\\EbibliotekaV2\\vendor\\laravel\\framework\\src\\Illuminate\\Routing\\Route.php(265): Illuminate\\Routing\\ControllerDispatcher->dispatch(Object(Illuminate\\Routing\\Route), Object(App\\Http\\Controllers\\AuthController), 'register')
#20 C:\\Users\\Stefan\\Desktop\\Iteh\\EbibliotekaV2\\vendor\\laravel\\framework\\src\\Illuminate\\Routing\\Route.php(211): Illuminate\\Routing\\Route->runController()
#21 C:\\Users\\Stefan\\Desktop\\Iteh\\EbibliotekaV2\\vendor\\laravel\\framework\\src\\Illuminate\\Routing\\Router.php(822): Illuminate\\Routing\\Route->run()
#22 C:\\Users\\Stefan\\Desktop\\Iteh\\EbibliotekaV2\\vendor\\laravel\\framework\\src\\Illuminate\\Pipeline\\Pipeline.php(180): Illuminate\\Routing\\Router->Illuminate\\Routing\\{closure}(Object(Illuminate\\Http\\Request))
#23 C:\\Users\\Stefan\\Desktop\\Iteh\\EbibliotekaV2\\vendor\\laravel\\framework\\src\\Illuminate\\Routing\\Middleware\\SubstituteBindings.php(50): Illuminate\\Pipeline\\Pipeline->Illuminate\\Pipeline\\{closure}(Object(Illuminate\\Http\\Request))
#24 C:\\Users\\Stefan\\Desktop\\Iteh\\EbibliotekaV2\\vendor\\laravel\\framework\\src\\Illuminate\\Pipeline\\Pipeline.php(219): Illuminate\\Routing\\Middleware\\SubstituteBindings->handle(Object(Illuminate\\Http\\Request), Object(Closure))
#25 C:\\Users\\Stefan\\Desktop\\Iteh\\EbibliotekaV2\\vendor\\laravel\\framework\\src\\Illuminate\\Pipeline\\Pipeline.php(137): Illuminate\\Pipeline\\Pipeline->Illuminate\\Pipeline\\{closure}(Object(Illuminate\\Http\\Request))
#26 C:\\Users\\Stefan\\Desktop\\Iteh\\EbibliotekaV2\\vendor\\laravel\\framework\\src\\Illuminate\\Routing\\Router.php(821): Illuminate\\Pipeline\\Pipeline->then(Object(Closure))
#27 C:\\Users\\Stefan\\Desktop\\Iteh\\EbibliotekaV2\\vendor\\laravel\\framework\\src\\Illuminate\\Routing\\Router.php(800): Illuminate\\Routing\\Router->runRouteWithinStack(Object(Illuminate\\Routing\\Route), Object(Illuminate\\Http\\Request))
#28 C:\\Users\\Stefan\\Desktop\\Iteh\\EbibliotekaV2\\vendor\\laravel\\framework\\src\\Illuminate\\Routing\\Router.php(764): Illuminate\\Routing\\Router->runRoute(Object(Illuminate\\Http\\Request), Object(Illuminate\\Routing\\Route))
#29 C:\\Users\\Stefan\\Desktop\\Iteh\\EbibliotekaV2\\vendor\\laravel\\framework\\src\\Illuminate\\Routing\\Router.php(753): Illuminate\\Routing\\Router->dispatchToRoute(Object(Illuminate\\Http\\Request))
#30 C:\\Users\\Stefan\\Desktop\\Iteh\\EbibliotekaV2\\vendor\\laravel\\framework\\src\\Illuminate\\Foundation\\Http\\Kernel.php(200): Illuminate\\Routing\\Router->dispatch(Object(Illuminate\\Http\\Request))
#31 C:\\Users\\Stefan\\Desktop\\Iteh\\EbibliotekaV2\\vendor\\laravel\\framework\\src\\Illuminate\\Pipeline\\Pipeline.php(180): Illuminate\\Foundation\\Http\\Kernel->Illuminate\\Foundation\\Http\\{closure}(Object(Illuminate\\Http\\Request))
#32 C:\\Users\\Stefan\\Desktop\\Iteh\\EbibliotekaV2\\vendor\\laravel\\framework\\src\\Illuminate\\Foundation\\Http\\Middleware\\TransformsRequest.php(21): Illuminate\\Pipeline\\Pipeline->Illuminate\\Pipeline\\{closure}(Object(Illuminate\\Http\\Request))
#33 C:\\Users\\Stefan\\Desktop\\Iteh\\EbibliotekaV2\\vendor\\laravel\\framework\\src\\Illuminate\\Foundation\\Http\\Middleware\\ConvertEmptyStringsToNull.php(31): Illuminate\\Foundation\\Http\\Middleware\\TransformsRequest->handle(Object(Illuminate\\Http\\Request), Object(Closure))
#34 C:\\Users\\Stefan\\Desktop\\Iteh\\EbibliotekaV2\\vendor\\laravel\\framework\\src\\Illuminate\\Pipeline\\Pipeline.php(219): Illuminate\\Foundation\\Http\\Middleware\\ConvertEmptyStringsToNull->handle(Object(Illuminate\\Http\\Request), Object(Closure))
#35 C:\\Users\\Stefan\\Desktop\\Iteh\\EbibliotekaV2\\vendor\\laravel\\framework\\src\\Illuminate\\Foundation\\Http\\Middleware\\TransformsRequest.php(21): Illuminate\\Pipeline\\Pipeline->Illuminate\\Pipeline\\{closure}(Object(Illuminate\\Http\\Request))
#36 C:\\Users\\Stefan\\Desktop\\Iteh\\EbibliotekaV2\\vendor\\laravel\\framework\\src\\Illuminate\\Foundation\\Http\\Middleware\\TrimStrings.php(51): Illuminate\\Foundation\\Http\\Middleware\\TransformsRequest->handle(Object(Illuminate\\Http\\Request), Object(Closure))
#37 C:\\Users\\Stefan\\Desktop\\Iteh\\EbibliotekaV2\\vendor\\laravel\\framework\\src\\Illuminate\\Pipeline\\Pipeline.php(219): Illuminate\\Foundation\\Http\\Middleware\\TrimStrings->handle(Object(Illuminate\\Http\\Request), Object(Closure))
#38 C:\\Users\\Stefan\\Desktop\\Iteh\\EbibliotekaV2\\vendor\\laravel\\framework\\src\\Illuminate\\Http\\Middleware\\ValidatePostSize.php(27): Illuminate\\Pipeline\\Pipeline->Illuminate\\Pipeline\\{closure}(Object(Illuminate\\Http\\Request))
#39 C:\\Users\\Stefan\\Desktop\\Iteh\\EbibliotekaV2\\vendor\\laravel\\framework\\src\\Illuminate\\Pipeline\\Pipeline.php(219): Illuminate\\Http\\Middleware\\ValidatePostSize->handle(Object(Illuminate\\Http\\Request), Object(Closure))
#40 C:\\Users\\Stefan\\Desktop\\Iteh\\EbibliotekaV2\\vendor\\laravel\\framework\\src\\Illuminate\\Foundation\\Http\\Middleware\\PreventRequestsDuringMaintenance.php(109): Illuminate\\Pipeline\\Pipeline->Illuminate\\Pipeline\\{closure}(Object(Illuminate\\Http\\Request))
#41 C:\\Users\\Stefan\\Desktop\\Iteh\\EbibliotekaV2\\vendor\\laravel\\framework\\src\\Illuminate\\Pipeline\\Pipeline.php(219): Illuminate\\Foundation\\Http\\Middleware\\PreventRequestsDuringMaintenance->handle(Object(Illuminate\\Http\\Request), Object(Closure))
#42 C:\\Users\\Stefan\\Desktop\\Iteh\\EbibliotekaV2\\vendor\\laravel\\framework\\src\\Illuminate\\Http\\Middleware\\HandleCors.php(61): Illuminate\\Pipeline\\Pipeline->Illuminate\\Pipeline\\{closure}(Object(Illuminate\\Http\\Request))
#43 C:\\Users\\Stefan\\Desktop\\Iteh\\EbibliotekaV2\\vendor\\laravel\\framework\\src\\Illuminate\\Pipeline\\Pipeline.php(219): Illuminate\\Http\\Middleware\\HandleCors->handle(Object(Illuminate\\Http\\Request), Object(Closure))
#44 C:\\Users\\Stefan\\Desktop\\Iteh\\EbibliotekaV2\\vendor\\laravel\\framework\\src\\Illuminate\\Http\\Middleware\\TrustProxies.php(58): Illuminate\\Pipeline\\Pipeline->Illuminate\\Pipeline\\{closure}(Object(Illuminate\\Http\\Request))
#45 C:\\Users\\Stefan\\Desktop\\Iteh\\EbibliotekaV2\\vendor\\laravel\\framework\\src\\Illuminate\\Pipeline\\Pipeline.php(219): Illuminate\\Http\\Middleware\\TrustProxies->handle(Object(Illuminate\\Http\\Request), Object(Closure))
#46 C:\\Users\\Stefan\\Desktop\\Iteh\\EbibliotekaV2\\vendor\\laravel\\framework\\src\\Illuminate\\Foundation\\Http\\Middleware\\InvokeDeferredCallbacks.php(22): Illuminate\\Pipeline\\Pipeline->Illuminate\\Pipeline\\{closure}(Object(Illuminate\\Http\\Request))
#47 C:\\Users\\Stefan\\Desktop\\Iteh\\EbibliotekaV2\\vendor\\laravel\\framework\\src\\Illuminate\\Pipeline\\Pipeline.php(219): Illuminate\\Foundation\\Http\\Middleware\\InvokeDeferredCallbacks->handle(Object(Illuminate\\Http\\Request), Object(Closure))
#48 C:\\Users\\Stefan\\Desktop\\Iteh\\EbibliotekaV2\\vendor\\laravel\\framework\\src\\Illuminate\\Http\\Middleware\\ValidatePathEncoding.php(26): Illuminate\\Pipeline\\Pipeline->Illuminate\\Pipeline\\{closure}(Object(Illuminate\\Http\\Request))
#49 C:\\Users\\Stefan\\Desktop\\Iteh\\EbibliotekaV2\\vendor\\laravel\\framework\\src\\Illuminate\\Pipeline\\Pipeline.php(219): Illuminate\\Http\\Middleware\\ValidatePathEncoding->handle(Object(Illuminate\\Http\\Request), Object(Closure))
#50 C:\\Users\\Stefan\\Desktop\\Iteh\\EbibliotekaV2\\vendor\\laravel\\framework\\src\\Illuminate\\Pipeline\\Pipeline.php(137): Illuminate\\Pipeline\\Pipeline->Illuminate\\Pipeline\\{closure}(Object(Illuminate\\Http\\Request))
#51 C:\\Users\\Stefan\\Desktop\\Iteh\\EbibliotekaV2\\vendor\\laravel\\framework\\src\\Illuminate\\Foundation\\Http\\Kernel.php(175): Illuminate\\Pipeline\\Pipeline->then(Object(Closure))
#52 C:\\Users\\Stefan\\Desktop\\Iteh\\EbibliotekaV2\\vendor\\laravel\\framework\\src\\Illuminate\\Foundation\\Http\\Kernel.php(144): Illuminate\\Foundation\\Http\\Kernel->sendRequestThroughRouter(Object(Illuminate\\Http\\Request))
#53 C:\\Users\\Stefan\\Desktop\\Iteh\\EbibliotekaV2\\vendor\\laravel\\framework\\src\\Illuminate\\Foundation\\Application.php(1219): Illuminate\\Foundation\\Http\\Kernel->handle(Object(Illuminate\\Http\\Request))
#54 C:\\Users\\Stefan\\Desktop\\Iteh\\EbibliotekaV2\\public\\index.php(20): Illuminate\\Foundation\\Application->handleRequest(Object(Illuminate\\Http\\Request))
#55 C:\\Users\\Stefan\\Desktop\\Iteh\\EbibliotekaV2\\vendor\\laravel\\framework\\src\\Illuminate\\Foundation\\resources\\server.php(23): require_once('C:\\\\Users\\\\Stefan...')
#56 {main}

[previous exception] [object] (PDOException(code: 42S22): SQLSTATE[42S22]: Column not found: 1054 Unknown column 'email' in 'where clause' at C:\\Users\\Stefan\\Desktop\\Iteh\\EbibliotekaV2\\vendor\\laravel\\framework\\src\\Illuminate\\Database\\Connection.php:406)
[stacktrace]
#0 C:\\Users\\Stefan\\Desktop\\Iteh\\EbibliotekaV2\\vendor\\laravel\\framework\\src\\Illuminate\\Database\\Connection.php(406): PDO->prepare('select count(*)...')
#1 C:\\Users\\Stefan\\Desktop\\Iteh\\EbibliotekaV2\\vendor\\laravel\\framework\\src\\Illuminate\\Database\\Connection.php(811): Illuminate\\Database\\Connection->Illuminate\\Database\\{closure}('select count(*)...', Array)
#2 C:\\Users\\Stefan\\Desktop\\Iteh\\EbibliotekaV2\\vendor\\laravel\\framework\\src\\Illuminate\\Database\\Connection.php(778): Illuminate\\Database\\Connection->runQueryCallback('select count(*)...', Array, Object(Closure))
#3 C:\\Users\\Stefan\\Desktop\\Iteh\\EbibliotekaV2\\vendor\\laravel\\framework\\src\\Illuminate\\Database\\Connection.php(397): Illuminate\\Database\\Connection->run('select count(*)...', Array, Object(Closure))
#4 C:\\Users\\Stefan\\Desktop\\Iteh\\EbibliotekaV2\\vendor\\laravel\\framework\\src\\Illuminate\\Database\\Query\\Builder.php(3188): Illuminate\\Database\\Connection->select('select count(*)...', Array, false)
#5 C:\\Users\\Stefan\\Desktop\\Iteh\\EbibliotekaV2\\vendor\\laravel\\framework\\src\\Illuminate\\Database\\Query\\Builder.php(3173): Illuminate\\Database\\Query\\Builder->runSelect()
#6 C:\\Users\\Stefan\\Desktop\\Iteh\\EbibliotekaV2\\vendor\\laravel\\framework\\src\\Illuminate\\Database\\Query\\Builder.php(3763): Illuminate\\Database\\Query\\Builder->Illuminate\\Database\\Query\\{closure}()
#7 C:\\Users\\Stefan\\Desktop\\Iteh\\EbibliotekaV2\\vendor\\laravel\\framework\\src\\Illuminate\\Database\\Query\\Builder.php(3172): Illuminate\\Database\\Query\\Builder->onceWithColumns(Array, Object(Closure))
#8 C:\\Users\\Stefan\\Desktop\\Iteh\\EbibliotekaV2\\vendor\\laravel\\framework\\src\\Illuminate\\Database\\Query\\Builder.php(3687): Illuminate\\Database\\Query\\Builder->get(Array)
#9 C:\\Users\\Stefan\\Desktop\\Iteh\\EbibliotekaV2\\vendor\\laravel\\framework\\src\\Illuminate\\Database\\Query\\Builder.php(3615): Illuminate\\Database\\Query\\Builder->aggregate('count', Array)
#10 C:\\Users\\Stefan\\Desktop\\Iteh\\EbibliotekaV2\\vendor\\laravel\\framework\\src\\Illuminate\\Validation\\DatabasePresenceVerifier.php(53): Illuminate\\Database\\Query\\Builder->count()
#11 C:\\Users\\Stefan\\Desktop\\Iteh\\EbibliotekaV2\\vendor\\laravel\\framework\\src\\Illuminate\\Validation\\Concerns\\ValidatesAttributes.php(1061): Illuminate\\Validation\\DatabasePresenceVerifier->getCount('users', 'email', 'petar@test.com', NULL, NULL, Array)
#12 C:\\Users\\Stefan\\Desktop\\Iteh\\EbibliotekaV2\\vendor\\laravel\\framework\\src\\Illuminate\\Validation\\Validator.php(685): Illuminate\\Validation\\Validator->validateUnique('email', 'petar@test.com', Array, Object(Illuminate\\Validation\\Validator))
#13 C:\\Users\\Stefan\\Desktop\\Iteh\\EbibliotekaV2\\vendor\\laravel\\framework\\src\\Illuminate\\Validation\\Validator.php(480): Illuminate\\Validation\\Validator->validateAttribute('email', 'Unique')
#14 C:\\Users\\Stefan\\Desktop\\Iteh\\EbibliotekaV2\\vendor\\laravel\\framework\\src\\Illuminate\\Validation\\Validator.php(515): Illuminate\\Validation\\Validator->passes()
#15 C:\\Users\\Stefan\\Desktop\\Iteh\\EbibliotekaV2\\vendor\\laravel\\framework\\src\\Illuminate\\Validation\\Validator.php(557): Illuminate\\Validation\\Validator->fails()
#16 C:\\Users\\Stefan\\Desktop\\Iteh\\EbibliotekaV2\\vendor\\laravel\\framework\\src\\Illuminate\\Foundation\\Providers\\FoundationServiceProvider.php(155): Illuminate\\Validation\\Validator->validate()
#17 C:\\Users\\Stefan\\Desktop\\Iteh\\EbibliotekaV2\\vendor\\laravel\\framework\\src\\Illuminate\\Macroable\\Traits\\Macroable.php(126): Illuminate\\Http\\Request->Illuminate\\Foundation\\Providers\\{closure}(Array)
#18 C:\\Users\\Stefan\\Desktop\\Iteh\\EbibliotekaV2\\app\\Http\\Controllers\\AuthController.php(15): Illuminate\\Http\\Request->__call('validate', Array)
#19 C:\\Users\\Stefan\\Desktop\\Iteh\\EbibliotekaV2\\vendor\\laravel\\framework\\src\\Illuminate\\Routing\\Controller.php(54): App\\Http\\Controllers\\AuthController->register(Object(Illuminate\\Http\\Request))
#20 C:\\Users\\Stefan\\Desktop\\Iteh\\EbibliotekaV2\\vendor\\laravel\\framework\\src\\Illuminate\\Routing\\ControllerDispatcher.php(43): Illuminate\\Routing\\Controller->callAction('register', Array)
#21 C:\\Users\\Stefan\\Desktop\\Iteh\\EbibliotekaV2\\vendor\\laravel\\framework\\src\\Illuminate\\Routing\\Route.php(265): Illuminate\\Routing\\ControllerDispatcher->dispatch(Object(Illuminate\\Routing\\Route), Object(App\\Http\\Controllers\\AuthController), 'register')
#22 C:\\Users\\Stefan\\Desktop\\Iteh\\EbibliotekaV2\\vendor\\laravel\\framework\\src\\Illuminate\\Routing\\Route.php(211): Illuminate\\Routing\\Route->runController()
#23 C:\\Users\\Stefan\\Desktop\\Iteh\\EbibliotekaV2\\vendor\\laravel\\framework\\src\\Illuminate\\Routing\\Router.php(822): Illuminate\\Routing\\Route->run()
#24 C:\\Users\\Stefan\\Desktop\\Iteh\\EbibliotekaV2\\vendor\\laravel\\framework\\src\\Illuminate\\Pipeline\\Pipeline.php(180): Illuminate\\Routing\\Router->Illuminate\\Routing\\{closure}(Object(Illuminate\\Http\\Request))
#25 C:\\Users\\Stefan\\Desktop\\Iteh\\EbibliotekaV2\\vendor\\laravel\\framework\\src\\Illuminate\\Routing\\Middleware\\SubstituteBindings.php(50): Illuminate\\Pipeline\\Pipeline->Illuminate\\Pipeline\\{closure}(Object(Illuminate\\Http\\Request))
#26 C:\\Users\\Stefan\\Desktop\\Iteh\\EbibliotekaV2\\vendor\\laravel\\framework\\src\\Illuminate\\Pipeline\\Pipeline.php(219): Illuminate\\Routing\\Middleware\\SubstituteBindings->handle(Object(Illuminate\\Http\\Request), Object(Closure))
#27 C:\\Users\\Stefan\\Desktop\\Iteh\\EbibliotekaV2\\vendor\\laravel\\framework\\src\\Illuminate\\Pipeline\\Pipeline.php(137): Illuminate\\Pipeline\\Pipeline->Illuminate\\Pipeline\\{closure}(Object(Illuminate\\Http\\Request))
#28 C:\\Users\\Stefan\\Desktop\\Iteh\\EbibliotekaV2\\vendor\\laravel\\framework\\src\\Illuminate\\Routing\\Router.php(821): Illuminate\\Pipeline\\Pipeline->then(Object(Closure))
#29 C:\\Users\\Stefan\\Desktop\\Iteh\\EbibliotekaV2\\vendor\\laravel\\framework\\src\\Illuminate\\Routing\\Router.php(800): Illuminate\\Routing\\Router->runRouteWithinStack(Object(Illuminate\\Routing\\Route), Object(Illuminate\\Http\\Request))
#30 C:\\Users\\Stefan\\Desktop\\Iteh\\EbibliotekaV2\\vendor\\laravel\\framework\\src\\Illuminate\\Routing\\Router.php(764): Illuminate\\Routing\\Router->runRoute(Object(Illuminate\\Http\\Request), Object(Illuminate\\Routing\\Route))
#31 C:\\Users\\Stefan\\Desktop\\Iteh\\EbibliotekaV2\\vendor\\laravel\\framework\\src\\Illuminate\\Routing\\Router.php(753): Illuminate\\Routing\\Router->dispatchToRoute(Object(Illuminate\\Http\\Request))
#32 C:\\Users\\Stefan\\Desktop\\Iteh\\EbibliotekaV2\\vendor\\laravel\\framework\\src\\Illuminate\\Foundation\\Http\\Kernel.php(200): Illuminate\\Routing\\Router->dispatch(Object(Illuminate\\Http\\Request))
#33 C:\\Users\\Stefan\\Desktop\\Iteh\\EbibliotekaV2\\vendor\\laravel\\framework\\src\\Illuminate\\Pipeline\\Pipeline.php(180): Illuminate\\Foundation\\Http\\Kernel->Illuminate\\Foundation\\Http\\{closure}(Object(Illuminate\\Http\\Request))
#34 C:\\Users\\Stefan\\Desktop\\Iteh\\EbibliotekaV2\\vendor\\laravel\\framework\\src\\Illuminate\\Foundation\\Http\\Middleware\\TransformsRequest.php(21): Illuminate\\Pipeline\\Pipeline->Illuminate\\Pipeline\\{closure}(Object(Illuminate\\Http\\Request))
#35 C:\\Users\\Stefan\\Desktop\\Iteh\\EbibliotekaV2\\vendor\\laravel\\framework\\src\\Illuminate\\Foundation\\Http\\Middleware\\ConvertEmptyStringsToNull.php(31): Illuminate\\Foundation\\Http\\Middleware\\TransformsRequest->handle(Object(Illuminate\\Http\\Request), Object(Closure))
#36 C:\\Users\\Stefan\\Desktop\\Iteh\\EbibliotekaV2\\vendor\\laravel\\framework\\src\\Illuminate\\Pipeline\\Pipeline.php(219): Illuminate\\Foundation\\Http\\Middleware\\ConvertEmptyStringsToNull->handle(Object(Illuminate\\Http\\Request), Object(Closure))
#37 C:\\Users\\Stefan\\Desktop\\Iteh\\EbibliotekaV2\\vendor\\laravel\\framework\\src\\Illuminate\\Foundation\\Http\\Middleware\\TransformsRequest.php(21): Illuminate\\Pipeline\\Pipeline->Illuminate\\Pipeline\\{closure}(Object(Illuminate\\Http\\Request))
#38 C:\\Users\\Stefan\\Desktop\\Iteh\\EbibliotekaV2\\vendor\\laravel\\framework\\src\\Illuminate\\Foundation\\Http\\Middleware\\TrimStrings.php(51): Illuminate\\Foundation\\Http\\Middleware\\TransformsRequest->handle(Object(Illuminate\\Http\\Request), Object(Closure))
#39 C:\\Users\\Stefan\\Desktop\\Iteh\\EbibliotekaV2\\vendor\\laravel\\framework\\src\\Illuminate\\Pipeline\\Pipeline.php(219): Illuminate\\Foundation\\Http\\Middleware\\TrimStrings->handle(Object(Illuminate\\Http\\Request), Object(Closure))
#40 C:\\Users\\Stefan\\Desktop\\Iteh\\EbibliotekaV2\\vendor\\laravel\\framework\\src\\Illuminate\\Http\\Middleware\\ValidatePostSize.php(27): Illuminate\\Pipeline\\Pipeline->Illuminate\\Pipeline\\{closure}(Object(Illuminate\\Http\\Request))
#41 C:\\Users\\Stefan\\Desktop\\Iteh\\EbibliotekaV2\\vendor\\laravel\\framework\\src\\Illuminate\\Pipeline\\Pipeline.php(219): Illuminate\\Http\\Middleware\\ValidatePostSize->handle(Object(Illuminate\\Http\\Request), Object(Closure))
#42 C:\\Users\\Stefan\\Desktop\\Iteh\\EbibliotekaV2\\vendor\\laravel\\framework\\src\\Illuminate\\Foundation\\Http\\Middleware\\PreventRequestsDuringMaintenance.php(109): Illuminate\\Pipeline\\Pipeline->Illuminate\\Pipeline\\{closure}(Object(Illuminate\\Http\\Request))
#43 C:\\Users\\Stefan\\Desktop\\Iteh\\EbibliotekaV2\\vendor\\laravel\\framework\\src\\Illuminate\\Pipeline\\Pipeline.php(219): Illuminate\\Foundation\\Http\\Middleware\\PreventRequestsDuringMaintenance->handle(Object(Illuminate\\Http\\Request), Object(Closure))
#44 C:\\Users\\Stefan\\Desktop\\Iteh\\EbibliotekaV2\\vendor\\laravel\\framework\\src\\Illuminate\\Http\\Middleware\\HandleCors.php(61): Illuminate\\Pipeline\\Pipeline->Illuminate\\Pipeline\\{closure}(Object(Illuminate\\Http\\Request))
#45 C:\\Users\\Stefan\\Desktop\\Iteh\\EbibliotekaV2\\vendor\\laravel\\framework\\src\\Illuminate\\Pipeline\\Pipeline.php(219): Illuminate\\Http\\Middleware\\HandleCors->handle(Object(Illuminate\\Http\\Request), Object(Closure))
#46 C:\\Users\\Stefan\\Desktop\\Iteh\\EbibliotekaV2\\vendor\\laravel\\framework\\src\\Illuminate\\Http\\Middleware\\TrustProxies.php(58): Illuminate\\Pipeline\\Pipeline->Illuminate\\Pipeline\\{closure}(Object(Illuminate\\Http\\Request))
#47 C:\\Users\\Stefan\\Desktop\\Iteh\\EbibliotekaV2\\vendor\\laravel\\framework\\src\\Illuminate\\Pipeline\\Pipeline.php(219): Illuminate\\Http\\Middleware\\TrustProxies->handle(Object(Illuminate\\Http\\Request), Object(Closure))
#48 C:\\Users\\Stefan\\Desktop\\Iteh\\EbibliotekaV2\\vendor\\laravel\\framework\\src\\Illuminate\\Foundation\\Http\\Middleware\\InvokeDeferredCallbacks.php(22): Illuminate\\Pipeline\\Pipeline->Illuminate\\Pipeline\\{closure}(Object(Illuminate\\Http\\Request))
#49 C:\\Users\\Stefan\\Desktop\\Iteh\\EbibliotekaV2\\vendor\\laravel\\framework\\src\\Illuminate\\Pipeline\\Pipeline.php(219): Illuminate\\Foundation\\Http\\Middleware\\InvokeDeferredCallbacks->handle(Object(Illuminate\\Http\\Request), Object(Closure))
#50 C:\\Users\\Stefan\\Desktop\\Iteh\\EbibliotekaV2\\vendor\\laravel\\framework\\src\\Illuminate\\Http\\Middleware\\ValidatePathEncoding.php(26): Illuminate\\Pipeline\\Pipeline->Illuminate\\Pipeline\\{closure}(Object(Illuminate\\Http\\Request))
#51 C:\\Users\\Stefan\\Desktop\\Iteh\\EbibliotekaV2\\vendor\\laravel\\framework\\src\\Illuminate\\Pipeline\\Pipeline.php(219): Illuminate\\Http\\Middleware\\ValidatePathEncoding->handle(Object(Illuminate\\Http\\Request), Object(Closure))
#52 C:\\Users\\Stefan\\Desktop\\Iteh\\EbibliotekaV2\\vendor\\laravel\\framework\\src\\Illuminate\\Pipeline\\Pipeline.php(137): Illuminate\\Pipeline\\Pipeline->Illuminate\\Pipeline\\{closure}(Object(Illuminate\\Http\\Request))
#53 C:\\Users\\Stefan\\Desktop\\Iteh\\EbibliotekaV2\\vendor\\laravel\\framework\\src\\Illuminate\\Foundation\\Http\\Kernel.php(175): Illuminate\\Pipeline\\Pipeline->then(Object(Closure))
#54 C:\\Users\\Stefan\\Desktop\\Iteh\\EbibliotekaV2\\vendor\\laravel\\framework\\src\\Illuminate\\Foundation\\Http\\Kernel.php(144): Illuminate\\Foundation\\Http\\Kernel->sendRequestThroughRouter(Object(Illuminate\\Http\\Request))
#55 C:\\Users\\Stefan\\Desktop\\Iteh\\EbibliotekaV2\\vendor\\laravel\\framework\\src\\Illuminate\\Foundation\\Application.php(1219): Illuminate\\Foundation\\Http\\Kernel->handle(Object(Illuminate\\Http\\Request))
#56 C:\\Users\\Stefan\\Desktop\\Iteh\\EbibliotekaV2\\public\\index.php(20): Illuminate\\Foundation\\Application->handleRequest(Object(Illuminate\\Http\\Request))
#57 C:\\Users\\Stefan\\Desktop\\Iteh\\EbibliotekaV2\\vendor\\laravel\\framework\\src\\Illuminate\\Foundation\\resources\\server.php(23): require_once('C:\\\\Users\\\\Stefan...')
#58 {main}
"} 
[2025-09-15 16:07:38] local.ERROR: SQLSTATE[42S02]: Base table or view not found: 1146 Table 'baza_ebibliotekav2.sessions' doesn't exist (Connection: mysql, SQL: select * from `sessions` where `id` = f6zBbtC0XSKYrWUHSwIcWDgujiLMXrR4hX2VdqgH limit 1) {"exception":"[object] (Illuminate\\Database\\QueryException(code: 42S02): SQLSTATE[42S02]: Base table or view not found: 1146 Table 'baza_ebibliotekav2.sessions' doesn't exist (Connection: mysql, SQL: select * from `sessions` where `id` = f6zBbtC0XSKYrWUHSwIcWDgujiLMXrR4hX2VdqgH limit 1) at C:\\Users\\Stefan\\Desktop\\Iteh\\EbibliotekaV2\\vendor\\laravel\\framework\\src\\Illuminate\\Database\\Connection.php:824)
[stacktrace]
#0 C:\\Users\\Stefan\\Desktop\\Iteh\\EbibliotekaV2\\vendor\\laravel\\framework\\src\\Illuminate\\Database\\Connection.php(778): Illuminate\\Database\\Connection->runQueryCallback('select * from `...', Array, Object(Closure))
#1 C:\\Users\\Stefan\\Desktop\\Iteh\\EbibliotekaV2\\vendor\\laravel\\framework\\src\\Illuminate\\Database\\Connection.php(397): Illuminate\\Database\\Connection->run('select * from `...', Array, Object(Closure))
#2 C:\\Users\\Stefan\\Desktop\\Iteh\\EbibliotekaV2\\vendor\\laravel\\framework\\src\\Illuminate\\Database\\Query\\Builder.php(3188): Illuminate\\Database\\Connection->select('select * from `...', Array, false)
#3 C:\\Users\\Stefan\\Desktop\\Iteh\\EbibliotekaV2\\vendor\\laravel\\framework\\src\\Illuminate\\Database\\Query\\Builder.php(3173): Illuminate\\Database\\Query\\Builder->runSelect()
#4 C:\\Users\\Stefan\\Desktop\\Iteh\\EbibliotekaV2\\vendor\\laravel\\framework\\src\\Illuminate\\Database\\Query\\Builder.php(3763): Illuminate\\Database\\Query\\Builder->Illuminate\\Database\\Query\\{closure}()
#5 C:\\Users\\Stefan\\Desktop\\Iteh\\EbibliotekaV2\\vendor\\laravel\\framework\\src\\Illuminate\\Database\\Query\\Builder.php(3172): Illuminate\\Database\\Query\\Builder->onceWithColumns(Array, Object(Closure))
#6 C:\\Users\\Stefan\\Desktop\\Iteh\\EbibliotekaV2\\vendor\\laravel\\framework\\src\\Illuminate\\Database\\Concerns\\BuildsQueries.php(366): Illuminate\\Database\\Query\\Builder->get(Array)
#7 C:\\Users\\Stefan\\Desktop\\Iteh\\EbibliotekaV2\\vendor\\laravel\\framework\\src\\Illuminate\\Database\\Query\\Builder.php(3095): Illuminate\\Database\\Query\\Builder->first(Array)
#8 C:\\Users\\Stefan\\Desktop\\Iteh\\EbibliotekaV2\\vendor\\laravel\\framework\\src\\Illuminate\\Session\\DatabaseSessionHandler.php(96): Illuminate\\Database\\Query\\Builder->find('f6zBbtC0XSKYrWU...')
#9 C:\\Users\\Stefan\\Desktop\\Iteh\\EbibliotekaV2\\vendor\\laravel\\framework\\src\\Illuminate\\Session\\Store.php(116): Illuminate\\Session\\DatabaseSessionHandler->read('f6zBbtC0XSKYrWU...')
#10 C:\\Users\\Stefan\\Desktop\\Iteh\\EbibliotekaV2\\vendor\\laravel\\framework\\src\\Illuminate\\Session\\Store.php(104): Illuminate\\Session\\Store->readFromHandler()
#11 C:\\Users\\Stefan\\Desktop\\Iteh\\EbibliotekaV2\\vendor\\laravel\\framework\\src\\Illuminate\\Session\\Store.php(88): Illuminate\\Session\\Store->loadSession()
#12 C:\\Users\\Stefan\\Desktop\\Iteh\\EbibliotekaV2\\vendor\\laravel\\framework\\src\\Illuminate\\Session\\Middleware\\StartSession.php(146): Illuminate\\Session\\Store->start()
#13 C:\\Users\\Stefan\\Desktop\\Iteh\\EbibliotekaV2\\vendor\\laravel\\framework\\src\\Illuminate\\Support\\helpers.php(399): Illuminate\\Session\\Middleware\\StartSession->Illuminate\\Session\\Middleware\\{closure}(Object(Illuminate\\Session\\Store))
#14 C:\\Users\\Stefan\\Desktop\\Iteh\\EbibliotekaV2\\vendor\\laravel\\framework\\src\\Illuminate\\Session\\Middleware\\StartSession.php(143): tap(Object(Illuminate\\Session\\Store), Object(Closure))
#15 C:\\Users\\Stefan\\Desktop\\Iteh\\EbibliotekaV2\\vendor\\laravel\\framework\\src\\Illuminate\\Session\\Middleware\\StartSession.php(115): Illuminate\\Session\\Middleware\\StartSession->startSession(Object(Illuminate\\Http\\Request), Object(Illuminate\\Session\\Store))
#16 C:\\Users\\Stefan\\Desktop\\Iteh\\EbibliotekaV2\\vendor\\laravel\\framework\\src\\Illuminate\\Session\\Middleware\\StartSession.php(63): Illuminate\\Session\\Middleware\\StartSession->handleStatefulRequest(Object(Illuminate\\Http\\Request), Object(Illuminate\\Session\\Store), Object(Closure))
#17 C:\\Users\\Stefan\\Desktop\\Iteh\\EbibliotekaV2\\vendor\\laravel\\framework\\src\\Illuminate\\Pipeline\\Pipeline.php(219): Illuminate\\Session\\Middleware\\StartSession->handle(Object(Illuminate\\Http\\Request), Object(Closure))
#18 C:\\Users\\Stefan\\Desktop\\Iteh\\EbibliotekaV2\\vendor\\laravel\\framework\\src\\Illuminate\\Cookie\\Middleware\\AddQueuedCookiesToResponse.php(36): Illuminate\\Pipeline\\Pipeline->Illuminate\\Pipeline\\{closure}(Object(Illuminate\\Http\\Request))
#19 C:\\Users\\Stefan\\Desktop\\Iteh\\EbibliotekaV2\\vendor\\laravel\\framework\\src\\Illuminate\\Pipeline\\Pipeline.php(219): Illuminate\\Cookie\\Middleware\\AddQueuedCookiesToResponse->handle(Object(Illuminate\\Http\\Request), Object(Closure))
#20 C:\\Users\\Stefan\\Desktop\\Iteh\\EbibliotekaV2\\vendor\\laravel\\framework\\src\\Illuminate\\Cookie\\Middleware\\EncryptCookies.php(74): Illuminate\\Pipeline\\Pipeline->Illuminate\\Pipeline\\{closure}(Object(Illuminate\\Http\\Request))
#21 C:\\Users\\Stefan\\Desktop\\Iteh\\EbibliotekaV2\\vendor\\laravel\\framework\\src\\Illuminate\\Pipeline\\Pipeline.php(219): Illuminate\\Cookie\\Middleware\\EncryptCookies->handle(Object(Illuminate\\Http\\Request), Object(Closure))
#22 C:\\Users\\Stefan\\Desktop\\Iteh\\EbibliotekaV2\\vendor\\laravel\\framework\\src\\Illuminate\\Pipeline\\Pipeline.php(137): Illuminate\\Pipeline\\Pipeline->Illuminate\\Pipeline\\{closure}(Object(Illuminate\\Http\\Request))
#23 C:\\Users\\Stefan\\Desktop\\Iteh\\EbibliotekaV2\\vendor\\laravel\\framework\\src\\Illuminate\\Routing\\Router.php(821): Illuminate\\Pipeline\\Pipeline->then(Object(Closure))
#24 C:\\Users\\Stefan\\Desktop\\Iteh\\EbibliotekaV2\\vendor\\laravel\\framework\\src\\Illuminate\\Routing\\Router.php(800): Illuminate\\Routing\\Router->runRouteWithinStack(Object(Illuminate\\Routing\\Route), Object(Illuminate\\Http\\Request))
#25 C:\\Users\\Stefan\\Desktop\\Iteh\\EbibliotekaV2\\vendor\\laravel\\framework\\src\\Illuminate\\Routing\\Router.php(764): Illuminate\\Routing\\Router->runRoute(Object(Illuminate\\Http\\Request), Object(Illuminate\\Routing\\Route))
#26 C:\\Users\\Stefan\\Desktop\\Iteh\\EbibliotekaV2\\vendor\\laravel\\framework\\src\\Illuminate\\Routing\\Router.php(753): Illuminate\\Routing\\Router->dispatchToRoute(Object(Illuminate\\Http\\Request))
#27 C:\\Users\\Stefan\\Desktop\\Iteh\\EbibliotekaV2\\vendor\\laravel\\framework\\src\\Illuminate\\Foundation\\Http\\Kernel.php(200): Illuminate\\Routing\\Router->dispatch(Object(Illuminate\\Http\\Request))
#28 C:\\Users\\Stefan\\Desktop\\Iteh\\EbibliotekaV2\\vendor\\laravel\\framework\\src\\Illuminate\\Pipeline\\Pipeline.php(180): Illuminate\\Foundation\\Http\\Kernel->Illuminate\\Foundation\\Http\\{closure}(Object(Illuminate\\Http\\Request))
#29 C:\\Users\\Stefan\\Desktop\\Iteh\\EbibliotekaV2\\vendor\\laravel\\framework\\src\\Illuminate\\Foundation\\Http\\Middleware\\TransformsRequest.php(21): Illuminate\\Pipeline\\Pipeline->Illuminate\\Pipeline\\{closure}(Object(Illuminate\\Http\\Request))
#30 C:\\Users\\Stefan\\Desktop\\Iteh\\EbibliotekaV2\\vendor\\laravel\\framework\\src\\Illuminate\\Foundation\\Http\\Middleware\\ConvertEmptyStringsToNull.php(31): Illuminate\\Foundation\\Http\\Middleware\\TransformsRequest->handle(Object(Illuminate\\Http\\Request), Object(Closure))
#31 C:\\Users\\Stefan\\Desktop\\Iteh\\EbibliotekaV2\\vendor\\laravel\\framework\\src\\Illuminate\\Pipeline\\Pipeline.php(219): Illuminate\\Foundation\\Http\\Middleware\\ConvertEmptyStringsToNull->handle(Object(Illuminate\\Http\\Request), Object(Closure))
#32 C:\\Users\\Stefan\\Desktop\\Iteh\\EbibliotekaV2\\vendor\\laravel\\framework\\src\\Illuminate\\Foundation\\Http\\Middleware\\TransformsRequest.php(21): Illuminate\\Pipeline\\Pipeline->Illuminate\\Pipeline\\{closure}(Object(Illuminate\\Http\\Request))
#33 C:\\Users\\Stefan\\Desktop\\Iteh\\EbibliotekaV2\\vendor\\laravel\\framework\\src\\Illuminate\\Foundation\\Http\\Middleware\\TrimStrings.php(51): Illuminate\\Foundation\\Http\\Middleware\\TransformsRequest->handle(Object(Illuminate\\Http\\Request), Object(Closure))
#34 C:\\Users\\Stefan\\Desktop\\Iteh\\EbibliotekaV2\\vendor\\laravel\\framework\\src\\Illuminate\\Pipeline\\Pipeline.php(219): Illuminate\\Foundation\\Http\\Middleware\\TrimStrings->handle(Object(Illuminate\\Http\\Request), Object(Closure))
#35 C:\\Users\\Stefan\\Desktop\\Iteh\\EbibliotekaV2\\vendor\\laravel\\framework\\src\\Illuminate\\Http\\Middleware\\ValidatePostSize.php(27): Illuminate\\Pipeline\\Pipeline->Illuminate\\Pipeline\\{closure}(Object(Illuminate\\Http\\Request))
#36 C:\\Users\\Stefan\\Desktop\\Iteh\\EbibliotekaV2\\vendor\\laravel\\framework\\src\\Illuminate\\Pipeline\\Pipeline.php(219): Illuminate\\Http\\Middleware\\ValidatePostSize->handle(Object(Illuminate\\Http\\Request), Object(Closure))
#37 C:\\Users\\Stefan\\Desktop\\Iteh\\EbibliotekaV2\\vendor\\laravel\\framework\\src\\Illuminate\\Foundation\\Http\\Middleware\\PreventRequestsDuringMaintenance.php(109): Illuminate\\Pipeline\\Pipeline->Illuminate\\Pipeline\\{closure}(Object(Illuminate\\Http\\Request))
#38 C:\\Users\\Stefan\\Desktop\\Iteh\\EbibliotekaV2\\vendor\\laravel\\framework\\src\\Illuminate\\Pipeline\\Pipeline.php(219): Illuminate\\Foundation\\Http\\Middleware\\PreventRequestsDuringMaintenance->handle(Object(Illuminate\\Http\\Request), Object(Closure))
#39 C:\\Users\\Stefan\\Desktop\\Iteh\\EbibliotekaV2\\vendor\\laravel\\framework\\src\\Illuminate\\Http\\Middleware\\HandleCors.php(48): Illuminate\\Pipeline\\Pipeline->Illuminate\\Pipeline\\{closure}(Object(Illuminate\\Http\\Request))
#40 C:\\Users\\Stefan\\Desktop\\Iteh\\EbibliotekaV2\\vendor\\laravel\\framework\\src\\Illuminate\\Pipeline\\Pipeline.php(219): Illuminate\\Http\\Middleware\\HandleCors->handle(Object(Illuminate\\Http\\Request), Object(Closure))
#41 C:\\Users\\Stefan\\Desktop\\Iteh\\EbibliotekaV2\\vendor\\laravel\\framework\\src\\Illuminate\\Http\\Middleware\\TrustProxies.php(58): Illuminate\\Pipeline\\Pipeline->Illuminate\\Pipeline\\{closure}(Object(Illuminate\\Http\\Request))
#42 C:\\Users\\Stefan\\Desktop\\Iteh\\EbibliotekaV2\\vendor\\laravel\\framework\\src\\Illuminate\\Pipeline\\Pipeline.php(219): Illuminate\\Http\\Middleware\\TrustProxies->handle(Object(Illuminate\\Http\\Request), Object(Closure))
#43 C:\\Users\\Stefan\\Desktop\\Iteh\\EbibliotekaV2\\vendor\\laravel\\framework\\src\\Illuminate\\Foundation\\Http\\Middleware\\InvokeDeferredCallbacks.php(22): Illuminate\\Pipeline\\Pipeline->Illuminate\\Pipeline\\{closure}(Object(Illuminate\\Http\\Request))
#44 C:\\Users\\Stefan\\Desktop\\Iteh\\EbibliotekaV2\\vendor\\laravel\\framework\\src\\Illuminate\\Pipeline\\Pipeline.php(219): Illuminate\\Foundation\\Http\\Middleware\\InvokeDeferredCallbacks->handle(Object(Illuminate\\Http\\Request), Object(Closure))
#45 C:\\Users\\Stefan\\Desktop\\Iteh\\EbibliotekaV2\\vendor\\laravel\\framework\\src\\Illuminate\\Http\\Middleware\\ValidatePathEncoding.php(26): Illuminate\\Pipeline\\Pipeline->Illuminate\\Pipeline\\{closure}(Object(Illuminate\\Http\\Request))
#46 C:\\Users\\Stefan\\Desktop\\Iteh\\EbibliotekaV2\\vendor\\laravel\\framework\\src\\Illuminate\\Pipeline\\Pipeline.php(219): Illuminate\\Http\\Middleware\\ValidatePathEncoding->handle(Object(Illuminate\\Http\\Request), Object(Closure))
#47 C:\\Users\\Stefan\\Desktop\\Iteh\\EbibliotekaV2\\vendor\\laravel\\framework\\src\\Illuminate\\Pipeline\\Pipeline.php(137): Illuminate\\Pipeline\\Pipeline->Illuminate\\Pipeline\\{closure}(Object(Illuminate\\Http\\Request))
#48 C:\\Users\\Stefan\\Desktop\\Iteh\\EbibliotekaV2\\vendor\\laravel\\framework\\src\\Illuminate\\Foundation\\Http\\Kernel.php(175): Illuminate\\Pipeline\\Pipeline->then(Object(Closure))
#49 C:\\Users\\Stefan\\Desktop\\Iteh\\EbibliotekaV2\\vendor\\laravel\\framework\\src\\Illuminate\\Foundation\\Http\\Kernel.php(144): Illuminate\\Foundation\\Http\\Kernel->sendRequestThroughRouter(Object(Illuminate\\Http\\Request))
#50 C:\\Users\\Stefan\\Desktop\\Iteh\\EbibliotekaV2\\vendor\\laravel\\framework\\src\\Illuminate\\Foundation\\Application.php(1219): Illuminate\\Foundation\\Http\\Kernel->handle(Object(Illuminate\\Http\\Request))
#51 C:\\Users\\Stefan\\Desktop\\Iteh\\EbibliotekaV2\\public\\index.php(20): Illuminate\\Foundation\\Application->handleRequest(Object(Illuminate\\Http\\Request))
#52 C:\\Users\\Stefan\\Desktop\\Iteh\\EbibliotekaV2\\vendor\\laravel\\framework\\src\\Illuminate\\Foundation\\resources\\server.php(23): require_once('C:\\\\Users\\\\Stefan...')
#53 {main}

[previous exception] [object] (PDOException(code: 42S02): SQLSTATE[42S02]: Base table or view not found: 1146 Table 'baza_ebibliotekav2.sessions' doesn't exist at C:\\Users\\Stefan\\Desktop\\Iteh\\EbibliotekaV2\\vendor\\laravel\\framework\\src\\Illuminate\\Database\\Connection.php:406)
[stacktrace]
#0 C:\\Users\\Stefan\\Desktop\\Iteh\\EbibliotekaV2\\vendor\\laravel\\framework\\src\\Illuminate\\Database\\Connection.php(406): PDO->prepare('select * from `...')
#1 C:\\Users\\Stefan\\Desktop\\Iteh\\EbibliotekaV2\\vendor\\laravel\\framework\\src\\Illuminate\\Database\\Connection.php(811): Illuminate\\Database\\Connection->Illuminate\\Database\\{closure}('select * from `...', Array)
#2 C:\\Users\\Stefan\\Desktop\\Iteh\\EbibliotekaV2\\vendor\\laravel\\framework\\src\\Illuminate\\Database\\Connection.php(778): Illuminate\\Database\\Connection->runQueryCallback('select * from `...', Array, Object(Closure))
#3 C:\\Users\\Stefan\\Desktop\\Iteh\\EbibliotekaV2\\vendor\\laravel\\framework\\src\\Illuminate\\Database\\Connection.php(397): Illuminate\\Database\\Connection->run('select * from `...', Array, Object(Closure))
#4 C:\\Users\\Stefan\\Desktop\\Iteh\\EbibliotekaV2\\vendor\\laravel\\framework\\src\\Illuminate\\Database\\Query\\Builder.php(3188): Illuminate\\Database\\Connection->select('select * from `...', Array, false)
#5 C:\\Users\\Stefan\\Desktop\\Iteh\\EbibliotekaV2\\vendor\\laravel\\framework\\src\\Illuminate\\Database\\Query\\Builder.php(3173): Illuminate\\Database\\Query\\Builder->runSelect()
#6 C:\\Users\\Stefan\\Desktop\\Iteh\\EbibliotekaV2\\vendor\\laravel\\framework\\src\\Illuminate\\Database\\Query\\Builder.php(3763): Illuminate\\Database\\Query\\Builder->Illuminate\\Database\\Query\\{closure}()
#7 C:\\Users\\Stefan\\Desktop\\Iteh\\EbibliotekaV2\\vendor\\laravel\\framework\\src\\Illuminate\\Database\\Query\\Builder.php(3172): Illuminate\\Database\\Query\\Builder->onceWithColumns(Array, Object(Closure))
#8 C:\\Users\\Stefan\\Desktop\\Iteh\\EbibliotekaV2\\vendor\\laravel\\framework\\src\\Illuminate\\Database\\Concerns\\BuildsQueries.php(366): Illuminate\\Database\\Query\\Builder->get(Array)
#9 C:\\Users\\Stefan\\Desktop\\Iteh\\EbibliotekaV2\\vendor\\laravel\\framework\\src\\Illuminate\\Database\\Query\\Builder.php(3095): Illuminate\\Database\\Query\\Builder->first(Array)
#10 C:\\Users\\Stefan\\Desktop\\Iteh\\EbibliotekaV2\\vendor\\laravel\\framework\\src\\Illuminate\\Session\\DatabaseSessionHandler.php(96): Illuminate\\Database\\Query\\Builder->find('f6zBbtC0XSKYrWU...')
#11 C:\\Users\\Stefan\\Desktop\\Iteh\\EbibliotekaV2\\vendor\\laravel\\framework\\src\\Illuminate\\Session\\Store.php(116): Illuminate\\Session\\DatabaseSessionHandler->read('f6zBbtC0XSKYrWU...')
#12 C:\\Users\\Stefan\\Desktop\\Iteh\\EbibliotekaV2\\vendor\\laravel\\framework\\src\\Illuminate\\Session\\Store.php(104): Illuminate\\Session\\Store->readFromHandler()
#13 C:\\Users\\Stefan\\Desktop\\Iteh\\EbibliotekaV2\\vendor\\laravel\\framework\\src\\Illuminate\\Session\\Store.php(88): Illuminate\\Session\\Store->loadSession()
#14 C:\\Users\\Stefan\\Desktop\\Iteh\\EbibliotekaV2\\vendor\\laravel\\framework\\src\\Illuminate\\Session\\Middleware\\StartSession.php(146): Illuminate\\Session\\Store->start()
#15 C:\\Users\\Stefan\\Desktop\\Iteh\\EbibliotekaV2\\vendor\\laravel\\framework\\src\\Illuminate\\Support\\helpers.php(399): Illuminate\\Session\\Middleware\\StartSession->Illuminate\\Session\\Middleware\\{closure}(Object(Illuminate\\Session\\Store))
#16 C:\\Users\\Stefan\\Desktop\\Iteh\\EbibliotekaV2\\vendor\\laravel\\framework\\src\\Illuminate\\Session\\Middleware\\StartSession.php(143): tap(Object(Illuminate\\Session\\Store), Object(Closure))
#17 C:\\Users\\Stefan\\Desktop\\Iteh\\EbibliotekaV2\\vendor\\laravel\\framework\\src\\Illuminate\\Session\\Middleware\\StartSession.php(115): Illuminate\\Session\\Middleware\\StartSession->startSession(Object(Illuminate\\Http\\Request), Object(Illuminate\\Session\\Store))
#18 C:\\Users\\Stefan\\Desktop\\Iteh\\EbibliotekaV2\\vendor\\laravel\\framework\\src\\Illuminate\\Session\\Middleware\\StartSession.php(63): Illuminate\\Session\\Middleware\\StartSession->handleStatefulRequest(Object(Illuminate\\Http\\Request), Object(Illuminate\\Session\\Store), Object(Closure))
#19 C:\\Users\\Stefan\\Desktop\\Iteh\\EbibliotekaV2\\vendor\\laravel\\framework\\src\\Illuminate\\Pipeline\\Pipeline.php(219): Illuminate\\Session\\Middleware\\StartSession->handle(Object(Illuminate\\Http\\Request), Object(Closure))
#20 C:\\Users\\Stefan\\Desktop\\Iteh\\EbibliotekaV2\\vendor\\laravel\\framework\\src\\Illuminate\\Cookie\\Middleware\\AddQueuedCookiesToResponse.php(36): Illuminate\\Pipeline\\Pipeline->Illuminate\\Pipeline\\{closure}(Object(Illuminate\\Http\\Request))
#21 C:\\Users\\Stefan\\Desktop\\Iteh\\EbibliotekaV2\\vendor\\laravel\\framework\\src\\Illuminate\\Pipeline\\Pipeline.php(219): Illuminate\\Cookie\\Middleware\\AddQueuedCookiesToResponse->handle(Object(Illuminate\\Http\\Request), Object(Closure))
#22 C:\\Users\\Stefan\\Desktop\\Iteh\\EbibliotekaV2\\vendor\\laravel\\framework\\src\\Illuminate\\Cookie\\Middleware\\EncryptCookies.php(74): Illuminate\\Pipeline\\Pipeline->Illuminate\\Pipeline\\{closure}(Object(Illuminate\\Http\\Request))
#23 C:\\Users\\Stefan\\Desktop\\Iteh\\EbibliotekaV2\\vendor\\laravel\\framework\\src\\Illuminate\\Pipeline\\Pipeline.php(219): Illuminate\\Cookie\\Middleware\\EncryptCookies->handle(Object(Illuminate\\Http\\Request), Object(Closure))
#24 C:\\Users\\Stefan\\Desktop\\Iteh\\EbibliotekaV2\\vendor\\laravel\\framework\\src\\Illuminate\\Pipeline\\Pipeline.php(137): Illuminate\\Pipeline\\Pipeline->Illuminate\\Pipeline\\{closure}(Object(Illuminate\\Http\\Request))
#25 C:\\Users\\Stefan\\Desktop\\Iteh\\EbibliotekaV2\\vendor\\laravel\\framework\\src\\Illuminate\\Routing\\Router.php(821): Illuminate\\Pipeline\\Pipeline->then(Object(Closure))
#26 C:\\Users\\Stefan\\Desktop\\Iteh\\EbibliotekaV2\\vendor\\laravel\\framework\\src\\Illuminate\\Routing\\Router.php(800): Illuminate\\Routing\\Router->runRouteWithinStack(Object(Illuminate\\Routing\\Route), Object(Illuminate\\Http\\Request))
#27 C:\\Users\\Stefan\\Desktop\\Iteh\\EbibliotekaV2\\vendor\\laravel\\framework\\src\\Illuminate\\Routing\\Router.php(764): Illuminate\\Routing\\Router->runRoute(Object(Illuminate\\Http\\Request), Object(Illuminate\\Routing\\Route))
#28 C:\\Users\\Stefan\\Desktop\\Iteh\\EbibliotekaV2\\vendor\\laravel\\framework\\src\\Illuminate\\Routing\\Router.php(753): Illuminate\\Routing\\Router->dispatchToRoute(Object(Illuminate\\Http\\Request))
#29 C:\\Users\\Stefan\\Desktop\\Iteh\\EbibliotekaV2\\vendor\\laravel\\framework\\src\\Illuminate\\Foundation\\Http\\Kernel.php(200): Illuminate\\Routing\\Router->dispatch(Object(Illuminate\\Http\\Request))
#30 C:\\Users\\Stefan\\Desktop\\Iteh\\EbibliotekaV2\\vendor\\laravel\\framework\\src\\Illuminate\\Pipeline\\Pipeline.php(180): Illuminate\\Foundation\\Http\\Kernel->Illuminate\\Foundation\\Http\\{closure}(Object(Illuminate\\Http\\Request))
#31 C:\\Users\\Stefan\\Desktop\\Iteh\\EbibliotekaV2\\vendor\\laravel\\framework\\src\\Illuminate\\Foundation\\Http\\Middleware\\TransformsRequest.php(21): Illuminate\\Pipeline\\Pipeline->Illuminate\\Pipeline\\{closure}(Object(Illuminate\\Http\\Request))
#32 C:\\Users\\Stefan\\Desktop\\Iteh\\EbibliotekaV2\\vendor\\laravel\\framework\\src\\Illuminate\\Foundation\\Http\\Middleware\\ConvertEmptyStringsToNull.php(31): Illuminate\\Foundation\\Http\\Middleware\\TransformsRequest->handle(Object(Illuminate\\Http\\Request), Object(Closure))
#33 C:\\Users\\Stefan\\Desktop\\Iteh\\EbibliotekaV2\\vendor\\laravel\\framework\\src\\Illuminate\\Pipeline\\Pipeline.php(219): Illuminate\\Foundation\\Http\\Middleware\\ConvertEmptyStringsToNull->handle(Object(Illuminate\\Http\\Request), Object(Closure))
#34 C:\\Users\\Stefan\\Desktop\\Iteh\\EbibliotekaV2\\vendor\\laravel\\framework\\src\\Illuminate\\Foundation\\Http\\Middleware\\TransformsRequest.php(21): Illuminate\\Pipeline\\Pipeline->Illuminate\\Pipeline\\{closure}(Object(Illuminate\\Http\\Request))
#35 C:\\Users\\Stefan\\Desktop\\Iteh\\EbibliotekaV2\\vendor\\laravel\\framework\\src\\Illuminate\\Foundation\\Http\\Middleware\\TrimStrings.php(51): Illuminate\\Foundation\\Http\\Middleware\\TransformsRequest->handle(Object(Illuminate\\Http\\Request), Object(Closure))
#36 C:\\Users\\Stefan\\Desktop\\Iteh\\EbibliotekaV2\\vendor\\laravel\\framework\\src\\Illuminate\\Pipeline\\Pipeline.php(219): Illuminate\\Foundation\\Http\\Middleware\\TrimStrings->handle(Object(Illuminate\\Http\\Request), Object(Closure))
#37 C:\\Users\\Stefan\\Desktop\\Iteh\\EbibliotekaV2\\vendor\\laravel\\framework\\src\\Illuminate\\Http\\Middleware\\ValidatePostSize.php(27): Illuminate\\Pipeline\\Pipeline->Illuminate\\Pipeline\\{closure}(Object(Illuminate\\Http\\Request))
#38 C:\\Users\\Stefan\\Desktop\\Iteh\\EbibliotekaV2\\vendor\\laravel\\framework\\src\\Illuminate\\Pipeline\\Pipeline.php(219): Illuminate\\Http\\Middleware\\ValidatePostSize->handle(Object(Illuminate\\Http\\Request), Object(Closure))
#39 C:\\Users\\Stefan\\Desktop\\Iteh\\EbibliotekaV2\\vendor\\laravel\\framework\\src\\Illuminate\\Foundation\\Http\\Middleware\\PreventRequestsDuringMaintenance.php(109): Illuminate\\Pipeline\\Pipeline->Illuminate\\Pipeline\\{closure}(Object(Illuminate\\Http\\Request))
#40 C:\\Users\\Stefan\\Desktop\\Iteh\\EbibliotekaV2\\vendor\\laravel\\framework\\src\\Illuminate\\Pipeline\\Pipeline.php(219): Illuminate\\Foundation\\Http\\Middleware\\PreventRequestsDuringMaintenance->handle(Object(Illuminate\\Http\\Request), Object(Closure))
#41 C:\\Users\\Stefan\\Desktop\\Iteh\\EbibliotekaV2\\vendor\\laravel\\framework\\src\\Illuminate\\Http\\Middleware\\HandleCors.php(48): Illuminate\\Pipeline\\Pipeline->Illuminate\\Pipeline\\{closure}(Object(Illuminate\\Http\\Request))
#42 C:\\Users\\Stefan\\Desktop\\Iteh\\EbibliotekaV2\\vendor\\laravel\\framework\\src\\Illuminate\\Pipeline\\Pipeline.php(219): Illuminate\\Http\\Middleware\\HandleCors->handle(Object(Illuminate\\Http\\Request), Object(Closure))
#43 C:\\Users\\Stefan\\Desktop\\Iteh\\EbibliotekaV2\\vendor\\laravel\\framework\\src\\Illuminate\\Http\\Middleware\\TrustProxies.php(58): Illuminate\\Pipeline\\Pipeline->Illuminate\\Pipeline\\{closure}(Object(Illuminate\\Http\\Request))
#44 C:\\Users\\Stefan\\Desktop\\Iteh\\EbibliotekaV2\\vendor\\laravel\\framework\\src\\Illuminate\\Pipeline\\Pipeline.php(219): Illuminate\\Http\\Middleware\\TrustProxies->handle(Object(Illuminate\\Http\\Request), Object(Closure))
#45 C:\\Users\\Stefan\\Desktop\\Iteh\\EbibliotekaV2\\vendor\\laravel\\framework\\src\\Illuminate\\Foundation\\Http\\Middleware\\InvokeDeferredCallbacks.php(22): Illuminate\\Pipeline\\Pipeline->Illuminate\\Pipeline\\{closure}(Object(Illuminate\\Http\\Request))
#46 C:\\Users\\Stefan\\Desktop\\Iteh\\EbibliotekaV2\\vendor\\laravel\\framework\\src\\Illuminate\\Pipeline\\Pipeline.php(219): Illuminate\\Foundation\\Http\\Middleware\\InvokeDeferredCallbacks->handle(Object(Illuminate\\Http\\Request), Object(Closure))
#47 C:\\Users\\Stefan\\Desktop\\Iteh\\EbibliotekaV2\\vendor\\laravel\\framework\\src\\Illuminate\\Http\\Middleware\\ValidatePathEncoding.php(26): Illuminate\\Pipeline\\Pipeline->Illuminate\\Pipeline\\{closure}(Object(Illuminate\\Http\\Request))
#48 C:\\Users\\Stefan\\Desktop\\Iteh\\EbibliotekaV2\\vendor\\laravel\\framework\\src\\Illuminate\\Pipeline\\Pipeline.php(219): Illuminate\\Http\\Middleware\\ValidatePathEncoding->handle(Object(Illuminate\\Http\\Request), Object(Closure))
#49 C:\\Users\\Stefan\\Desktop\\Iteh\\EbibliotekaV2\\vendor\\laravel\\framework\\src\\Illuminate\\Pipeline\\Pipeline.php(137): Illuminate\\Pipeline\\Pipeline->Illuminate\\Pipeline\\{closure}(Object(Illuminate\\Http\\Request))
#50 C:\\Users\\Stefan\\Desktop\\Iteh\\EbibliotekaV2\\vendor\\laravel\\framework\\src\\Illuminate\\Foundation\\Http\\Kernel.php(175): Illuminate\\Pipeline\\Pipeline->then(Object(Closure))
#51 C:\\Users\\Stefan\\Desktop\\Iteh\\EbibliotekaV2\\vendor\\laravel\\framework\\src\\Illuminate\\Foundation\\Http\\Kernel.php(144): Illuminate\\Foundation\\Http\\Kernel->sendRequestThroughRouter(Object(Illuminate\\Http\\Request))
#52 C:\\Users\\Stefan\\Desktop\\Iteh\\EbibliotekaV2\\vendor\\laravel\\framework\\src\\Illuminate\\Foundation\\Application.php(1219): Illuminate\\Foundation\\Http\\Kernel->handle(Object(Illuminate\\Http\\Request))
#53 C:\\Users\\Stefan\\Desktop\\Iteh\\EbibliotekaV2\\public\\index.php(20): Illuminate\\Foundation\\Application->handleRequest(Object(Illuminate\\Http\\Request))
#54 C:\\Users\\Stefan\\Desktop\\Iteh\\EbibliotekaV2\\vendor\\laravel\\framework\\src\\Illuminate\\Foundation\\resources\\server.php(23): require_once('C:\\\\Users\\\\Stefan...')
#55 {main}
"} 
